t,Omega1,Omega2,Omega3,Omega4
0,8002.3105386605,8002.3105386605,8002.3105386605,8002.3105386605
0.200000635147186,8002.3105386605,8002.3105386605,8002.3105386605,8002.3105386605
0.400001270294373,8002.3105386605,8002.3105386605,8002.3105386605,8002.3105386605
0.600001905441559,8002.3105386605,8002.3105386605,8002.3105386605,8002.3105386605
0.800002540588746,8002.3105386605,8002.3105386605,8002.3105386605,8002.3105386605
1.00000317573593,8002.3105386605,8002.3105386605,8002.3105386605,8002.3105386605
1.20000381088312,8002.3105386605,8002.3105386605,8002.3105386605,8002.3105386605
1.40000444603031,8002.3105386605,8002.3105386605,8002.3105386605,8002.3105386605
1.60000508117749,8002.3105386605,8002.3105386605,8002.3105386605,8002.3105386605
1.80000571632468,8002.3105386605,8002.3105386605,8002.3105386605,8002.3105386605
2.00000635147186,8002.3105386605,8002.3105386605,8002.3105386605,8002.3105386605
2.20000698661905,8002.3105386605,8002.3105386605,8002.3105386605,8002.3105386605
2.40000762176624,8002.3105386605,8002.3105386605,8002.3105386605,8002.3105386605
2.60000825691342,8002.3105386605,8002.3105386605,8002.3105386605,8002.3105386605
2.80000889206061,8002.3105386605,8002.3105386605,8002.3105386605,8002.3105386605
3.0000095272078,8002.3105386605,8002.3105386605,8002.3105386605,8002.3105386605
3.20001016235498,8002.3105386605,8002.3105386605,8002.3105386605,8002.3105386605
3.40001079750217,8002.3105386605,8002.3105386605,8002.3105386605,8002.3105386605
3.60001143264936,8002.3105386605,8002.3105386605,8002.3105386605,8002.3105386605
3.80001206779654,8002.3105386605,8002.3105386605,8002.3105386605,8002.3105386605
4.00001270294373,8002.3105386605,8002.3105386605,8002.3105386605,8002.3105386605
4.20001333809092,8002.3105386605,8002.3105386605,8002.3105386605,8002.3105386605
4.4000139732381,8002.3105386605,8002.3105386605,8002.3105386605,8002.3105386605
4.60001460838529,8002.3105386605,8002.3105386605,8002.3105386605,8002.3105386605
4.80001524353248,8002.3105386605,8002.3105386605,8002.3105386605,8002.3105386605
5.00001587867966,8002.3105386605,8002.3105386605,8002.3105386605,8002.3105386605
5.20001651382685,8002.3105386605,8002.3105386605,8002.3105386605,8002.3105386605
5.40001714897403,8002.3105386605,8002.3105386605,8002.3105386605,8002.3105386605
5.60001778412122,8002.3105386605,8002.3105386605,8002.3105386605,8002.3105386605
5.80001841926841,8002.3105386605,8002.3105386605,8002.3105386605,8002.3105386605
6.00001905441559,8002.3105386605,8002.3105386605,8002.3105386605,8002.3105386605
6.20001968956278,8002.3105386605,8002.3105386605,8002.3105386605,8002.3105386605
6.40002032470997,8002.3105386605,8002.3105386605,8002.3105386605,8002.3105386605
6.60002095985715,8002.3105386605,8002.3105386605,8002.3105386605,8002.3105386605
6.80002159500434,8002.3105386605,8002.3105386605,8002.3105386605,8002.3105386605
7.00002223015153,8002.3105386605,8002.3105386605,8002.3105386605,8002.3105386605
7.20002286529871,8002.3105386605,8002.3105386605,8002.3105386605,8002.3105386605
7.4000235004459,8002.3105386605,8002.3105386605,8002.3105386605,8002.3105386605
7.60002413559309,8002.3105386605,8002.3105386605,8002.3105386605,8002.3105386605
7.80002477074027,8002.3105386605,8002.3105386605,8002.3105386605,8002.3105386605
8.00002540588746,8002.3105386605,8002.3105386605,8002.3105386605,8002.3105386605
8.20002604103465,8002.3105386605,8002.3105386605,8002.3105386605,8002.3105386605
8.40002667618183,8002.3105386605,8002.3105386605,8002.3105386605,8002.3105386605
8.60002731132902,8002.3105386605,8002.3105386605,8002.3105386605,8002.3105386605
8.8000279464762,8002.3105386605,8002.3105386605,8002.3105386605,8002.3105386605
9.00002858162339,8002.3105386605,8002.3105386605,8002.3105386605,8002.3105386605
9.20002921677058,8002.3105386605,8002.3105386605,8002.3105386605,8002.3105386605
9.40002985191776,8002.3105386605,8002.3105386605,8002.3105386605,8002.3105386605
9.60003048706495,8002.3105386605,8002.3105386605,8002.3105386605,8002.3105386605
9.80003112221214,8002.3105386605,8002.3105386605,8002.3105386605,8002.3105386605
10.0000317573593,8002.3105386605,8002.3105386605,8002.3105386605,8002.3105386605
10.2000323925065,8002.3105386605,8002.3105386605,8002.3105386605,8002.3105386605
10.4000330276537,8002.3105386605,8002.3105386605,8002.3105386605,8002.3105386605
10.6000336628009,8002.3105386605,8002.3105386605,8002.3105386605,8002.3105386605
10.8000342979481,8002.3105386605,8002.3105386605,8002.3105386605,8002.3105386605
11.0000349330953,8002.3105386605,8002.3105386605,8002.3105386605,8002.3105386605
11.2000355682424,8002.3105386605,8002.3105386605,8002.3105386605,8002.3105386605
11.4000362033896,8002.3105386605,8002.3105386605,8002.3105386605,8002.3105386605
11.6000368385368,8002.3105386605,8002.3105386605,8002.3105386605,8002.3105386605
11.800037473684,8002.3105386605,8002.3105386605,8002.3105386605,8002.3105386605
12.0000381088312,8002.3105386605,8002.3105386605,8002.3105386605,8002.3105386605
12.2000387439784,8002.3105386605,8002.3105386605,8002.3105386605,8002.3105386605
12.4000393791256,8002.3105386605,8002.3105386605,8002.3105386605,8002.3105386605
12.6000400142727,8002.3105386605,8002.3105386605,8002.3105386605,8002.3105386605
12.8000406494199,8002.3105386605,8002.3105386605,8002.3105386605,8002.3105386605
13.0000412845671,8002.3105386605,8002.3105386605,8002.3105386605,8002.3105386605
13.2000419197143,8002.3105386605,8002.3105386605,8002.3105386605,8002.3105386605
13.4000425548615,8002.3105386605,8002.3105386605,8002.3105386605,8002.3105386605
13.6000431900087,8002.3105386605,8002.3105386605,8002.3105386605,8002.3105386605
13.8000438251559,8002.3105386605,8002.3105386605,8002.3105386605,8002.3105386605
14.0000444603031,8002.3105386605,8002.3105386605,8002.3105386605,8002.3105386605
14.2000450954502,8002.3105386605,8002.3105386605,8002.3105386605,8002.3105386605
14.4000457305974,8002.3105386605,8002.3105386605,8002.3105386605,8002.3105386605
14.6000463657446,8002.3105386605,8002.3105386605,8002.3105386605,8002.3105386605
14.8000470008918,8002.3105386605,8002.3105386605,8002.3105386605,8002.3105386605
15.000047636039,8002.3105386605,8002.3105386605,8002.3105386605,8002.3105386605
15.2000482711862,8002.3105386605,8002.3105386605,8002.3105386605,8002.3105386605
15.4000489063334,8002.3105386605,8002.3105386605,8002.3105386605,8002.3105386605
15.6000495414805,8002.3105386605,8002.3105386605,8002.3105386605,8002.3105386605
15.8000501766277,8002.3105386605,8002.3105386605,8002.3105386605,8002.3105386605
16.0000508117749,8002.3105386605,8002.3105386605,8002.3105386605,8002.3105386605
16.2000514469221,8002.3105386605,8002.3105386605,8002.3105386605,8002.3105386605
16.4000520820693,8002.3105386605,8002.3105386605,8002.3105386605,8002.3105386605
16.6000527172165,8002.3105386605,8002.3105386605,8002.3105386605,8002.3105386605
16.8000533523637,8002.3105386605,8002.3105386605,8002.3105386605,8002.3105386605
17.0000539875108,8002.3105386605,8002.3105386605,8002.3105386605,8002.3105386605
17.200054622658,8002.3105386605,8002.3105386605,8002.3105386605,8002.3105386605
17.4000552578052,8002.3105386605,8002.3105386605,8002.3105386605,8002.3105386605
17.6000558929524,8002.3105386605,8002.3105386605,8002.3105386605,8002.3105386605
17.8000565280996,8002.3105386605,8002.3105386605,8002.3105386605,8002.3105386605
18.0000571632468,8002.3105386605,8002.3105386605,8002.3105386605,8002.3105386605
18.200057798394,8002.3105386605,8002.3105386605,8002.3105386605,8002.3105386605
18.4000584335412,8002.3105386605,8002.3105386605,8002.3105386605,8002.3105386605
18.6000590686883,8002.3105386605,8002.3105386605,8002.3105386605,8002.3105386605
18.8000597038355,8002.3105386605,8002.3105386605,8002.3105386605,8002.3105386605
19.0000603389827,8002.3105386605,8002.3105386605,8002.3105386605,8002.3105386605
19.2000609741299,8002.3105386605,8002.3105386605,8002.3105386605,8002.3105386605
19.4000616092771,8002.3105386605,8002.3105386605,8002.3105386605,8002.3105386605
19.6000622444243,8002.3105386605,8002.3105386605,8002.3105386605,8002.3105386605
19.8000628795715,8002.3105386605,8002.3105386605,8002.3105386605,8002.3105386605
20.0000635147186,8002.3105386605,8002.3105386605,8002.3105386605,8002.3105386605
20.2000641498658,8002.3105386605,8002.3105386605,8002.3105386605,8002.3105386605
20.400064785013,8002.3105386605,8002.3105386605,8002.3105386605,8002.3105386605
20.6000654201602,8002.3105386605,8002.3105386605,8002.3105386605,8002.3105386605
20.8000660553074,8002.3105386605,8002.3105386605,8002.3105386605,8002.3105386605
21.0000666904546,8002.3105386605,8002.3105386605,8002.3105386605,8002.3105386605
21.2000673256018,8002.3105386605,8002.3105386605,8002.3105386605,8002.3105386605
21.400067960749,8002.3105386605,8002.3105386605,8002.3105386605,8002.3105386605
21.6000685958961,8002.3105386605,8002.3105386605,8002.3105386605,8002.3105386605
21.8000692310433,8002.3105386605,8002.3105386605,8002.3105386605,8002.3105386605
22.0000698661905,8002.3105386605,8002.3105386605,8002.3105386605,8002.3105386605
22.2000705013377,8002.3105386605,8002.3105386605,8002.3105386605,8002.3105386605
22.4000711364849,8002.3105386605,8002.3105386605,8002.3105386605,8002.3105386605
22.6000717716321,8002.3105386605,8002.3105386605,8002.3105386605,8002.3105386605
22.8000724067793,8002.3105386605,8002.3105386605,8002.3105386605,8002.3105386605
23.0000730419264,8002.3105386605,8002.3105386605,8002.3105386605,8002.3105386605
23.2000736770736,8002.3105386605,8002.3105386605,8002.3105386605,8002.3105386605
23.4000743122208,8002.3105386605,8002.3105386605,8002.3105386605,8002.3105386605
23.600074947368,8002.3105386605,8002.3105386605,8002.3105386605,8002.3105386605
23.8000755825152,8002.3105386605,8002.3105386605,8002.3105386605,8002.3105386605
24.0000762176624,8002.3105386605,8002.3105386605,8002.3105386605,8002.3105386605
24.2000768528096,8002.3105386605,8002.3105386605,8002.3105386605,8002.3105386605
24.4000774879567,8002.3105386605,8002.3105386605,8002.3105386605,8002.3105386605
24.6000781231039,8002.3105386605,8002.3105386605,8002.3105386605,8002.3105386605
24.8000787582511,8002.3105386605,8002.3105386605,8002.3105386605,8002.3105386605
25.0000793933983,8002.3105386605,8002.3105386605,8002.3105386605,8002.3105386605
25.2000800285455,8002.31053866035,8002.31053865878,8002.31053866139,8002.31053866164
25.4000806636927,8002.30966129263,8002.30004864768,8002.31596124605,8002.31751698224
25.6000812988399,8002.30637768144,8002.25977935606,8002.33676042086,8002.34432614813
25.8000819339871,8002.29947216808,8002.17285464609,8002.38161768278,8002.40223446886
26.0000825691342,8002.28801213522,8002.02468131109,8002.4580106513,8002.50100103922
26.2000832042814,8002.27131914113,8001.80281846533,8002.57228240603,8002.64895284796
26.4000838394286,8002.24894148013,8001.49684726477,8002.72971104714,8002.8530634117
26.6000844745758,8002.22062825215,8001.09824161746,8002.93457904224,8003.1190323884
26.800085109723,8002.18630499377,8000.60024046756,8003.19024196904,8003.45136566183
27.0000857448702,8002.14605089701,7999.99772216684,8003.49919630619,8003.85345542571
27.2000863800174,8002.10007761899,7999.28708138319,8003.86314596686,8004.32765983374
27.4000870151645,8002.04870966629,7998.46610893597,8004.28306730841,8004.87538181883
27.6000876503117,8001.99236632146,7997.53387489345,8004.75927238856,8005.49714672114
27.8000882854589,8001.93154506579,7996.49061521766,8005.29147027294,8006.19267840053
28.0000889206061,8001.86680644197,7995.33762219645,8005.87882623041,8006.96097354326
28.2000895557533,8001.79876029208,7994.07713886111,8006.5200186821,8007.80037390647
28.4000901909005,8001.72805330069,7992.71225755061,8007.21329379692,8008.70863627596
28.6000908260477,8001.65535776868,7991.24682274914,8007.95651765055,8009.68299994344
28.8000914611949,8001.58136154144,7989.68533829337,8008.74722588728,8010.72025153875
29.000092096342,8001.50675901425,7988.03287901781,8009.58267084399,8011.81678707992
29.2000927314892,8001.43224313837,7986.2950068816,8010.45986611351,8012.9686711303
29.4000933666364,8001.35849835256,7984.47769159776,8011.37562854055,8014.17169297632
29.6000940017836,8001.28619436753,7982.58723576509,8012.32661765791,8015.42141976215
29.8000946369308,8001.21598073369,7980.63020448489,8013.30937258296,8016.71324653915
30.000095272078,8001.14848212598,7978.6133594278,8014.32034640575,8018.04244320737
30.2000959072252,8001.08429428365,7976.54359730122,8015.35593810976,8019.40419834479
30.4000965423723,8001.02398054694,7974.42789265413,8016.41252207474,8020.7936599365
30.6000971775195,8000.96806893663,7972.2732449439,8017.4864752183,8022.20597303115
30.8000978126667,8000.91704972692,7970.0866297787,8018.57420183948,8023.63631436612
31.0000984478139,8000.87137346624,7967.87495423936,8019.67215623235,8025.07992401483
31.2000990829611,8000.83144940457,7965.64501617513,8020.77686314256,8026.53213412099
31.4000997181083,8000.79764428987,7963.40346736053,8021.88493614313,8027.98839479438
31.6001003532555,8000.7702815,7961.15678039272,8022.99309400878,8029.44429725121
31.8001009884026,8000.74964047978,7958.911219203,8024.09817517049,8030.89559428991
32.0001016235498,8000.73595645629,7956.67281305044,8025.1971503335,8032.33821819922
32.200102258697,8000.72942040846,7954.44733386074,8026.28713334335,8033.76829620111
32.4001028938442,8000.73017926946,7952.24027676964,8027.36539038514,8035.18216353535
32.6001035289914,8000.73833634321,7950.0568437268,8028.42934760154,8036.57637429609
32.8001041641386,8000.75395191812,7947.90193001313,8029.47659721496,8037.9477101334
33.0001047992858,8000.77704406334,7945.78011352294,8030.50490223896,8039.29318693477
33.200105434433,8000.80758959427,7943.69564666052,8031.51219986314,8040.61005960245
33.4001060695801,8000.84552519561,7941.6524507,8032.49660359468,8041.89582504343
33.6001067047273,8000.89074869138,7939.6541124573,8033.45640423871,8043.14822348818
33.8001073398745,8000.94312045227,7937.70388312288,8034.39006979797,8044.3652382543
34.0001079750217,8001.00246493158,7935.80467910523,8035.29624437073,8045.54509406935
34.2001086101689,8001.0685723216,7933.95908473615,8036.1737461241,8046.68625406608
34.4001092453161,8001.14120032253,7932.16935669069,8037.02156441791,8047.78741556103
34.6001098804633,8001.2200760168,7930.43742997705,8037.83885615238,8048.84750472519
34.8001105156104,8001.30488875708,7928.76491886817,8038.62495262414,8049.86567674236
35.0001111507576,8001.3953159589,7927.1531425733,8039.37932525033,8050.84129158778
35.2001117859048,8001.49100816,7925.60312285387,8040.1016010795,8051.77391827973
35.400112421052,8001.59169099034,7924.1141243932,8040.79223852934,8052.66420527975
35.6001130561992,8001.69718602585,7922.6839075228,8041.45239608406,8053.51370453191
35.8001136913464,8001.80732119278,7921.31031483434,8042.0831897587,8054.32391110354
36.0001143264936,8001.92193054376,7919.99126815757,8042.68569465619,8055.09626526845
36.2001149616408,8002.04085404164,7918.72476564948,8043.26094646727,8055.83215451396
36.4001155967879,8002.16393735067,7917.50887899053,8043.80994291543,8056.5329154743
36.6001162319351,8002.29103163493,7916.34175068399,8044.33364514877,8057.1998357934
36.8001168670823,8002.42199336375,7915.22159145454,8044.83297908093,8057.83415591938
37.0001175022295,8002.55668412384,7914.14667774256,8045.3088366828,8058.43707083343
37.2001181373767,8002.69497043797,7913.11534929046,8045.76207722686,8059.00973171539
37.4001187725239,8002.83672358996,7912.12600681774,8046.19352848588,8059.55324754837
37.6001194076711,8002.98181945582,7911.17710978141,8046.60398788776,8060.06868666462
37.8001200428182,8003.13013834074,7910.26717421877,8046.9942236279,8060.55707823486
38.0001206779654,8003.28156482183,7909.3947706694,8047.36497574091,8061.01941370305
38.2001213131126,8003.43598759638,7908.55852217345,8047.71695713293,8061.4566481687
38.4001219482598,8003.5932993354,7907.75710234353,8048.05085457619,8061.86970171851
38.600122583407,8003.75339654239,7906.98923350735,8048.36732966703,8062.25946070932
38.8001232185542,8003.91617941703,7906.25368491857,8048.66701974883,8062.62677900406
39.0001238537014,8004.08155172364,7905.54927103346,8048.95053880118,8062.97247916246
39.2001244888485,8004.2494206644,7904.8748498507,8049.21847829628,8063.29735358817
39.4001251239957,8004.41969675691,7904.22932131232,8049.47140802412,8063.60216563388
39.6001257591429,8004.59229371615,7903.61162576318,8049.70987688731,8063.88765066595
39.8001263942901,8004.76712834063,7903.0207424672,8049.9344136668,8064.15451709007
40.0001270294373,8004.94412040247,7902.45568817795,8050.14552775952,8064.40344733939
40.2001276645845,8005.12319254151,7901.91551576183,8050.34370988898,8064.63509882642
40.4001282997317,8005.30427016305,7901.39931287169,8050.52943278986,8064.85010486005
40.6001289348789,8005.48728133926,7900.90620066933,8050.70315186739,8065.04907552907
40.800129570026,8005.67215671411,7900.43533259476,8050.86530583272,8065.23259855322
41.0001302051732,8005.85882941165,7899.98589318071,8051.01631731484,8065.40124010315
41.2001308403204,8006.0472349475,7899.55709691072,8051.15659345019,8065.55554559029
41.4001314754676,8006.23731114357,7899.14818711912,8051.28652645054,8065.69604042783
41.6001321106148,8006.42899804573,7898.7584349314,8051.40649415018,8065.82323076376
41.800132745762,8006.62223784446,7898.38713824352,8051.51686053295,8065.93760418714
42.0001333809092,8006.81697479828,7898.0336207387,8051.61797623998,8066.03963040838
42.2001340160563,8007.01315515993,7897.6972309403,8051.71017905882,8066.12976191472
42.4001346512035,8007.21072710517,7897.37734129952,8051.79379439466,8066.20843460159
42.6001352863507,8007.40964066406,7897.07334731654,8051.8691357242,8066.27606838091
42.8001359214979,8007.60984765481,7896.78466669405,8051.936505033,8066.33306776702
43.0001365566451,8007.81130161983,7896.5107385217,8051.99619323669,8066.37982244124
43.2001371917923,8008.01395776418,7896.25102249068,8052.04848058677,8066.41670779562
43.4001378269395,8008.21777289613,7896.00499813702,8052.09363706159,8066.44408545689
43.6001384620867,8008.42270536989,7895.77216411271,8052.13192274289,8066.46230379112
43.8001390972338,8008.62871503038,7895.55203748364,8052.16358817862,8066.47169838989
44.000139732381,8008.83576315988,7895.34415305328,8052.18887473248,8066.47259253869
44.2001403675282,8009.04381242674,7895.14806271117,8052.2080149205,8066.46529766814
44.4001410026754,8009.25282683574,7894.9633348054,8052.22123273549,8066.45011378859
44.6001416378226,8009.46277168039,7894.78955353812,8052.2287439594,8066.42732990892
44.8001422729698,8009.67361349677,7894.62631838322,8052.23075646437,8066.39722443989
45.0001429081169,8009.88532001915,7894.47324352542,8052.22747050268,8066.36006558276
45.2001435432641,8010.0978601371,7894.32995731996,8052.21907898607,8066.31611170363
45.4001441784113,8010.31120385423,7894.19610177216,8052.20576775482,8066.26561169408
45.6001448135585,8010.52532224824,7894.07133203601,8052.18771583701,8066.20880531855
45.8001454487057,8010.7401874326,7893.95531593131,8052.16509569822,8066.1459235491
46.0001460838529,8010.9557725194,7893.84773347839,8052.13807348211,8066.0771888877
46.2001467190001,8011.17205158371,7893.74827645006,8052.10680924215,8066.00281567693
46.4001473541473,8011.38899962906,7893.6566479399,8052.0714571649,8065.92301039909
46.6001479892944,8011.60659255421,7893.57256194651,8052.03216578507,8065.83797196449
46.8001486244416,8011.82480712116,7893.49574297294,8051.98907819269,8065.74789198909
47.0001492595888,8012.04362092423,7893.42592564087,8051.94233223273,8065.65295506201
47.200149894736,8012.26301236024,7893.36285431899,8051.89206069734,8065.55333900317
47.4001505298832,8012.48296059983,7893.30628276499,8051.83839151111,8065.44921511155
47.6001511650304,8012.70344555974,7893.25597378068,8051.78144790947,8065.34074840429
47.8001518001776,8012.9244478761,7893.21169887985,8051.72134861063,8065.22809784711
48.0001524353248,8013.14594887864,7893.17323796826,8051.65820798112,8065.11141657615
48.2001530704719,8013.36793056593,7893.1403790354,8051.59213619534,8064.99085211182
48.4001537056191,8013.59037558136,7893.11291785761,8051.52323938924,8064.86654656468
48.6001543407663,8013.8132671901,7893.09065771206,8051.45161980836,8064.73863683387
48.8001549759135,8014.03658925677,7893.07340910123,8051.37737595041,8064.60725479821
49.0001556110607,8014.26032622406,7893.06098948755,8051.30060270271,8064.47252750031
49.2001562462079,8014.48446309195,7893.05322303777,8051.2213914745,8064.33457732394
49.4001568813551,8014.70898539778,7893.0499403767,8051.13983032445,8064.19352216485
49.6001575165022,8014.933879197,7893.05097835001,8051.05600408349,8064.04947559538
49.8001581516494,8015.15913104461,7893.05617979575,8050.96999447313,8063.90254702303
50.0001587867966,8015.38472797727,7893.06539332425,8050.88188021943,8063.75284184317
50.2001594219438,8015.61065749601,7893.0784731061,8050.79173716283,8063.60046158619
50.400160057091,8015.83690754967,7893.09527866793,8050.69963836392,8063.44550405924
50.6001606922382,8016.06346651875,7893.11567469568,8050.60565420531,8063.28806348279
50.8001613273854,8016.29032320005,7893.13953084513,8050.50985248987,8063.12823062214
51.0001619625325,8016.51746679167,7893.16672155931,8050.41229853524,8062.96609291416
51.2001625976797,8016.74488687867,7893.19712589269,8050.31305526494,8062.80173458936
51.4001632328269,8016.97257341921,7893.23062734184,8050.21218329616,8062.63523678946
51.6001638679741,8017.20051673113,7893.26711368219,8050.10974102428,8062.46667768067
51.8001645031213,8017.42870747914,7893.30647681097,8050.00578470431,8062.29613256284
52.0001651382685,8017.65713666232,7893.34861259573,8049.90036852939,8062.12367397457
52.2001657734157,8017.88579560213,7893.39342072857,8049.79354470632,8061.94937179446
52.4001664085629,8018.11467593094,7893.44080458562,8049.68536352844,8061.77329333871
52.60016704371,8018.34376958078,7893.49067109177,8049.5758734457,8061.59550345504
52.8001676788572,8018.57306877267,7893.54293059032,8049.46512113228,8061.41606461326
53.0001683140044,8018.80256600623,7893.59749671737,8049.35315155169,8061.23503699248
53.2001689491516,8019.03225404971,7893.65428628095,8049.24000801944,8061.0524785651
53.4001695842988,8019.26212593031,7893.71321914446,8049.12573226351,8060.86844517777
53.600170219446,8019.49217492499,7893.77421811449,8049.01036448249,8060.68299062931
53.8001708545932,8019.72239455142,7893.83720883267,8048.89394340167,8060.49616674588
54.0001714897403,8019.95277855941,7893.9021196716,8048.77650632704,8060.30802345326
54.2001721248875,8020.18332092255,7893.96888163447,8048.65808919733,8060.11860884659
54.4001727600347,8020.41401583022,7894.03742825851,8048.53872663412,8059.92796925751
54.6001733951819,8020.64485767982,7894.10769552187,8048.41845199013,8059.73614931882
54.8001740303291,8020.87584106932,7894.17962175397,8048.29729739574,8059.54319202678
55.0001746654763,8021.1069607901,7894.25314754916,8048.17529380376,8059.34913880117
55.2001753006235,8021.33821181994,7894.32821568352,8048.05247103265,8059.15402954307
55.4001759357707,8021.56958931643,7894.4047710347,8047.92885780808,8058.95790269057
55.6001765709178,8021.80108861043,7894.48276050478,8047.80448180297,8058.76079527246
55.800177206065,8022.03270519992,7894.56213294586,8047.67936967612,8058.56274295987
56.0001778412122,8022.26443474398,7894.64283908849,8047.55354710935,8058.36378011607
56.2001784763594,8022.49627305702,7894.72483147261,8047.42703884334,8058.16393984448
56.4001791115066,8022.72821610318,7894.80806438116,8047.29986871212,8057.96325403483
56.6001797466538,8022.96025999102,7894.892493776,8047.17205967629,8057.76175340771
56.800180381801,8023.19240096826,7894.97807723631,8047.04363385507,8057.5594675574
57.0001810169481,8023.42463541686,7895.06477389909,8046.91461255712,8057.35642499326
57.2001816520953,8023.65695984817,7895.15254440205,8046.78501631026,8057.15265317942
57.4001822872425,8023.88937089827,7895.24135082841,8046.65486489011,8056.94817857322
57.6001829223897,8024.12186532355,7895.33115665384,8046.52417734762,8056.74302666204
57.8001835575369,8024.35443999634,7895.42192669532,8046.39297203568,8056.53722199895
58.0001841926841,8024.58709190076,7895.51362706184,8046.26126663469,8056.33078823694
58.2001848278313,8024.81981812877,7895.606225107,8046.12907817723,8056.12374816193
58.4001854629784,8025.05261587619,7895.69968938323,8045.99642307177,8055.91612372459
58.6001860981256,8025.28548243907,7895.79398959782,8045.86331712558,8055.70793607096
58.8001867332728,8025.51841521005,7895.88909657045,8045.72977556677,8055.49920557197
59.00018736842,8025.7514116749,7895.98498219236,8045.59581306549,8055.28995185186
59.2001880035672,8025.98446940918,7896.081619387,8045.46144375444,8055.0801938156
59.4001886387144,8026.21758607503,7896.17898207209,8045.3266812485,8054.86994967519
59.6001892738616,8026.45075941803,7896.27704512312,8045.19153866377,8054.65923697518
59.8001899090088,8026.68398726424,7896.37578433815,8045.05602863584,8054.44807261708
60.0001905441559,8026.9172675173,7896.47517640396,8044.92016333737,8054.23647288294
60.2001911793031,8027.15059815563,7896.57519886337,8044.78395449513,8054.02445345815
60.4001918144503,8027.38397722978,7896.67583008383,8044.64741340628,8053.81202945321
60.6001924495975,8027.6174028598,7896.7770492271,8044.51055095413,8053.59921542491
60.8001930847447,8027.85087323278,7896.87883622008,8044.37337762336,8053.38602539659
61.0001937198919,8028.08438660043,7896.98117172676,8044.23590351457,8053.17247287772
61.2001943550391,8028.31794127675,7897.08403712105,8044.0981383584,8052.95857088275
61.4001949901863,8028.55153563583,7897.18741446079,8043.96009152907,8052.74433194925
61.6001956253334,8028.78516810964,7897.29128646259,8043.82177205746,8052.52976815543
61.8001962604806,8029.01883718599,7897.39563647764,8043.6831886437,8052.31489113695
62.0001968956278,8029.25254140652,7897.50044846839,8043.54434966928,8052.09971210319
62.200197530775,8029.48627936476,7897.60570698613,8043.40526320873,8051.88424185285
62.4001981659222,8029.72004970428,7897.71139714934,8043.26593704089,8051.66849078905
62.6001988010694,8029.95385111686,7897.81750462283,8043.12637865974,8051.4524689338
62.8001994362165,8030.18768234081,7897.92401559773,8042.98659528483,8051.23618594202
63.0002000713637,8030.42154215927,7898.03091677214,8042.84659387137,8051.01965111496
63.2002007065109,8030.65542939857,7898.13819533246,8042.7063811199,8050.80287341319
63.4002013416581,8030.88934292676,7898.24583893554,8042.56596348561,8050.58586146912
63.6002019768053,8031.12328165204,7898.35383569131,8042.42534718737,8050.368623599
63.8002026119525,8031.35724452133,7898.46217414621,8042.28453821638,8050.15116781454
64.0002032470997,8031.59123051892,7898.57084326714,8042.1435423445,8049.93350183405
64.2002038822469,8031.82523866509,7898.67983242596,8042.0023651323,8049.71563309326
64.400204517394,8032.05926801482,7898.78913138471,8041.86101193683,8049.4975687556
64.6002051525412,8032.29331765657,7898.8987302812,8041.71948791905,8049.27931572227
64.8002057876884,8032.52738671104,7899.00861961526,8041.57779805101,8049.0608806418
65.0002064228356,8032.76147433005,7899.1187902354,8041.43594712282,8048.84226991936
65.2002070579828,8032.9955796954,7899.22923332603,8041.29393974927,8048.62348972564
65.40020769313,8033.22970201778,7899.33994039512,8041.1517803763,8048.4045460055
65.6002083282772,8033.46384053578,7899.45090326231,8041.00947328717,8048.18544448621
65.8002089634243,8033.69799451485,7899.56211404746,8040.86702260839,8047.96619068546
66.0002095985715,8033.93216324632,7899.67356515964,8040.72443231556,8047.74678991903
66.2002102337187,8034.16634604653,7899.78524928647,8040.58170623878,8047.52724730821
66.4002108688659,8034.40054225587,7899.89715938393,8040.43884806808,8047.30756778691
66.6002115040131,8034.63475123796,7900.00928866648,8040.29586135853,8047.08775610857
66.8002121391603,8034.86897237879,7900.12163059757,8040.15274953515,8046.86781685274
67.0002127743075,8035.10320508591,7900.23417888051,8040.00951589773,8046.64775443148
67.2002134094546,8035.33744878771,7900.34692744962,8039.86616362538,8046.4275730955
67.4002140446018,8035.57170293258,7900.45987046178,8039.72269578099,8046.20727694008
67.600214679749,8035.80596698829,7900.57300228826,8039.57911531545,8045.98686991076
67.8002153148962,8036.04024044122,7900.68631750682,8039.43542507179,8045.76635580885
68.0002159500434,8036.27452279571,7900.79981089413,8039.29162778913,8045.54573829671
68.2002165851906,8036.50881357346,7900.91347741848,8039.14772610647,8045.32502090283
68.4002172203378,8036.74311231284,7901.02731223273,8039.00372256637,8045.10420702677
68.600217855485,8036.97741856833,7901.14131066752,8038.85961961849,8044.88329994388
68.8002184906321,8037.21173190992,7901.25546822479,8038.71541962299,8044.66230280984
69.0002191257793,8037.44605192258,7901.3697805714,8038.57112485382,8044.44121866507
69.2002197609265,8037.68037820571,7901.48424353316,8038.42673750188,8044.22005043894
69.4002203960737,8037.9147103726,7901.59885308894,8038.28225967804,8043.99880095386
69.6002210312209,8038.14904804995,7901.71360536507,8038.13769341611,8043.77747292918
69.8002216663681,8038.38339087741,7901.8284966299,8037.99304067564,8043.556068985
70.0002223015153,8038.61773850708,7901.94352328863,8037.84830334464,8043.3345916458
70.2002229366625,8038.85209060306,7902.05868187821,8037.70348324224,8043.11304334391
70.4002235718096,8039.08644684105,7902.17396906259,8037.55858212116,8042.89142642297
70.6002242069568,8039.32080690791,7902.28938162799,8037.41360167019,8042.66974314108
70.800224842104,8039.55517050127,7902.40491647841,8037.26854351651,8042.44799567405
71.0002254772512,8039.78953732913,7902.52057063134,8037.12340922796,8042.22618611831
71.2002261123984,8040.0239071095,7902.63634121357,8036.9782003152,8042.00431649391
71.4002267475456,8040.25827957005,7902.7522254572,8036.83291823383,8041.78238874726
71.6002273826928,8040.49265444772,7902.8682206957,8036.68756438638,8041.56040475388
71.8002280178399,8040.72703148845,7902.98432436029,8036.54214012429,8041.33836632093
72.0002286529871,8040.96141044679,7903.10053397626,8036.39664674974,8041.11627518982
72.2002292881343,8041.19579108564,7903.21684715956,8036.25108551751,8040.89413303853
72.4002299232815,8041.43017317593,7903.33326161348,8036.10545763666,8040.67194148396
72.6002305584287,8041.66455649634,7903.44977512539,8035.95976427225,8040.44970208421
72.8002311935759,8041.89894083301,7903.56638556372,8035.81400654692,8040.22741634071
73.0002318287231,8042.13332597926,7903.68309087492,8035.66818554249,8040.00508570025
73.2002324638703,8042.36771173539,7903.79988908062,8035.5223023014,8039.78271155709
73.4002330990174,8042.60209790836,7903.9167782749,8035.3763578282,8039.56029525479
73.6002337341646,8042.83648431158,7904.03375662157,8035.2303530909,8039.33783808811
73.8002343693118,8043.07087076468,7904.15082235165,8035.08428902237,8039.11534130481
74.000235004459,8043.3052570933,7904.26797376087,8034.93816652155,8038.89280610736
74.2002356396062,8043.53964312883,7904.38520920735,8034.79198645475,8038.67023365458
74.4002362747534,8043.77402870825,7904.50252710922,8034.64574965684,8038.44762506329
74.6002369099005,8044.0084136739,7904.61992594252,8034.49945693236,8038.22498140982
74.8002375450477,8044.24279787332,7904.73740423896,8034.35310905671,8038.00230373147
75.0002381801949,8044.477181159,7904.85496058399,8034.20670677712,8037.77959302801
75.2002388153421,8044.71156338828,7904.97259361473,8034.06025081378,8037.55685026299
75.4002394504893,8044.94594442312,7905.09030201813,8033.91374186077,8037.3340763651
75.6002400856365,8045.18032412996,7905.20808452911,8033.76718058702,8037.11127222945
75.8002407207837,8045.41470237954,7905.32593992882,8033.62056763726,8036.88843871879
76.0002413559309,8045.64907904678,7905.44386704294,8033.4739036329,8036.66557666471
76.200241991078,8045.88345401057,7905.56186474,8033.32718917287,8036.44268686877
76.4002426262252,8046.11782715369,7905.67993192987,8033.18042483445,8036.21977010361
76.6002432613724,8046.35219836264,7905.79806756221,8033.03361117406,8035.996827114
76.8002438965196,8046.58656752751,7905.91627062501,8032.88674872806,8035.77385861788
77.0002445316668,8046.82093454184,7906.03454014318,8032.73983801341,8035.55086530732
77.200245166814,8047.05529930252,7906.1528751772,8032.59287952847,8035.32784784951
77.4002458019612,8047.28966170965,7906.2712748218,8032.44587375363,8035.10480688761
77.6002464371084,8047.52402166643,7906.38973820473,8032.29882115195,8034.88174304169
77.8002470722555,8047.75837907905,7906.50826448551,8032.15172216986,8034.65865690956
78.0002477074027,8047.99273385658,7906.62685285431,8032.00457723772,8034.43554906755
78.2002483425499,8048.22708591088,7906.74550253077,8031.85738677041,8034.21242007136
78.4002489776971,8048.46143515648,7906.86421276296,8031.71015116794,8033.98927045677
78.6002496128443,8048.69578151048,7906.98298282631,8031.56287081594,8033.7661007404
78.8002502479915,8048.93012489249,7907.10181202261,8031.41554608622,8033.54291142036
79.0002508831387,8049.16446522451,7907.22069967906,8031.26817733727,8033.31970297702
79.2002515182858,8049.39880243085,7907.33964514733,8031.12076491475,8033.09647587357
79.400252153433,8049.63313643805,7907.45864780262,8030.97330915196,8032.87323055669
79.6002527885802,8049.86746717482,7907.57770704287,8030.82581037028,8032.64996745719
79.8002534237274,8050.10179457191,7907.69682228786,8030.67826887964,8032.42668699051
80.0002540588746,8050.33611856209,7907.81599297843,8030.5306849789,8032.20338955735
80.2002546940218,8050.57043908005,7907.93521857573,8030.38305895629,8031.9800755442
80.400255329169,8050.80475606234,7908.05449856043,8030.23539108976,8031.75674532383
80.6002559643161,8051.03906944729,7908.17383243203,8030.0876816474,8031.53339925584
80.8002565994633,8051.27337917498,7908.29321970818,8029.93993088778,8031.3100376871
81.0002572346105,8051.50768518713,7908.41265992398,8029.79213906031,8031.08666095223
81.2002578697577,8051.74198742706,7908.53215263135,8029.64430640555,8030.86326937407
81.4002585049049,8051.97628583967,7908.65169739844,8029.49643315556,8030.63986326409
81.6002591400521,8052.2105803713,7908.77129380899,8029.34851953421,8030.41644292282
81.8002597751993,8052.44487096979,7908.89094146179,8029.20056575746,8030.19300864022
82.0002604103464,8052.6791575843,7909.01063997013,8029.05257203368,8029.96956069612
82.2002610454936,8052.91344016537,7909.13038896121,8028.90453856391,8029.74609936056
82.4002616806408,8053.14771866481,7909.25018807573,8028.75646554212,8029.52262489414
82.600262315788,8053.38199303568,7909.37003696728,8028.60835315549,8029.29913754839
82.8002629509352,8053.61626323223,7909.48993530196,8028.46020158465,8029.07563756607
83.0002635860824,8053.85052920986,7909.60988275788,8028.31201100391,8028.85212518156
83.2002642212296,8054.08479092509,7909.7298790247,8028.16378158153,8028.62860062108
83.4002648563768,8054.3190483355,7909.84992380325,8028.01551347987,8028.40506410304
83.600265491524,8054.55330139973,7909.97001680509,8027.86720685568,8028.18151583832
83.8002661266711,8054.78755007739,7910.09015775212,8027.71886186027,8027.95795603055
84.0002667618183,8055.02179432905,7910.2103463762,8027.57047863972,8027.73438487635
84.2002673969655,8055.25603411622,7910.3305824188,8027.42205733506,8027.51080256563
84.4002680321127,8055.49026940131,7910.45086563063,8027.27359808245,8027.2872092818
84.6002686672599,8055.72450014755,7910.57119577129,8027.1251010134,8027.06360520202
84.8002693024071,8055.95872631906,7910.69157260898,8026.97656625489,8026.83999049742
85.0002699375543,8056.1929478807,7910.81199592014,8026.82799392957,8026.61636533336
85.2002705727014,8056.42716479815,7910.9324654892,8026.67938415588,8026.39272986958
85.4002712078486,8056.66137703779,7911.05298110821,8026.53073704827,8026.16908426046
85.6002718429958,8056.89558456675,7911.17354257666,8026.38205271728,8025.94542865519
85.800272478143,8057.12978735284,7911.29414970111,8026.23333126972,8025.72176319797
86.0002731132902,8057.36398536452,7911.41480229498,8026.0845728088,8025.49808802817
86.2002737484374,8057.59817857092,7911.53550017832,8025.93577743424,8025.27440328056
86.4002743835845,8057.83236694177,7911.65624317749,8025.78694524245,8025.05070908541
86.6002750187317,8058.0665504474,7911.77703112502,8025.63807632659,8024.82700556871
86.8002756538789,8058.30072905872,7911.89786385931,8025.48917077674,8024.60329285231
87.0002762890261,8058.53490274718,7912.01874122445,8025.34022867997,8024.37957105405
87.2002769241733,8058.76907148479,7912.13966307001,8025.19125012049,8024.15584028794
87.4002775593205,8059.00323524405,7912.26062925082,8025.04223517972,8023.93210066428
87.6002781944677,8059.23739399797,7912.3816396268,8024.89318393643,8023.70835228982
87.8002788296149,8059.47154772004,7912.50269406276,8024.7440964668,8023.48459526785
88.000279464762,8059.7056963842,7912.62379242821,8024.59497284453,8023.26082969835
88.2002800999092,8059.93983996485,7912.74493459722,8024.44581314094,8023.03705567814
88.4002807350564,8060.17397843681,7912.86612044821,8024.29661742505,8022.81327330093
88.6002813702036,8060.40811177531,7912.98734986383,8024.14738576365,8022.58948265749
88.8002820053508,8060.64223995598,7913.10862273078,8023.99811822142,8022.36568383574
89.000282640498,8060.87636295485,7913.22993893967,8023.84881486097,8022.14187692085
89.2002832756452,8061.11048074831,7913.35129838486,8023.69947574291,8021.91806199535
89.4002839107924,8061.34459331309,7913.47270096435,8023.55010092598,8021.6942391392
89.6002845459395,8061.57870062629,7913.59414657964,8023.40069046705,8021.47040842994
89.8002851810867,8061.81280266534,7913.71563513557,8023.25124442124,8021.24656994271
90.0002858162339,8062.04689940796,7913.83716654024,8023.10176284194,8021.02272375039
90.2002864513811,8062.28099083223,7913.95874070487,8022.95224578094,8020.79886992368
90.4002870865283,8062.51507691647,7914.08035754367,8022.8026932884,8020.57500853113
90.6002877216755,8062.74915763934,7914.20201697376,8022.65310541298,8020.35113963928
90.8002883568227,8062.98323297973,7914.32371891505,8022.50348220186,8020.12726331269
91.0002889919698,8063.21730291684,7914.44546329014,8022.35382370083,8019.90337961406
91.200289627117,8063.45136743009,7914.5672500242,8022.20412995428,8019.67948860423
91.4002902622642,8063.68542649916,7914.68907904491,8022.05440100532,8019.45559034232
91.6002908974114,8063.91948010397,7914.81095028235,8021.90463689577,8019.23168488574
91.8002915325586,8064.15352822469,7914.93286366891,8021.75483766625,8019.00777229028
92.0002921677058,8064.38757084168,7915.0548191392,8021.6050033562,8018.78385261016
92.200292802853,8064.62160793552,7915.17681662999,8021.45513400393,8018.55992589809
92.4002934380001,8064.85563948702,7915.29885608011,8021.30522964666,8018.33599220533
92.6002940731473,8065.08966547717,7915.42093743038,8021.15529032057,8018.11205158174
92.8002947082945,8065.32368588714,7915.54306062355,8021.0053160608,8017.88810407582
93.0002953434417,8065.55770069831,7915.66522560419,8020.85530690157,8017.66414973476
93.2002959785889,8065.79170989223,7915.78743231869,8020.7052628761,8017.44018860453
93.4002966137361,8066.02571345062,7915.90968071511,8020.55518401676,8017.21622072987
93.6002972488833,8066.25971135535,7916.03197074319,8020.40507035502,8016.99224615436
93.8002978840304,8066.49370358847,7916.15430235425,8020.25492192153,8016.76826492046
94.0002985191776,8066.72769013219,7916.27667550114,8020.10473874611,8016.54427706956
94.2002991543248,8066.96167096884,7916.39909013821,8019.95452085782,8016.320282642
94.400299789472,8067.19564608092,7916.52154622118,8019.80426828498,8016.09628167712
94.6003004246192,8067.42961545106,7916.64404370719,8019.65398105516,8015.8722742133
94.8003010597664,8067.66357906201,7916.76658255468,8019.50365919526,8015.64826028799
95.0003016949136,8067.89753689667,7916.88916272334,8019.3533027315,8015.42423993774
95.2003023300608,8068.13148893804,7917.01178417411,8019.20291168946,8015.20021319826
95.400302965208,8068.36543516926,7917.1344468691,8019.0524860941,8014.97618010439
95.6003036003551,8068.59937557357,7917.25715077155,8018.90202596977,8014.75214069021
95.8003042355023,8068.83331013434,7917.3798958458,8018.75153134026,8014.52809498899
96.0003048706495,8069.06723883501,7917.50268205724,8018.6010022288,8014.30404303331
96.2003055057967,8069.30116165917,7917.62550937227,8018.45043865808,8014.07998485498
96.4003061409439,8069.53507859048,7917.74837775827,8018.29984065028,8013.85592048515
96.6003067760911,8069.76898961269,7917.87128718356,8018.14920822708,8013.63184995431
96.8003074112383,8070.00289470967,7917.99423761737,8017.99854140969,8013.40777329229
97.0003080463854,8070.23679386535,7918.1172290298,8017.84784021885,8013.18369052833
97.2003086815326,8070.47068706377,7918.24026139178,8017.69710467487,8012.95960169105
97.4003093166798,8070.70457428903,7918.36333467507,8017.54633479763,8012.73550680853
97.600309951827,8070.93845552533,7918.4864488522,8017.39553060658,8012.51140590826
97.8003105869742,8071.17233075693,7918.60960389644,8017.2446921208,8012.28729901724
98.0003112221214,8071.40619996818,7918.7327997818,8017.09381935897,8012.06318616193
98.2003118572685,8071.64006314349,7918.85603648299,8016.94291233942,8011.83906736831
98.4003124924157,8071.87392026734,7918.97931397536,8016.79197108012,8011.61494266189
98.6003131275629,8072.10777132427,7919.10263223495,8016.64099559868,8011.39081206772
98.8003137627101,8072.34161629892,7919.22599123838,8016.48998591241,8011.1666756104
99.0003143978573,8072.57545517594,7919.3493909629,8016.33894203829,8010.94253331411
99.2003150330045,8072.80928794008,7919.47283138633,8016.187863993,8010.71838520265
99.4003156681517,8073.04311457612,7919.59631248704,8016.03675179292,8010.49423129938
99.6003163032989,8073.27693506891,7919.71983424393,8015.88560545417,8010.27007162731
99.800316938446,8073.51074940335,7919.84339663644,8015.73442499255,8010.04590620909
100.000317573593,8073.7445575644,7919.96699964447,8015.58321042366,8009.821735067
121.200384899195,8098.49029327577,7933.2965847276,7999.36346749451,7986.03066460063
142.400452224797,8123.14986550581,7947.07030999127,7982.77295930772,7962.19355610156
163.600519550399,8147.70705401639,7961.27916520116,7965.82247820515,7938.32615210069
184.800586876,8172.14574747041,7975.91406018748,7948.522944533,7914.44404893982
206.000654201602,8196.44993565152,7990.96561849739,7930.88551071904,7890.56283369198
227.200721527204,8220.60372451558,8006.42418188907,7912.92155309434,7866.69807208547
248.400788852806,8244.59135146642,8022.27981909191,7894.64266137958,7842.86529371539
269.600856178407,8268.39720036063,8038.52233490354,7876.06062795511,7819.07997736245
290.800923504009,8292.00581619581,8055.14127952985,7857.18743697872,7795.3575365071
312.000990829611,8315.40191944764,8072.12595814718,7838.03525337529,7771.71330507333
333.201058155213,8338.57042002296,8089.46544066594,7818.61641172246,7748.16252343439
354.401125480814,8361.49643079852,8107.14857167549,7798.94340505553,7724.72032471074
375.601192806416,8384.16528071732,8125.16398054967,7779.0288736149,7701.40172138856
396.801260132018,8406.56252741671,8143.50009169246,7758.88559355866,7678.22159228531
418.00132745762,8428.67396936541,8162.14513490331,7738.52646566243,7655.19466988653
439.201394783221,8450.48565748903,8181.08715584191,7717.96450402794,7632.33552807596
460.401462108823,8471.98390626641,8200.31402657253,7697.2128248209,7609.65857027835
481.601529434425,8493.15530428229,8219.8134561684,7676.28463505807,7587.17801803248
502.801596760027,8513.98672422418,8239.57300135696,7655.19322146219,7564.90790000883
524.001664085628,8534.46533231444,8259.58007718772,7633.95193940277,7542.86204148439
545.20173141123,8554.57859717129,8279.82196770455,7612.57420193938,7521.05405428433
566.401798736832,8574.31429809529,8300.28583660542,7591.07346898324,7499.49732719785
587.601866062434,8593.66053278026,8320.95873787303,7569.46323659146,7478.20501687345
608.801933388036,8612.60572445054,8341.82762636069,7547.7570264075,7457.19003919598
630.002000713637,8631.13862842859,8362.87936831854,7525.96837525985,7436.46506114625
651.202068039239,8649.24833813933,8384.10075184615,7504.11082493023,7416.04249314151
672.402135364841,8666.92478597406,8405.47861345303,7482.19771760567,7395.93404611818
693.602202690443,8684.15867372595,8426.9998454921,7460.24220505169,7376.15078395545
714.802270016045,8700.94012069484,8448.65108753348,7438.25776777228,7356.7043144795
736.002337341646,8717.25960162531,8470.41894165397,7416.2578516338,7337.60596499287
757.202404667248,8733.10794798816,8492.28998108162,7394.2558609812,7318.86677807755
778.40247199285,8748.47635025046,8514.25075973077,7372.26514992414,7300.49750721527
799.602539318451,8763.35636051195,8536.28782179849,7350.29901348163,7282.50861211099
820.802606644053,8777.73989471548,8558.38771121855,7328.37067893042,7264.91025440269
842.002673969655,8791.61923443391,8580.53698096263,7306.49329736573,7247.71229375819
863.202741295257,8804.98702825042,8602.72220218272,7284.67993547677,7230.92428434635
884.402808620859,8817.83629275065,8624.92997318932,7262.94356753806,7214.55547166922
905.60287594646,8830.16041314486,8647.14692826098,7241.29706761719,7198.61478974109
926.802943272062,8841.95314353868,8669.35974628108,7219.75320199928,7183.11085860061
948.003010597664,8853.20860687052,8691.5551591984,7198.32462182746,7168.05198214175
969.203077923265,8863.92129453434,8713.71996030871,7177.0238559586,7153.44614624917
990.403145248867,8874.08606570541,8735.84101235494,7155.86330403301,7139.30101722416
1011.60321257447,8883.6981463866,8757.90525544406,7134.85522975654,7125.62394048713
1032.80327990007,8892.75312819268,8779.89971477934,7114.01175439285,7112.42193954283
1054.00334722567,8901.24696688876,8801.81150820669,7093.34485046418,7099.70171519537
1075.20341455127,8909.17598069918,8823.62785357471,7072.86633565772,7087.46964499963
1096.40348187688,8916.53684840185,8845.33607590786,7052.58786693541,7075.73178293712
1117.60354920248,8923.326607223,8866.92361439281,7032.52093484423,7064.49385930392
1138.80361652808,8929.54265054576,8888.37802917819,7012.67685802441,7053.7612807996
1160.00368385368,8935.18272544605,8909.68700798808,6993.06677791255,7043.53913080616
1181.20375117928,8940.24493006772,8930.83837255004,6973.70165363693,7033.83216984676
1202.40381850489,8944.72771084881,8951.82008483846,6954.59225710186,7024.64483621453
1223.60388583049,8948.62985960945,8972.62025313417,6935.74916825854,7015.98124676255
1244.80395315609,8951.95051051137,8993.22713790162,6917.18277055922,7007.84519784644
1266.00402048169,8954.68913689837,9013.6291574847,6898.90324659197,7000.24016641163
1287.20408780729,8956.84554802621,9033.81489362274,6880.92057389322,6993.16931121821
1308.40415513289,8958.41988568957,9053.77309678803,6863.24452093541,6986.63547419641
1329.6042224585,8959.41262387078,9073.49269208654,6845.88464207051,6980.64117916725
1350.8042897841,8959.82519992159,9092.96293698088,6828.85002355899,6975.18807191255
1372.0043571097,8959.65914039012,9112.17322968769,6812.1496109367,6970.27768960572
1393.2044244353,8958.91581492107,9131.11305001137,6795.79230794127,6965.91167660551
1414.4044917609,8957.59692063167,9149.77207279683,6779.78678751756,6962.09135744601
1435.6045590865,8955.70446651685,9168.14016908186,6764.14149354167,6958.81774949652
1456.80462641211,8953.2407693647,9186.20741022312,6748.86463799462,6956.09156522018
1478.00469373771,8950.20844982768,9203.96407191638,6733.96419820348,6953.91321432877
1499.20476106331,8946.61042842903,9221.40063805317,6719.44791423717,6952.28280603328
1520.40482838891,8942.44992150383,9238.50780441467,6705.32328645642,6951.20015139062
1541.60489571451,8937.73043707764,9255.27648220459,6691.59757321558,6950.6647657438
1562.80496304012,8932.45577068605,9271.6978014232,6678.27778871411,6950.67587125215
1584.00503036572,8926.6300011376,9287.76311408396,6665.37070099548,6951.23239950917
1605.20509769132,8920.25748622296,9303.46399727524,6652.88283009125,6952.33299424536
1626.40516501692,8913.34285837249,9318.79225606873,6640.82044630821,6953.97601411337
1647.60523234252,8905.89102026477,9333.73992627687,6629.18956865607,6956.15953555321
1668.80529966812,8897.90714038805,9348.29927706109,6617.99596341386,6958.8813557353
1690.00536699373,8889.39664855668,9362.46281339314,6607.24514283258,6962.13899557911
1711.20543431933,8880.36523138463,9376.22327837159,6596.94236397183,6965.9297028451
1732.40550164493,8870.81882771778,9389.57365539563,6587.09262766832,6970.25045529812
1753.60556897053,8860.76362402693,9402.50717019829,6577.70067763386,6975.09796394015
1774.80563629613,8850.20604976328,9415.0172927414,6568.77099968072,6980.46867631028
1796.00570362173,8839.15277267815,9427.09773897449,6560.30782107181,6986.35877984994
1817.20577094734,8827.61069410846,9438.7424724597,6552.31510999378,6992.76420533171
1838.40583827294,8815.58694422999,9449.94570586532,6544.79657515027,6999.68063034926
1859.60590559854,8803.08887727972,9460.70190232986,6537.7556654734,7007.10348286697
1880.80597292414,8790.1240667491,9471.00577669924,6531.19556995084,7015.02794482687
1902.00604024974,8776.70030054986,9480.85229663933,6525.11921756633,7023.44895581143
1923.20610757534,8762.82557615394,9490.23668362616,6519.52927735123,7032.36121675969
1944.40617490095,8748.50809570916,9499.15441381613,6514.42815854468,7041.75919373544
1965.60624222655,8733.75626113234,9507.60121879868,6509.81801086002,7051.63712174495
1986.80630955215,8718.57866918113,9515.57308623367,6505.70072485529,7061.98900860281
2008.00637687775,8702.98410650675,9523.06626037596,6502.07793240506,7072.80863884354
2029.20644420335,8686.98154468852,9530.07724248933,6498.95100727159,7084.08957767753
2050.40651152896,8670.58013525218,9536.60279115241,6496.32106577286,7095.82517498901
2071.60657885456,8653.78920467345,9542.6399224588,6494.18896754485,7108.00856937439
2092.80664618016,8636.61824936826,9548.18591011369,6492.55531639615,7120.63269221909
2114.00671350576,8619.07693067125,9553.23828542946,6491.42046125239,7133.69027181098
2135.20678083136,8601.17506980382,9557.79483722251,6490.78449718801,7147.17383748873
2156.40684815696,8582.92264283349,9561.85361161357,6490.64726654342,7161.07572382314
2177.60691548257,8564.32977562567,9565.41291173389,6491.00836012507,7175.38807482979
2198.80698280817,8545.40673878929,9568.47129733953,6491.86711848624,7190.10284821136
2220.00705013377,8526.16394261769,9571.02758433583,6493.22263328644,7205.21181962789
2241.20711745937,8506.61193202601,9573.08084421458,6495.07374872721,7220.70658699319
2262.40718478497,8486.76138148617,9574.63040340566,6497.41906306216,7236.5785747963
2283.60725211058,8466.62308996092,9575.67584254562,6500.25693017929,7252.81903844591
2304.80731943618,8446.20797583772,9576.21699566501,6503.58546125352,7269.41906863662
2326.00738676178,8425.52707186391,9576.25394929677,6507.40252646735,7286.36959573556
2347.20745408738,8404.59152008382,9575.78704150734,6511.70575679794,7303.66139418796
2368.40752141298,8383.41256677893,9574.81686085267,6516.49254586861,7321.28508694048
2389.60758873858,8362.00155741221,9573.34424526106,6521.76005186291,7339.2311498808
2410.80765606419,8340.3699315769,9571.37028084425,6527.50519949973,7357.48991629283
2432.00772338979,8318.52921795115,9568.8963006392,6533.72468206749,7376.0515813257
2453.20779071539,8296.49102925871,9565.92388328153,6540.414963516,7394.90620647641
2474.40785804099,8274.26705723663,9562.45485161283,6547.57228060446,7414.04372408422
2495.60792536659,8251.86906761028,9558.49127122309,6555.19264510391,7433.45394183669
2516.80799269219,8229.30889507654,9554.03544892992,6563.27184605305,7453.12654728607
2538.0080600178,8206.59843829521,9549.08993119587,6571.80545206575,7473.05111237548
2559.2081273434,8183.74965488937,9543.65750248537,6580.78881368937,7493.21709797418
2580.408194669,8160.77455645469,9537.74118356234,6590.21706581236,7513.61385842134
2601.6082619946,8137.68520357825,9531.34422972998,6600.08513012039,7534.23064607772
2622.8083293202,8114.49370086688,9524.47012901357,6610.38771759967,7555.05661588479
2644.00839664581,8091.2121919851,9517.12260028762,6621.11933108679,7576.08082993105
2665.20846397141,8067.85285470299,9509.30559134801,6632.27426786408,7597.29226202493
2686.40853129701,8044.42789595368,9501.0232769304,6643.84662229973,7618.67980227439
2707.60859862261,8020.94954690082,9492.28005667547,6655.83028853206,7640.23226167253
2728.80866594821,7997.43005801553,9483.08055304159,6668.21896319729,7661.93837668966
2750.00873327381,7973.88169416309,9473.42960916606,6681.00614820014,7683.78681387113
2771.20880059942,7950.3167296989,9463.33228667493,6694.18515352712,7705.76617444146
2792.40886792502,7926.74745587923,9452.79386628007,6707.74909542762,7727.86498799027
2813.60893525062,7903.18624224856,9441.81986113061,6721.69087338403,7750.07165859754
2834.80900257622,7879.64537781163,9430.41598005726,6736.00323108245,7772.3746053406
2856.00906990182,7856.13712634968,9418.58813808617,6750.67873767661,7794.76221345816
2877.20913722742,7832.67373713828,9406.34245713039,6765.70978495071,7817.22282561659
2898.40920455303,7809.26743980503,9393.68526342129,6781.08859048815,7839.74474682723
2919.60927187863,7785.93043947814,9380.62308496946,6796.80720077685,7862.316249101
2940.80933920423,7762.67491194741,9367.16264897726,6812.85749435427,7884.92557610557
2962.00940652983,7739.51299883187,9353.31087920184,6829.23118499444,7907.56094783026
2983.20947385543,7716.45680275357,9339.0748932677,6845.91982493735,7930.21056525926
3004.40954118104,7693.51838251715,9324.46199992921,6862.91480816089,7952.86261505348
3025.60960850664,7670.70974829467,9309.47969628199,6880.20737369607,7975.50527424153
3046.80967583224,7648.04285681546,9294.13566492329,6897.78860898575,7998.12671492027
3068.00974315784,7625.52960656049,9278.43777106036,6915.64945328757,8020.71510896531
3089.20981048344,7603.18183296084,9262.3940595665,6933.78070112172,8043.25863275192
3110.40987780904,7581.01130360009,9246.01275198398,6952.17300576414,8065.74547188695
3131.60994513465,7559.02971342005,9229.30224347311,6970.81688278595,8088.16382595204
3152.81001246025,7537.24867992976,9212.27109970675,6989.70271363978,8110.50191325847
3174.01007978585,7515.67973841733,9194.92805370927,7008.82074929387,8132.74797561449
3195.21014711145,7494.33433716445,9177.28200263926,7028.1611139148,8154.89028310505
3216.41021443705,7473.22383266338,9159.34200451482,7047.71380859967,8176.91713888459
3237.61028176265,7452.35948483626,9141.1172748806,7067.46871515874,8198.81688398326
3258.81034908826,7431.75245225666,9122.61718341552,7087.41559994925,8220.57790212675
3280.01041641386,7411.41378737324,9103.85125047999,7107.54411776178,8242.18862457017
3301.21048373946,7391.35443173575,9084.82914360169,7127.84381575967,8263.63753494615
3322.41055106506,7371.58521122322,9065.56067389871,7148.30413747274,8284.91317412741
3343.61061839066,7352.11683127454,9046.05579243878,7168.91442684646,8306.00414510399
3364.81068571627,7332.95987212182,9026.32458653358,7189.66393234714,8326.89911787516
3386.01075304187,7314.12478402655,9006.37727596686,7210.54181112464,8347.58683435617
3407.21082036747,7295.62188251909,8986.22420915507,7231.53713323326,8368.05611329989
3428.41088769307,7277.46134364198,8965.87585923963,7252.6388859118,8388.29585523293
3449.61095501867,7259.65319919735,8945.34282010895,7273.83597792421,8408.2950474067
3470.81102234427,7242.20733199931,8924.6358023499,7295.11724396113,8428.04276876263
3492.01108966988,7225.13347113189,8903.76562912667,7316.47144910374,8447.52819491165
3513.21115699548,7208.4411872133,8882.74323198649,7337.88729335062,8466.74060312738
3534.41122432108,7192.13988766742,8861.57964659058,7359.35341620864,8485.66937735273
3555.61129164668,7176.23881200348,8840.28600836958,7380.85840134838,8504.30401321926
3576.81135897228,7160.74702710494,8818.87354810194,7402.39078132535,8522.63412307895
3598.01142629788,7145.67342252892,8797.35358741475,7423.93904236719,8540.64944104724
3619.21149362349,7131.02670581709,8775.73753420539,7445.49162922803,8558.33982805714
3640.41156094909,7116.81539781971,8754.03687798347,7467.0369501103,8575.69527692307
3661.61162827469,7103.04782803411,8732.26318513204,7488.5633816545,8592.70591741368
3682.81169560029,7089.73212995906,8710.42809408701,7510.05927399783,8609.36202133259
3704.01176292589,7076.87623646697,8688.54331043436,7531.51295590134,8625.65400760582
3725.2118302515,7064.48787519527,8666.62060192407,7552.91273994676,8641.57244737471
3746.4118975771,7052.5745639592,8644.6717934004,7574.24692780247,8657.10806909302
3767.6119649027,7041.14360618755,8622.70876164784,7595.50381555933,8672.25176362662
3788.8120322283,7030.20208638375,8600.74343015229,7616.67169913588,8686.9945893543
3810.0120995539,7019.75686561422,8578.78776377716,7637.73887975337,8701.3277772681
3831.2121668795,7009.81457702611,8556.85376335411,7658.69366948001,8715.2427360713
3852.41223420511,7000.38162139706,8534.95346018825,7679.52439684427,8728.73105727225
3873.61230153071,6991.46416271901,8513.09891047784,7700.21941251702,8741.78452027203
3894.81236885631,6983.06812381879,8491.30218964846,7720.76709506172,8754.39509744403
3916.01243618191,6975.199182018,8469.57538660208,7741.15585675207,8766.55495920304
3937.21250350751,6967.86276483478,8447.93059788103,7761.37414945641,8778.25647906175
3958.41257083311,6961.06404573023,8426.37992174775,7781.41047058794,8789.49223867225
3979.61263815872,6954.80793990241,8404.93545218063,7801.25336911952,8800.25503284997
4000.81270548432,6949.09910013067,8383.60927278682,7820.8914516621,8810.53787457762
4022.01277280992,6943.94191267342,8362.41345063291,7840.31338860531,8820.33399998624
4043.21284013552,6939.34049322231,8341.36002999476,7859.50792031852,8829.63687331076
4064.41290746112,6935.29868291601,8320.46102602723,7878.46386341111,8838.44019181707
4085.61297478673,6931.82004441684,8299.7284183557,7897.17011704975,8846.73789069761
4106.81304211233,6928.90785805354,8279.17414459078,7915.61566933092,8854.52414793229
4128.01310943793,6926.56511803345,8258.81009376778,7933.78960370631,8861.7933891117
4149.21317676353,6924.79452872775,8238.64809971325,7951.68110545911,8868.54029221911
4170.41324408913,6923.59850103318,8218.69993434025,7969.27946822832,8874.75979236781
4191.61331141473,6922.97914881382,8198.97730087508,7986.5741005785,8880.44708649034
4212.81337874034,6922.93828542685,8179.49182701763,8003.55453261232,8885.59763797579
4234.01344606594,6923.47742033587,8160.25505803826,8020.21042262246,8890.20718125146
4255.21351339154,6924.59775581578,8141.278449814,8036.53156377987,8894.27172630486
4276.41358071714,6926.30018375324,8122.57336180712,8052.50789085486,8897.78756314199
4297.61364804274,6928.58528254679,8104.15104998958,8068.12948696733,8900.75126617773
4318.81371536834,6931.45374997079,8086.02275548187,8083.38642508741,8903.15931668664
4340.01378269395,6934.90616607375,8068.19965721808,8098.26885515785,8905.00830793537
4361.21385001955,6938.94220095984,8050.69269017657,8112.76730897315,8906.29564350294
4382.41391734515,6943.56121245606,8033.51266137118,8126.87248742059,8907.01901715744
4403.61398467075,6948.76223254292,8016.67023978538,8140.57527216991,8907.1764262352
4424.81405199635,6954.54396442471,8000.17594895193,8153.86673270329,8906.76617597113
4446.01411932196,6960.90478013011,7984.04015959697,8166.73813318214,8905.78688338536
4467.21418664756,6967.84271824598,7968.27308226095,8179.18093930943,8904.2374810668
4488.41425397316,6975.35548178153,7952.8847598998,8191.1868251851,8902.11722085455
4509.61432129876,6983.44043616844,7937.88506047173,8202.74768014905,8899.42567741158
4530.81438862436,6992.09460740217,7923.28366951514,8213.85561560559,8896.16275168462
4552.01445594996,7001.31468033036,7909.09008272348,8224.50297182345,8892.32867424415
4573.21452327557,7011.09699709461,7895.31359852327,8234.68232470462,8887.92400849761
4594.41459060117,7021.43755573183,7881.96331066164,8244.38649251516,8882.94965376926
4615.61465792677,7032.33200894226,7869.04810080999,8253.60854257115,8877.40684823895
4636.81472525237,7043.77566303086,7856.57663119095,8262.34179787192,8871.29717173267
4658.01479257797,7055.76347702996,7844.55733723567,8270.57984367321,8864.62254835644
4679.21485990357,7068.29006201066,7832.99842027934,8278.31653399185,8857.38524896557
4700.41492722918,7081.34968059145,7821.90784030247,8285.5459980337,8849.58789346003
4721.61499455478,7094.93624665248,7811.29330872652,8292.26264653586,8841.2334528973
4742.81506188038,7109.04332526448,7801.16228127205,8298.46117801432,8832.32525141271
4764.01512920598,7123.6641328418,7791.52195088853,8304.13658490717,8822.86696793756
4785.21519653158,7138.7915375292,7782.3792407648,8309.28415960397,8812.86263770448
4806.41526385718,7154.41805983255,7773.74079742971,8313.89950035066,8802.31665352951
4827.61533118279,7170.53587350388,7765.6129839528,8317.97851701986,8791.23376685946
4848.81539850839,7187.13680669169,7758.00187325504,8321.51743673539,8779.61908857339
4870.01546583399,7204.21234336747,7750.9132415401,8324.51280934009,8767.47808952619
4891.21553315959,7221.75362504006,7744.352561857,8326.96151269518,8754.81660082215
4912.41560048519,7239.75145276914,7738.32499780486,8328.86075779962,8741.64081380623
4933.6156678108,7258.19628949014,7732.83539739142,8330.20809371711,8727.95727976023
4954.8157351364,7277.07826266213,7727.88828705654,8331.0014122987,8713.7729092912
4976.015802462,7296.38716725097,7723.48786587279,8331.23895268817,8699.09497139899
4997.2158697876,7316.11246905971,7719.63799993491,8330.91930559769,8683.93109221001
5018.4159371132,7336.24330841835,7716.34221695049,8330.04141734055,8668.28925336418
5039.6160044388,7356.76879264318,7713.60376446898,8328.60448314879,8652.17753839285
5060.81607176441,7377.67843308777,7711.42571211681,8326.60777911446,8635.60374513254
5082.01613909001,7398.96049576211,7709.81058660787,8324.0512893391,8618.57683200644
5103.21620641561,7420.60288022621,7708.76054498445,8320.93538621995,8601.10615693284
5124.41627374121,7442.5931821135,7708.27738192343,8317.26081457646,8583.20142202462
5145.61634106681,7464.91869740204,7708.36252530307,8313.02869480238,8564.87267116595
5166.81640839241,7487.5664287154,7709.01703240613,8308.24052500453,8546.13028583797
5188.01647571802,7510.5230921114,7710.24158643132,8302.89818277993,8526.98498046555
5209.21654304362,7533.77512433802,7712.03649331983,8297.00392663054,8507.44779729904
5230.41661036922,7557.30869056372,7714.40167890996,8290.56039700332,8487.53010082165
5251.61667769482,7581.10969258812,7717.33668643221,8283.57061694337,8467.2435716742
5272.81674502042,7605.16377753805,7720.84067435724,8276.03799234867,8446.60020008999
5294.01681234603,7629.45634705209,7724.91241460837,8267.96631181548,8425.61227883406
5315.21687967163,7653.97256695485,7729.55029115019,8259.35974606437,8404.29239564288
5336.41694699723,7678.69737742087,7734.75229896374,8250.22284693741,8382.65342516169
5357.61701432283,7703.61550362522,7740.51604341859,8240.56054595845,8360.70852037925
5378.81708164843,7728.71146687681,7746.83874005116,8230.37815244898,8338.47110356076
5400.01714897404,7753.96959622713,7753.71721475782,8219.68135119339,8315.95485668265
5421.21721629964,7779.37404054571,7761.14790441044,8208.47619964875,8293.17371137438
5442.41728362524,7804.90878105094,7769.12685790139,8196.76912469517,8270.14183837468
5463.61735095084,7830.55764428223,7777.64973762342,8184.56691892441,8246.87363651227
5484.81741827644,7856.30431549747,7786.7118213893,8171.87673646582,8223.38372122294
5506.01748560204,7882.13235247723,7796.30800479487,8158.70608834971,8199.68691261717
5527.21755292765,7908.02519971446,7806.43280402748,8145.06283741039,8175.79822311519
5548.41762025325,7933.96620296629,7817.08035912138,8130.95519273208,8151.7328446683
5569.61768757885,7959.93862414214,7828.2444376595,8116.39170364287,8127.50613558751
5590.81775490445,7985.92565650008,7839.91843892043,8101.381253263,8103.13360700305
5612.01782223005,8011.91044012111,7852.09539846765,8085.93305161591,8078.63090898015
5633.21788955565,8037.87607762932,7864.76799317679,8070.05662831142,8054.01381631863
5654.41795688126,8063.80565012346,7877.92854669548,8053.76182481251,8029.29821406574
5675.61802420686,8089.68223328439,7891.56903532881,8037.05878629828,8004.50008277339
5696.81809153246,8115.48926881002,7905.68117476636,8019.95781525453,7979.6351728275
5718.01815885806,8141.2108257912,7920.25649549607,8002.46926049357,7954.71876696664
5739.21822618366,8166.8300946646,7935.28600645038,7984.6040908719,7929.76700328959
5760.41829350926,8192.33029576242,7950.76039059147,7966.37355175689,7904.79608282343
5781.61836083487,8217.69472257011,7966.67001815206,7947.78914733093,7879.82222870069
5802.81842816047,8242.90675685451,7983.0049544849,7928.86263098329,7854.86167164711
5824.01849548607,8267.9498848855,7999.75496852509,7909.60599490692,7829.93063446888
5845.21856281167,8292.80771355536,8016.90954158821,7890.03145942058,7805.04531653668
5866.41863013727,8317.46398633266,8034.45787648268,7870.15146204804,7780.22187832292
5887.61869746288,8341.90259900975,8052.3889069182,7849.97864637779,7755.47642603063
5908.81876478848,8366.10761520395,8070.6913071916,7829.52585072687,7730.82499635141
5930.01883211408,8390.06328157342,8089.35350213072,7808.80609663322,7706.28354138957
5951.21889943968,8413.75404271057,8108.36367727632,7787.83257720052,7681.86791378823
5972.41896676528,8437.16455567697,8127.70978928157,7766.61864532061,7657.59385209218
5993.61903409088,8460.2797041456,8147.37957650825,7745.17780179745,7633.47696638096
6014.81910141649,8483.08461211861,8167.36056979847,7723.52368339751,7609.53272420396
6036.01916874209,8505.56465719062,8187.64010340091,7701.67005085028,7585.77643684741
6057.21923606769,8527.70548332998,8208.20532602975,7679.63077682292,7562.22324596166
6078.41930339329,8549.49301315339,8229.04321203549,7657.41983389213,7538.88811057458
6099.61937071889,8570.91345967116,8250.14057266628,7635.05128253577,7515.78579451479
6120.81943804449,8591.95333748392,8271.48406739895,7612.53925916627,7492.93085426656
6142.0195053701,8612.59947341383,8293.06021531917,7589.89796422644,7470.33762727508
6163.2195726957,8632.83901655647,8314.85540653083,7567.14165036831,7448.02022071896
6184.4196400213,8652.65944774239,8336.85591357486,7544.28461073365,7425.99250076414
6205.6197073469,8672.0485884001,8359.04790283865,7521.34116735454,7404.26808231063
6226.8197746725,8690.99460881544,8381.41744593792,7498.32565969054,7382.86031924149
6248.01984199811,8709.48603578431,8403.95053105324,7475.25243331885,7361.78229518051
6269.21990932371,8727.51175965926,8426.63307420453,7452.13582879139,7341.04681476304
6290.41997664931,8745.06104079261,8449.45093044774,7428.99017067276,7320.66639542174
6311.62004397491,8762.12351538099,8472.38990497843,7405.82975677092,7300.65325968712
6332.82011130051,8778.68920071918,8495.43576412818,7382.66884757173,7281.01932800032
6354.02017862611,8794.74903959898,8518.57437306423,7359.52144409637,7261.77573695915
6375.22024595172,8810.29470252842,8541.79167414438,7336.40134591203,7242.93300487899
6396.42031327732,8825.31734998152,8565.07340433472,7313.32262618815,7224.50212251991
6417.62038060292,8839.80854455022,8588.4053058223,7290.29927775899,7206.49375043092
6438.82044792852,8853.76024430838,8611.77313341945,7267.34520855653,7188.9182218069
6460.02051525412,8867.16480430268,8635.16266446687,7244.47423271509,7171.78553865717
6481.22058257972,8880.01497827612,8658.55970873907,7221.70006161769,7155.1053677954
6502.42064990533,8892.3039199447,8681.95011817354,7199.03629517961,7138.88703724196
6523.62071723093,8904.02518383204,8705.31979641407,7176.49641337674,7123.13953303672
6544.82078455653,8915.17272568084,8728.65470816239,7154.09376802043,7107.87149644875
6566.02085188213,8925.74090246018,8751.94088833314,7131.84157477947,7093.09122156821
6587.22091920773,8935.72447198809,8775.16445100791,7109.7529054495,7078.80665326599
6608.42098653334,8945.11859218908,8798.31159818467,7087.84068046933,7065.02538550559
6629.62105385894,8953.91882000587,8821.3686283195,7066.11766168319,7051.75465999246
6650.82112118454,8962.12110998477,8844.32194465816,7044.59644534756,7039.00136514547
6672.02118851014,8969.72181255371,8867.15806335577,7023.2894553805,7026.77203537533
6693.22125583574,8976.71767201156,8889.86362138292,7002.2089368515,7015.07285065515
6714.42132316134,8983.10582424677,8912.4253842174,6981.36694970911,7003.9096363685
6735.62139048695,8988.8837942032,8934.83025332095,6960.77536274359,6993.28786342072
6756.82145781255,8994.04949310974,8957.06527340109,6940.44584778156,6983.21264859948
6778.02152513815,8998.60121549042,8979.11763945786,6920.38987410935,6973.68875517129
6799.22159246375,9002.53763597022,9000.97470361634,6900.61870312183,6964.72059370116
6820.42165978935,9005.85780589164,9022.62398174567,6881.14338319297,6956.31222308276
6841.62172711496,9008.56114975593,9044.05315986541,6861.97474476495,6948.46735176771
6862.82179444056,9010.64746150223,9065.25010034089,6843.1233956518,6941.1893391825
6884.02186176616,9012.11690063708,9086.20284786881,6824.59971655431,6934.48119732278
6905.22192909176,9012.96998822588,9106.89963525463,6806.41385678236,6928.34559251478
6926.42199641736,9013.20760275721,9127.32888898401,6788.57573018101,6922.78484733476
6947.62206374296,9012.8309758899,9147.47923458965,6771.09501125706,6917.80094267767
6968.82213106856,9011.84168809242,9167.33950181607,6753.98113150208,6913.39551996686
6990.02219839417,9010.24166418288,9186.89872958422,6737.24327590883,6909.5698834973
7011.22226571977,9008.03317456221,9206.14617213571,6720.89037742437,6906.32499777666
7032.42233304537,9005.21948586013,9225.0714615991,6704.93085552531,6903.66090997651
7053.62240037097,9001.80390524171,9243.66439628066,6689.37297507068,6901.57759268719
7074.82246769657,8997.7896230839,9261.91490232567,6674.22491167615,6900.07508033444
7096.02253502218,8993.18016252584,9279.81313892256,6659.49457615012,6899.15307313018
7117.22260234778,8987.9793639636,9297.34949923801,6645.18961631999,6898.81094978532
7138.42266967338,8982.19137994929,9314.51461404406,6631.31741482966,6899.04777073298
7159.62273699898,8975.82067022956,9331.29935521726,6617.88508702784,6899.86228126591
7180.82280432458,8968.87199672845,9347.69483905891,6604.89947902279,6901.25291476617
7202.02287165019,8961.35041847478,9363.69242943785,6592.36716590198,6903.21779602684
7223.22293897579,8953.26128647787,9379.28374075829,6580.29445011392,6905.75474466205
7244.42300630139,8944.61023855511,9394.46064075532,6568.68736000892,6908.86127860176
7265.62307362699,8935.40319411436,9409.21525312069,6557.55164853617,6912.534617668
7286.82314095259,8925.64634889458,9423.53995996143,6546.89279209419,6916.77168722958
7308.02320827819,8915.3461696671,9437.42740409405,6536.71598953157,6921.56912193214
7329.2232756038,8904.5093889005,9450.8704911769,6527.02616129555,6926.92326950071
7350.4233429294,8893.14299939136,9463.86239168351,6517.82794872519,6932.83019461222
7371.623410255,8881.25424886338,9476.39654271949,6509.12571348649,6939.28568283511
7392.8234775806,8868.8506345371,9488.46664968582,6500.92353714678,6946.28524463361
7414.0235449062,8855.93989767228,9500.06668779122,6493.22522088522,6953.8241194344
7435.2236122318,8842.53001808503,9511.19090341638,6486.03428533689,6961.89727975292
7456.42367955741,8828.6292086418,9521.83381533285,6479.35397056752,6970.49943537731
7477.62374688301,8814.24590973194,9531.99021577934,6473.18723617611,6979.6250376075
7498.82381420861,8799.38878372092,9541.65517139819,6467.53676152259,6989.26828354731
7520.02388153421,8784.06670938579,9550.82402403487,6462.40494607782,6999.42312044729
7541.22394885981,8768.28877633491,9559.49239140331,6457.79390989298,7010.08325009613
7562.42401618541,8752.06427941359,9567.65616761983,6453.70549418573,7021.24213325855
7583.62408351102,8735.40271309719,9575.31152360849,6450.14126204029,7032.89299415746
7604.82415083662,8718.31376587365,9582.4549073806,6447.10249921862,7045.02882499838
7626.02421816222,8700.80731461699,9589.0830441914,6444.59021508002,7057.64239053383
7647.22428548782,8682.89341895329,9595.19293657637,6442.60514360642,7070.72623266604
7668.42435281342,8664.58231562092,9600.78186427028,6441.14774453048,7084.27267508545
7689.62442013903,8645.88441282652,9605.84738401149,6440.21820456399,7098.2738279434
7710.82448746463,8626.8102845982,9610.38732923438,6439.81643872378,7112.72159255685
7732.02455479023,8607.37066513775,9614.3998096527,6439.94209175235,7127.60766614311
7753.22462211583,8587.57644317286,9617.88321073633,6440.59453963088,7142.92354658292
7774.42468944143,8567.43865631132,9620.83619308436,6441.77289118168,7158.66053720963
7795.62475676703,8546.96848539829,9623.25769169702,6443.47598975774,7174.80975162299
7816.82482409264,8526.177248878,9625.14691514912,6445.70241501669,7191.36211852556
7838.02489141824,8505.0763971614,9626.50334466758,6448.45048477679,7208.30838657989
7859.22495874384,8483.67750700096,9627.32673311555,6451.71825695236,7225.63912928501
7880.42502606944,8461.99227587366,9627.61710388577,6455.50353156632,7243.34474987034
7901.62509339504,8440.03251637371,9627.37474970546,6459.80385283751,7261.41548620548
7922.82516072064,8417.81015061582,9626.60023135525,6464.61651134029,7279.84141572431
7944.02522804625,8395.3372046503,9625.29437630449,6469.93854623448,7298.61246036195
7965.22529537185,8372.62580289084,9623.45827726524,6475.76674756307,7317.71839150305
7986.42536269745,8349.68816255606,9621.09329066726,6482.09765861593,7337.14883494009
8007.62543002305,8326.53658812573,9618.20103505604,6488.92757835705,7356.89327584031
8028.82549734865,8303.1834658123,9614.78338941614,6496.2525639138,7376.94106372015
8050.02556467426,8279.64125804886,9610.84249142192,6504.06843312571,7397.28141742587
8071.22563199986,8255.92249799391,9606.3807356175,6512.37076715134,7417.90343011928
8092.42569932546,8232.03978405373,9601.40077152802,6521.15491313132,7438.79607426766
8113.62576665106,8208.00577442294,9595.90550170397,6530.4159869057,7459.94820663668
8134.82583397666,8183.83318164367,9589.89807970046,6540.14887578423,7481.34857328574
8156.02590130226,8159.5347671841,9583.38190799309,6550.34824136765,7502.9858145644
8177.22596862787,8135.12333603608,9576.36063583191,6561.00852241906,7524.84847010984
8198.42603595347,8110.61173133298,9568.83815703533,6572.1239377833,7546.92498384404
8219.62610327907,8086.01282898747,9560.81860772512,6583.68848935357,7569.20370897037
8240.82617060467,8061.33953234952,9552.30636400401,6595.69596508385,7591.67291296918
8262.02623793027,8036.60476688494,9543.30603957733,6608.13994204589,7614.32078259152
8283.22630525588,8011.82147487435,9533.82248331955,6621.01378952992,7637.13542885106
8304.42637258148,7987.00261013275,9523.86077678729,6634.31067218786,7660.10489201352
8325.62643990708,7962.16113274947,9513.42623167941,6648.02355321846,7683.21714658366
8346.82650723268,7937.31000384868,9502.52438724548,6662.14519759317,7706.46010628917
8368.02657455828,7912.46218037,9491.16100764322,6676.6681753224,7729.82162906208
8389.22664188388,7887.63060986941,9479.34207924586,6691.58486476136,7753.28952201674
8410.42670920949,7862.82822533996,9467.07380790008,6706.88745595487,7776.85154642499
8431.62677653509,7838.0679400521,9454.36261613499,6722.56795402088,7800.49542268833
8452.82684386069,7813.36264241344,9441.21514032293,6738.6181825721,7824.20883530719
8474.02691118629,7788.72520514963,9427.63823109111,6755.02978174029,7847.97942515285
8495.22697851189,7764.16854266433,9413.63896518723,6771.79418714493,7871.79473933047
8516.42704583749,7739.70545149794,9399.22460793014,6788.90269174303,7895.64237242504
8537.62711316309,7715.34866994653,9384.4026240857,6806.34642595126,7919.50991406711
8558.8271804887,7691.11088637407,9369.18067744545,6824.11635622422,7943.38494246581
8580.0272478143,7667.00473392824,9353.56662763484,6842.2032887937,7967.25502960471
8601.2273151399,7643.04278552054,9337.56852694343,6860.59787335409,7991.10774620098
8622.4273824655,7619.2375488273,9321.19461710882,6879.29060678417,8014.93066665943
8643.62744979111,7595.60146130672,9304.45332605322,6898.27183690717,8038.71137402596
8664.82751711671,7572.14688523126,9287.35326457207,6917.53176628953,8062.43746494107
8686.02758444231,7548.8861027353,9269.90322297454,6937.06045607869,8086.09655459376
8707.22765176791,7525.83131087712,9252.11216767509,6956.84782988074,8109.67628167637
8728.42771909351,7502.99461671547,9233.98923773613,6976.88367767791,8133.16431334059
8749.62778641911,7480.38803239995,9215.54374136069,6997.15765978688,8156.54835015523
8770.82785374471,7458.02347027487,9196.78515233466,7017.65931085868,8179.81613106609
8792.02792107032,7435.91273799666,9177.723106418,7038.37804392032,8202.95543835837
8813.22798839592,7414.06753366413,9158.36739768395,7059.30315445944,8225.9541026219
8834.42805572152,7392.49944096173,9138.72797480557,7080.42382455241,8248.80000771975
8855.62812304712,7371.21992431547,9118.81493728875,7101.72912703682,8271.48109576031
8876.82819037272,7350.24032406139,9098.63853165072,7123.20802972911,8293.98537207341
8898.02825769833,7329.57185162665,9078.2091475432,7144.84939968817,8316.30091019044
8919.22832502393,7309.22558472313,9057.53731381913,7166.64200752592,8338.415856829
8940.42839234953,7289.21246255369,9036.63369454209,7188.57453176553,8360.31843688205
8961.62845967513,7269.54328103113,9015.50908493732,7210.6355632484,8381.99695841178
8982.82852700073,7250.22868801026,8994.17440728318,7232.81360959057,8403.43981764832
9004.02859432634,7231.27917853315,8972.6407067423,7255.09709968968,8424.63550399313
9025.22866165194,7212.70509008809,8950.91914713094,7277.47438828309,8445.5726050273
9046.42872897754,7194.51659788259,8929.02100662578,7299.93376055844,8466.23981152439
9067.62879630314,7176.72371013113,8906.95767340694,7322.46343681704,8486.62592246782
9088.82886362874,7159.33626335809,8884.74064123612,7345.05157719132,8506.7198500725
9110.02893095434,7142.3639177167,8862.38150496888,7367.68628641696,8526.51062481025
9131.22899827994,7125.81615232478,8839.89195599993,7390.35561866055,8545.98740043887
9152.42906560555,7109.70226061824,8817.28377764048,7413.04758240347,8565.13945903408
9173.62913293115,7094.03134572322,8794.56884042648,7435.75014538281,8583.956216024
9194.82920025675,7078.81231584808,8771.75909735702,7458.45123958981,8602.42722522527
9216.02926758235,7064.05387969647,8748.86657906178,7481.13876632663,8620.54218388021
9237.22933490795,7049.76454190257,8725.90338889663,7503.80060132193,8638.29093769424
9258.42940223356,7035.95259849026,8702.88169796674,7526.42459990554,8655.66348587223
9279.62946955916,7022.62613235736,8679.81374007614,7548.99860224299,8672.64998615328
9300.82953688476,7009.79300878679,8656.71180660326,7571.51043862999,8689.24075984233
9322.02960421036,6997.46087098637,8633.58824130171,7593.94793484712,8705.42629683747
9343.22967153596,6985.63713565881,8610.45543502561,7616.29891757511,8721.19726065187
9364.42973886157,6974.32898860422,8587.32582037924,7638.55121987051,8736.54449342838
9385.62980618717,6963.54338035673,8564.21186629034,7660.69268670203,8751.4590209457
9406.82987351277,6953.28702185771,8541.12607250694,7682.71118054713,8765.93205761413
9428.02994083837,6943.56638016746,8518.08096401733,7704.59458704899,8779.95501145942
9449.23000816397,6934.38767421801,8495.08908539334,7726.33082073317,8793.51948909252
9470.43007548957,6925.75687060909,8472.16299505655,7747.90783078388,8806.61730066357
9491.63014281517,6917.67967945012,8449.3152594679,7769.31360687896,8819.2404647978
9512.83021014078,6910.16155025041,8426.55844724076,7790.53618508324,8831.38121351134
9534.03027746638,6903.20766786068,8403.90512317781,7811.56365379905,8843.03199710453
9555.23034479198,6896.8229484681,8381.36784223232,7832.38415977345,8854.1854890304
9576.43041211758,6891.01203564827,8358.95914339439,7852.98591416062,8864.83459073581
9597.63047944319,6885.77929647654,8336.69154350301,7873.35719863847,8874.9724364727
9618.83054676879,6881.12881770204,8314.57753098472,7893.48637157814,8884.59239807666
9640.03061409439,6877.06440198707,8292.62955952007,7913.36187426472,8893.68808971029
9661.23068141999,6873.58956421539,8270.86004163908,7932.97223716759,8902.25337256806
9682.43074874559,6870.7075278723,8249.28134224706,7952.30608625869,8910.28235954007
9703.63081607119,6868.42122149984,8227.90577208235,7971.35214937663,8917.76941983158
9724.83088339679,6866.73327523041,8206.74558110763,7990.0992626347,8924.7091835349
9746.0309507224,6865.64601740224,8185.81295183692,8008.53637687007,8931.09654615076
9767.231018048,6865.16147126002,8165.11999260005,8026.65256413239,8936.92667305544
9788.4310853736,6865.28135174426,8144.67873074704,8044.43702420859,8942.19500391063
9809.6311526992,6866.00706237283,8124.50110579466,8061.87909118147,8946.89725701215
9830.8312200248,6867.33969221839,8104.59896251802,8078.96824001885,8951.02943357407
9852.0312873504,6869.28001298516,8084.98404398967,8095.69409319047,8954.58782194455
9873.23135467601,6871.82847618896,8065.66798456951,8112.04642730898,8957.56900174953
9894.43142200161,6874.98521044406,8046.66230284852,8128.01517979179,8959.9698479604
9915.63148932721,6878.75001886074,8027.97839454967,8143.59045554004,8961.78753488166
9936.83155665281,6883.12237655752,8009.62752538967,8158.76253363078,8963.01954005442
9958.03162397842,6888.10142829184,7991.62082390549,8173.52187401824,8963.66364807166
9979.23169130402,6893.6859862133,7973.96927424918,8187.85912424021,8963.7179543008
10000.4317586296,6899.87500877089,7956.68381460795,8201.76494344592,8963.18044738546
10021.6318259552,6906.66723375863,7939.77526198336,8215.23013900977,8962.04932716981
10042.8318932808,6914.06051096786,7923.25415605605,8228.24592503569,8960.32359467825
10064.0319606064,6922.0523645805,7907.13086770469,8240.80372273836,8958.00256281675
10085.232027932,6930.63997833917,7891.41558858365,8252.89517277559,8955.08587078293
10106.4320952576,6939.82019367062,7876.11832374064,8264.51214205221,8951.57348751955
10127.6321625832,6949.5895082943,7861.2488843095,8275.6467303586,8947.46571476019
10148.8322299088,6959.9440749835,7846.81688020733,8286.29127697688,8942.76318994866
10170.0322972344,6970.87970047743,7832.8317128404,8296.43836725151,8937.46688903231
10191.23236456,6982.39184454846,7819.30256782439,8306.08083911873,8931.57812912397
10212.4324318856,6994.47561923012,7806.23840772528,8315.21178958803,8925.09857102681
10233.6324992112,7007.12578821078,7793.64796482709,8323.82458116951,8918.03022161614
10254.8325665368,7020.33676639841,7781.53973393298,8331.91284824038,8910.37543607205
10276.0326338624,7034.10261966259,7769.9219652067,8339.47050334319,8902.13691995636
10297.232701188,7048.41706475931,7758.80265706122,8346.49174340892,8893.31773112705
10318.4327685136,7063.27346944542,7748.18954910201,8352.97105589705,8883.92128148327
10339.6328358392,7078.66485278886,7738.09011513258,8358.90322484479,8873.95133853327
10360.8329031648,7094.58388568215,7728.51155622996,8364.28333681737,8863.41202677765
10382.0329704904,7111.02289156605,7719.46079389837,8369.10678675086,8852.30782889997
10403.2330378161,7127.97384737129,7710.94446330953,8373.36928367865,8840.64358675589
10424.4331051417,7145.42838468625,7702.96890663798,8377.06685633285,8828.42450215256
10445.6331724673,7163.37779115893,7695.54016650074,8380.19585861077,8815.65613740866
10466.8332397929,7181.81301214195,7688.66397951013,8382.75297489722,8802.34441568592
10488.0333071185,7200.72465258941,7682.34576994957,8384.73522523248,8788.49562108217
10509.2333744441,7220.1029792153,7676.59064358182,8386.13997031553,8774.11639847562
10530.4334417697,7239.9379229226,7671.40338159981,8386.96491633239,8759.21375311019
10551.6335090953,7260.21908151331,7666.78843473038,8387.20811959838,8743.79504991082
10572.8335764209,7280.93572268953,7662.74991750134,8386.86799100327,8727.86801251786
10594.0336437465,7302.07678735567,7659.29160268256,8385.94330024829,8711.44072202927
10615.2337110721,7323.63089323275,7656.41691591226,8384.43317986304,8694.52161543911
10636.4337783977,7345.58633879491,7654.12893051955,8382.33712899077,8677.11948376065
10657.6338457233,7367.93110753921,7652.4303625545,8379.65501693022,8659.24346982256
10678.8339130489,7390.65287259925,7651.32356603763,8376.38708642158,8640.90306572622
10700.0339803745,7413.73900171317,7650.81052843998,8372.53395666477,8622.10810995252
10721.2340477001,7437.17688496814,7650.89293730376,8368.09650244962,8602.86850290648
10742.4341150257,7460.95428668997,7651.57226521837,8363.07571781018,8583.19389288281
10763.6341823513,7485.05775220852,7652.84941656272,8357.47332188525,8563.0950738351
10784.8342496769,7509.47350145415,7654.7249049609,8351.29143276879,8542.58321114736
10806.0343170025,7534.1874765512,7657.19885832217,8344.5325565116,8521.66979905145
10827.2343843281,7559.18534752439,7660.27101551228,8337.19958903779,8500.36665674309
10848.4344516537,7584.45251980819,7663.94072363543,8329.2958171162,8478.6859229357
10869.6345189793,7609.97414222315,7668.20693564716,8320.82491895442,8456.64004994671
10890.8345863049,7635.73511540139,7673.06820830485,8311.79096441413,8434.24179732764
10912.0346536305,7661.72010066677,7678.52270046766,8302.19841483669,8411.50422503049
10933.2347209561,7687.91352937444,7684.56817175741,8292.05212246785,8388.44068610338
10954.4347882817,7714.29961271332,7691.20198159145,8281.35732947158,8365.06481890982
10975.6348556073,7740.86235197298,7698.42108859813,8270.11966652321,8341.39053886726
10996.8349229329,7767.58554927506,7706.2220504252,8258.34515097316,8317.4320297025
11018.0349902585,7794.45281876745,7714.60102395038,8246.04018457341,8293.20373422265
11039.2350575841,7821.44759827734,7723.55376590306,8233.21155075957,8268.72034460264
11060.4351249097,7848.5531614173,7733.07563390524,8219.86641148292,8243.99679219173
11081.6351922353,7875.75263013638,7743.16158793882,8206.01230358731,8219.04823684397
11102.8352595609,7903.02898770599,7753.80619224568,8191.6571347276,8193.89005577896
11124.0353268865,7930.36509212796,7765.00361766595,8176.80917882717,8168.5378319821
11145.2353942121,7957.74368994988,7776.74764441867,8161.47707107363,8143.0073421552
11166.4354615377,7985.14743047049,7789.03166532827,8145.66980245297,8117.31454423069
11187.6355288633,8012.55888031543,7801.84868949892,8129.39671382421,8091.47556446516
11208.8355961889,8039.96053836118,7815.19134643748,8112.66748953793,8065.50668412988
11230.0356635145,8067.33485098303,7829.05189062502,8095.49215060323,8039.4243258184
11251.2357308401,8094.6642276003,7843.42220653499,8077.88104740998,8013.24503939346
11272.4357981657,8121.93105649007,7858.29381409535,8059.84485201387,7986.98548759755
11293.6358654913,8149.11772083823,7873.65787459005,8041.39454999428,7960.66243135369
11314.8359328169,8176.20661499533,7889.50519699465,8022.54143189559,7934.29271478479
11336.0360001425,8203.18016090229,7905.82624473882,8003.29708426469,7907.89324998174
11357.2360674681,8230.02082464943,7922.61114288734,7983.67338029889,7881.48100155252
11378.4361347937,8256.71152534417,7939.84977463091,7963.68231784338,7855.07262780916
11399.6362021193,8283.23579652687,7957.53183589476,7943.33594565359,7828.68433021656
11420.8362694449,8309.57635812221,7975.64651639073,7922.64690663057,7802.33310865867
11442.0363367705,8335.71602281568,7994.18269649199,7901.62809408304,7776.03596994101
11463.2364040961,8361.63772746712,8013.12895910438,7880.29263732135,7749.80989714741
11484.4364714217,8387.32454859551,8032.47359877776,7858.65389087345,7723.67183451414
11505.6365387473,8412.75971875296,8052.20463137742,7836.72542299807,7697.63867147665
11526.8366060729,8437.92664274971,8072.30980407312,7814.5210039481,7671.72722675614
11548.0366733985,8462.80891367019,8092.77660562336,7792.05459401565,7645.95423253977
11569.2367407241,8487.39032863927,8113.59227693579,7769.34033138319,7620.33631879315
11590.4368080497,8511.65490429926,8134.74382188395,7746.39251980536,7594.88999774282
11611.6368753754,8535.58689195895,8156.2180183598,7723.22561614651,7569.63164856538
11632.836942701,8559.17079237786,8178.00142954113,7699.85421779911,7544.57750231942
11654.0370100266,8582.39137015012,8200.08041535233,7676.29305000852,7519.74362715476
11675.2370773522,8605.23366765451,8222.44114409676,7652.5569531291,7495.14591383223
11696.4371446778,8627.68301853909,8245.06960423862,7628.66086983698,7470.80006158564
11717.6372120034,8649.72506071131,8267.95161631236,7604.61983232404,7446.72156435563
11738.837279329,8671.34574880668,8291.07284493733,7580.44894949754,7422.92569742322
11760.0373466546,8692.53136611186,8314.41881091583,7556.16339420892,7399.42750446858
11781.2374139802,8713.26853592048,8337.9749033924,7531.7783905351,7376.24178507866
11802.4374813058,8733.54423230316,8361.72639205329,7507.3092011342,7353.38308272435
11823.6375486314,8753.34579027558,8385.65843934461,7482.77111469734,7330.86567322609
11844.837615957,8772.66091535166,8409.75611268874,7458.17943351682,7308.70355372369
11866.0376832826,8791.4776924718,8434.00439667889,7433.54946119005,7286.91043216415
11887.2377506082,8809.78459429883,8458.38820523238,7408.89649047749,7265.49971731832
11908.4378179338,8827.5704888774,8482.89239368407,7384.23579133169,7244.48450933505
11929.6378852594,8844.824646655,8507.50177080179,7359.58259911354,7223.87759083855
11950.837952585,8861.53674686609,8532.20111070708,7334.95210301012,7203.69141857287
11972.0380199106,8877.69688328266,8556.97516468468,7310.35943466781,7183.93811559419
11993.2380872362,8893.2955693377,8581.80867286567,7285.81965705274,7164.62946401038
12014.4381545618,8908.32374262996,8606.68637576991,7261.34775354956,7145.77689826421
12035.6382218874,8922.77335492987,8631.59316366737,7236.95838741478,7127.39098267491
12056.838289213,8936.63703810364,8656.51402386465,7212.66601173627,7109.48169740897
12078.0383565386,8949.90699233746,8681.43378702808,7188.48529587736,7092.05941829286
12099.2384238642,8962.575864793,8706.33733129409,7164.43078388378,7075.13414289365
12120.4384911898,8974.63673696519,8731.20958887872,7140.51689151565,7058.71549871924
12141.6385585154,8986.08312538,8756.03555634783,7116.7578971755,7042.81273994533
12162.838625841,8996.90898240645,8780.80030483369,7093.1679328542,7027.43474407022
12184.0386931666,9007.10869660061,8805.48899004148,7069.76097534771,7012.59000900805
12205.2387604922,9016.67709258954,8830.08686203693,7046.55083775078,6998.28665061596
12226.4388278178,9025.60943051509,8854.57927480938,7023.55116122894,6984.53240064049
12247.6388951434,9033.90140505762,8878.9516956058,7000.775407069,6971.33460506787
12268.838962469,9041.54914406029,8903.18971403145,6978.23684900798,6958.70022286228
12290.0390297946,9048.54920677455,8927.27905091412,6955.94856583915,6946.63582507624
12311.2390971202,9054.89858174719,8951.20556692923,6933.92343429398,6935.14759431683
12332.4391644458,9060.59468436967,8974.95527098372,6912.17412219779,6924.24132455155
12353.6392317714,9065.63535410941,8998.51432835722,6890.71308189677,6913.92242123789
12374.839299097,9070.01885144304,9021.8690685996,6869.55254395345,6904.19590176063
12396.0393664226,9073.74385451065,9045.00599318447,6848.70451110749,6895.06639616118
12417.2394337482,9076.80945550966,9067.91178291852,6828.18075249827,6886.53814814394
12438.4395010738,9079.21515684636,9090.57330510711,6807.99279814568,6878.61501634464
12459.6395683994,9080.96086706238,9112.97762047694,6788.15193368506,6871.30047584633
12480.839635725,9082.04689655262,9135.1119898569,6768.66919535237,6864.59761992927
12502.0397030506,9082.47395309046,9156.96388061836,6749.55536521526,6858.50916204136
12523.2397703762,9082.2431371751,9178.52097287677,6730.82096664599,6853.03743797649
12544.4398377018,9081.35593721538,9199.77116545634,6712.4762600316,6848.18440824862
12565.6399050274,9079.81422456316,9220.70258161998,6694.53123871721,6843.95166065028
12586.839972353,9077.62024840906,9241.30357456684,6676.99562517792,6840.34041298452
12608.0400396786,9074.77663055192,9261.56273269983,6659.87886741501,6837.35151596016
12629.2401070042,9071.28636005315,9281.46888466582,6643.19013557217,6834.98545624085
12650.4401743298,9067.15278778603,9301.01110417121,6626.93831876726,6833.24235963872
12671.6402416554,9062.37962088915,9320.17871457579,6611.13202213551,6832.1219944445
12692.840308981,9056.9709265384,9338.96129551371,6595.77956042283,6831.62376653348
12714.0403763066,9050.93179826765,9357.34884940896,6580.88869056302,6831.74612756933
12735.2404436322,9044.26732445265,9375.33157097176,6566.46699981185,6832.48748606613
12756.4405109578,9036.98251586532,9392.8998288241,6552.52193910718,6833.84626779283
12777.6405782834,9029.08272149005,9410.04426268547,6539.0606604722,6835.82054978759
12798.8406456091,9020.57361305646,9426.75578408531,6526.09001897568,6838.40807315038
12820.0407129347,9011.46117891946,9443.02557949247,6513.61657115299,6841.60624723227
12841.2407802603,9001.75171806489,9458.84511329537,6501.64657353985,6845.4121537549
12862.4408475859,8991.45183406873,9474.2061305878,6490.18598138434,6849.82255101899
12883.6409149115,8980.56842901073,9489.10065976236,6479.24044753474,6854.83387820053
12904.8409822371,8969.10869734703,9503.52101491524,6468.8153214996,6860.44225973035
12926.0410495627,8957.08011974538,9517.45979806512,6458.91564867638,6866.64350975309
12947.2411168883,8944.49045688689,9530.90990118979,6449.54616974514,6873.4331366617
12968.4411842139,8931.34774323762,9543.86450808359,6440.71132022377,6880.80634770379
12989.6412515395,8917.66028079317,9556.31709603909,6432.4152301811,6888.75805365639
13010.8413188651,8903.4366327994,9568.26143735625,6424.66172410466,6897.28287356589
13032.0413861907,8888.68561745203,9579.69160068245,6417.45432091942,6906.37513954984
13053.2414535163,8873.4163015778,9590.60195218671,6410.79623415413,6916.02890165767
13074.4415208419,8857.63799429969,9600.98715657136,6404.69037225193,6926.23793278749
13095.6415881675,8841.36024068876,9610.84217792465,6399.13933902179,6936.99573365587
13116.8416554931,8824.59281540463,9620.16228041754,6394.14543422739,6948.2955378182
13138.0417228187,8807.34571632706,9628.94302884799,6389.71065431012,6960.13031673674
13159.2417901443,8789.62915818065,9637.18028903624,6385.83669324288,6972.49278489381
13180.4418574699,8771.45356615459,9644.87022807419,6382.52494351146,6985.37540494771
13201.6419247955,8752.82956951962,9652.0093144324,6379.77649722002,6998.77039292879
13222.8419921211,8733.76799524397,9658.59431792796,6377.59214731758,7012.66972347316
13244.0420594467,8714.27986161012,9664.62230955643,6375.97238894228,7027.06513509208
13265.2421267723,8694.37637183428,9670.09066119136,6374.91742088008,7041.94813547413
13286.4421940979,8674.06890769024,9674.99704515436,6374.42714713482,7057.31000681841
13307.6422614235,8653.36902313929,9679.33943365925,6374.50117860651,7073.14181119618
13328.8423287491,8632.28843796797,9683.11609813335,6375.13883487458,7089.43439593895
13350.0423960747,8610.83903143512,9686.32560841913,6376.33914608314,7106.17839905074
13371.2424634003,8589.03283592979,9688.96683185934,6378.10085492522,7123.36425464263
13392.4425307259,8566.88203064176,9691.03893226897,6380.42241872273,7140.98219838712
13413.6425980515,8544.39893524579,9692.54136879678,6383.30201159948,7159.02227299075
13434.8426653771,8521.59600360132,9693.47389467976,6386.73752674416,7177.47433368283
13456.0427327027,8498.4858174688,9693.83655589338,6390.72657876035,7196.32805371821
13477.2428000283,8475.0810802441,9693.62968970069,6395.26650610089,7215.57292989243
13498.4428673539,8451.39461071226,9692.85392310304,6400.3543735836,7235.19828806737
13519.6429346795,8427.43933682165,9691.51017119547,6405.98697498595,7255.19328870567
13540.8430020051,8403.22828947995,9689.59963542949,6412.16083571562,7275.54693241222
13562.0430693307,8378.77459637281,9687.12380178596,6418.87221555468,7296.24806548102
13583.2431366563,8354.09147580646,9684.08443886089,6426.11711147462,7317.2853854459
13604.4432039819,8329.19223057503,9680.48359586663,6433.89126052,7338.64744663374
13625.6432713075,8304.09024185373,9676.32360055118,6442.190142758,7360.32266571841
13646.8433386331,8278.79896311855,9671.60705703805,6451.00898429179,7382.29932727442
13668.0434059587,8253.33191409337,9666.33684358897,6460.34276033548,7404.5655893288
13689.2434732843,8227.70267472531,9660.51611029204,6470.18619834822,7427.10948890997
13710.4435406099,8201.92487918861,9654.14827667735,6480.53378122564,7449.91894759264
13731.6436079355,8176.01220991821,9647.23702926245,6491.37975054647,7472.98177703745
13752.8436752611,8149.97839167297,9639.78631902972,6502.71810987242,7496.28568452449
13774.0437425867,8123.83718562939,9631.80035883748,6514.54262809955,7519.81827847972
13795.2438099123,8097.60238350608,9623.28362076726,6526.84684285922,7543.56707399352
13816.4438772379,8071.28780171925,9614.24083340844,6539.62406396718,7567.51949833053
13837.6439445635,8044.90727556957,9604.67697908265,6552.86737691901,7591.66289643016
13858.8440118891,8018.47465346066,9594.59729100915,6566.56964643052,7615.98453639702
13880.0440792147,7992.00379114908,9584.00725041301,6580.72352002177,7640.47161498092
13901.2441465403,7965.50854602623,9572.91258357757,6595.32143164323,7665.11126304595
13922.4442138659,7939.00277143191,9561.31925884246,6610.35560534304,7689.89055102798
13943.6442811915,7912.50031099967,9549.23348354857,6625.81805897424,7714.79649438064
13964.8443485171,7886.01499303377,9536.66170093126,6641.70060794081,7739.81605900929
13986.0444158427,7859.56062491758,9523.61058696275,6657.99486898171,7764.93616669281
14007.2444831683,7833.15098755334,9510.0870471449,6674.69226399204,7790.14370049318
14028.444550494,7806.79982983291,9496.09821325308,6691.7840238806,7815.42551015277
14049.6446178196,7780.52086313935,9481.65144003229,6709.26119246311,7840.76841747908
14070.8446851452,7754.32775587885,9466.75430184589,6727.1146303906,7866.15922171757
14092.0447524708,7728.23412804287,9451.41458927791,6745.33501911251,7891.58470491194
14113.2448197964,7702.25354579988,9435.6403056893,6763.91286487401,7917.0316372527
14134.444887122,7676.39951611652,9419.43966372863,6782.83850274726,7942.48678241366
14155.6449544476,7650.6854978534,9402.8210855917,6802.10209444339,7967.93688828201
14176.8450217732,7625.12495450801,9385.79321326649,6821.69360950463,7993.3686410803
14198.0450890988,7599.73119484272,9368.36487038767,6841.60288770097,8018.76880657185
14219.2451564244,7574.51743620351,9350.54507334059,6861.81961823577,8044.12417456103
14240.44522375,7549.49681058492,9332.34302976163,6882.33333968147,8069.42155455271
14261.6452910756,7524.68235919721,9313.76813472106,6903.13344429227,8094.64778123319
14282.8453584012,7500.08702727563,9294.82996692134,6924.20918227112,8119.78971973607
14304.0454257268,7475.72365891906,9275.5382848513,6945.54966606963,8144.83427089534
14325.2454930524,7451.60499195425,9255.90302289525,6967.14387472257,8169.76837648965
14346.445560378,7427.74365282466,9235.93428739628,6988.98065821744,8194.57902447819
14367.6456277036,7404.15215150366,9215.6423526736,7011.04874189972,8219.25325422893
14388.8456950292,7380.84287643175,9195.0376569931,7033.33673091418,8243.7781617394
14410.0457623548,7357.82808947748,9174.13079849091,7055.83311468279,8268.14090485035
14431.2458296804,7335.11992092146,9152.93253104905,7078.5262714201,8292.32870845303
14452.445897006,7312.73036446373,9131.45376012263,7101.4044726865,8316.32886969013
14473.6459643316,7290.67127225375,9109.70553851789,7124.45588798013,8340.12876315083
14494.8460316572,7268.95434994309,9087.69906212011,7147.66858936833,8363.7158460604
14516.0460989828,7247.59115176082,9065.44566557092,7171.03055615907,8387.07766346444
14537.2461663084,7226.59307561128,9042.95681789366,7194.52967961351,8410.20185340821
14558.446233634,7205.97135819442,9020.24411806644,7218.15376770017,8433.07615211101
14579.6463009596,7185.73707014883,8997.31929054142,7241.89054989177,8455.68839913594
14600.8463682852,7165.9011112176,8974.19418070995,7265.7276820053,8478.02654255506
14622.0464356108,7146.47420543708,8950.88075031191,7289.65275108651,8500.07864411009
14643.2465029364,7127.46689634914,8927.39107278903,7313.65328033916,8521.83288436832
14664.446570262,7108.88954223724,8903.73732858049,7337.71673410029,8543.27756787403
14685.6466375876,7090.75231138669,8879.93180036033,7361.83052286201,8564.40112829494
14706.8467049132,7073.06517736989,8855.98686821531,7385.98200834075,8585.19213356365
14728.0467722388,7055.83791435711,8831.91500476257,7410.15850859453,8605.63929101345
14749.2468395644,7039.08009245367,8807.72877020574,7434.34730318932,8625.73145250854
14770.44690689,7022.80107306437,8783.44080732893,7458.53563841463,8645.4576195677
14791.6469742156,7007.01000428621,8759.06383642735,7482.71073254967,8664.80694848109
14812.8470415412,6991.71581633044,8734.61065017392,7506.85978117989,8683.76875541942
14834.0471088668,6976.92721697517,8710.0941084208,7530.96996256518,8702.33252153471
14855.2471761924,6962.65268704995,8685.52713293521,7555.02844305964,8720.48789805172
14876.447243518,6948.90047595349,8660.92270206869,7579.02238258369,8738.22471134915
14897.6473108436,6935.67859720644,8636.29384535905,7602.9389401487,8755.53296802947
14918.8473781692,6922.99482404045,8611.65363806451,7626.76527943441,8772.40285997609
14940.0474454948,6910.85668502557,8587.01519562929,7650.48857441944,8788.82476939682
14961.2475128204,6899.27145973771,8562.39166808033,7674.09601506487,8804.78927385191
14982.447580146,6888.2461744682,8537.79623435453,7697.57481305092,8820.28715126543
15003.6476474716,6877.78759797742,8513.24209655643,7720.91220756671,8835.3093849181
15024.8477147972,6867.90223729487,8488.74247414586,7744.0954711528,8849.84716841996
15046.0477821228,6858.59633356767,8464.31059805551,7767.11191559635,8863.89191066117
15067.2478494484,6849.87585796031,8439.95970473852,7789.94889787831,8877.4352407386
15088.447916774,6841.74650760766,8415.70303014604,7812.59382617219,8890.4690128565
15109.6479840996,6834.21370162416,8391.55380363494,7835.03416589399,8902.98531119894
15130.8480514252,6827.28257717184,8367.52524180614,7857.25744580192,8914.97645477156
15152.0481187508,6820.95798558973,8343.6305422739,7879.25126414567,8926.43500221059
15173.2481860764,6815.24448858776,8319.88287736674,7901.00329486378,8937.35375655624
15194.448253402,6810.14635450794,8296.29538776063,7922.50129382801,8947.72576998816
15215.6483207277,6805.66755465602,8272.88117604548,7943.73310513342,8957.54434852002
15236.8483880533,6801.81175970637,8249.65330022574,7964.68666743274,8966.8030566507
15258.0484553789,6798.58233618376,8226.6247671565,7985.35002031328,8975.49572196874
15279.2485227045,6795.98234302475,8203.80852591632,8005.71131071472,8983.61643970753
15300.4485900301,6794.01452822247,8181.21746111829,8025.75879938577,8991.1595772478
15321.6486573557,6792.68132555776,8158.86438616105,8045.48086737776,8998.11977856429
15342.8487246813,6791.98485142024,8136.76203642144,8064.86602257278,9004.49196861354
15364.0487920069,6791.92690172293,8114.92306239109,8083.90290624396,9010.27135765906
15385.2488593325,6792.50894891356,8093.36002275883,8102.58029964551,9015.45344553085
15406.4489266581,6793.73213908646,8072.08537744136,8120.88713062959,9020.0340258154
15427.6489939837,6795.59728919843,8051.11148056495,8138.81248028719,9024.00918997282
15448.8490613093,6798.10488439233,8030.45057340057,8156.34558960994,9027.37533137728
15470.0491286349,6801.25507543184,8010.11477725557,8173.47586616976,9030.12914927706
15491.2491959605,6805.04767625137,7990.11608632502,8190.19289081257,9032.2676526704
15512.4492632861,6809.48216162462,7970.46636050581,8206.48642436296,9033.78816409322
15533.6493306117,6814.55766495548,7951.1773181773,8222.3464143357,9034.68832331482
15554.8493979373,6820.27297619535,7932.26052895201,8237.76300165032,9034.9660909374
15576.0494652629,6826.6265398903,7913.72740640013,8252.72652734461,9034.61975189543
15597.2495325885,6833.61645336208,7895.58920075229,8267.22753928282,9033.6479188506
15618.4495999141,6841.2404650269,7877.8569915844,8281.25679885396,9032.04953547805
15639.6496672397,6849.49597285564,7860.54168048946,8294.8052876557,9029.8238796398
15660.8497345653,6858.38002302592,7843.65398375058,8307.86421414149,9026.97056640027
15682.0498018909,6867.88983703849,7827.20454102148,8320.42481931123,9023.48908872026
15703.2498692165,6878.02230603424,7811.20381029305,8332.47856632092,9019.3792557859
15724.4499365421,6888.77346150534,7795.66194018377,8344.01734746928,9014.64166335318
15745.6500038677,6900.13899375502,7780.58886918951,8355.03330106274,9009.27724268276
15766.8500711933,6912.11423795138,7765.99431533837,8365.51882357419,9003.28727414727
15788.0501385189,6924.69417329276,7751.88776884117,8375.46657622701,8996.67338981932
15809.2502058445,6937.87342262394,7738.27848483038,8384.86949140733,8989.43757567708
15830.4502731701,6951.64625222472,7725.17547613126,8393.72077901615,8981.58217366014
15851.6503404957,6966.00657176942,7712.58750606998,8402.01393275742,8973.10988357544
15872.8504078213,6980.94793446191,7700.52308132519,8409.74273635559,8964.02376484792
15894.0504751469,6996.46353735015,7688.9904448296,8416.90126969626,8954.32723811074
15915.2505424725,7012.5462218253,7677.99756872824,8423.48391488283,8944.0240866294
15936.4506097981,7029.18847431009,7667.5521474006,8429.48536220238,8933.11845755394
15957.6506771237,7046.38242714152,7657.66159055368,8434.90061599336,8921.61486299336
15978.8507444493,7064.11985965332,7648.3330163935,8439.72500040751,8909.51818090581
16000.0508117749,7082.39219946365,7639.57324488269,8443.95416505844,8896.83365579802
16021.2508791005,7101.1905239739,7631.38879109201,8447.58409054876,8883.56689922731
16042.4509464261,7120.50556208477,7623.78585865401,8450.61109386753,8869.72389009893
16063.6510137517,7140.32769613593,7616.77033332701,8453.0318336495,8855.31097475127
16084.8510810773,7160.64696407615,7610.34777667814,8454.84331528755,8840.33486682149
16106.0511484029,7181.45306187062,7604.52341989406,8456.0428958891,8824.80264688328
16127.2512157285,7202.73534615305,7599.30215772857,8456.62828906733,8808.72176184859
16148.4512830541,7224.48283713002,7594.68854259616,8456.59756955778,8792.10002412462
16169.6513503797,7246.68422174538,7590.68677882111,8455.94917765049,8774.94561051731
16190.8514177053,7269.32785711317,7587.30071705178,8454.68192342759,8757.26706087184
16212.0514850309,7292.4017742271,7584.53384885,8452.79499079633,8739.07327644096
16233.2515523565,7315.89368195565,7582.38930146567,8450.28794130689,8720.37351797119
16254.4516196821,7339.79097133135,7580.86983280682,8447.16071774443,8701.17740349707
16275.6516870077,7364.08072014356,7579.97782661578,8443.41364748441,8681.49490583318
16296.8517543333,7388.74969784377,7579.71528786191,8439.04744560033,8661.33634975386
16318.0518216589,7413.78437077277,7580.08383836182,8434.06321771248,8640.71240884982
16339.2518889845,7439.17090771897,7581.08471263811,8428.46246256665,8619.63410205157
16360.4519563101,7464.89518581717,7582.71875402747,8422.24707433122,8598.11278980895
16381.6520236357,7490.942796797,7584.98641104948,8415.41934460126,8576.1601699163
16402.8520909614,7517.29941207401,7587.88781287436,8407.98182652931,8553.78796044457
16424.052158287,7543.95104147668,7591.42283530623,8399.93723331698,8531.00766615236
16445.2522256126,7570.88250784201,7595.59076172823,8391.28901827438,8507.83191769501
16466.4522929382,7598.07834769706,7600.39046319371,8382.04104514927,8484.27369080149
16487.6523602638,7625.52284583612,7605.82040158999,8372.19758127929,8460.34627476646
16508.8524275894,7653.20004243702,7611.87862740653,8361.76329828363,8436.06326712887
16530.052494915,7681.09374178071,7618.56277809528,8350.74327186728,8411.4385669527
16551.2525622406,7709.18752141806,7625.87007678469,8339.14298123157,8386.48636765047
16572.4526295662,7737.4647417674,7633.79733135395,8326.96830809001,8361.2211493597
16593.6526968918,7765.90855614733,7642.3409338782,8314.22553527876,8335.657670866
16614.8527642174,7794.50192124798,7651.49686045505,8300.9213449527,8309.81096106743
16636.052831543,7823.22760804258,7661.26067142244,8287.06281635763,8283.6963099757
16657.2528988686,7852.06821313959,7671.62751197732,8272.65742317049,8257.32925925179
16678.4529661942,7881.00617057421,7682.59211320393,8257.7130304002,8230.7255922746
16699.6530335198,7910.02376403568,7694.14879352017,8242.23789084243,8203.90132374298
16720.8531008454,7939.10313952566,7706.29146054925,8226.24064108277,8176.87268881357
16742.053168171,7968.22631844016,7719.01361342372,8209.7302970438,8149.65613177838
16763.2532354966,7997.37521106587,7732.30834552758,8192.71624907272,8122.26829428822
16784.4533028222,8026.53163047956,7746.16834768146,8175.20825656728,8094.72600312992
16805.6533701478,8055.67730683629,7760.58591177486,8157.21644213929,8067.04625756783
16826.8534374734,8084.79390203109,7775.55293484846,8138.75128531604,8039.2462162616
16848.053504799,8113.86302471516,7791.06092362822,8119.82361578161,8011.34318377503
16869.2535721246,8142.8662456462,7807.10099951202,8100.44460616124,7983.35459669258
16890.4536394502,8171.7851133497,7823.6639040081,8080.62576435383,7955.29800936274
16911.6537067758,8200.6011700661,7840.74000462385,8060.37892541862,7927.19107928911
16932.8537741014,8229.29596795611,7858.31930120144,8039.71624302398,7899.05155219278
16954.053841427,8257.8510855347,7876.39143269626,8018.65018046782,7870.89724677123
16975.2539087526,8286.24814430213,7894.94568439216,7997.19350128045,7842.74603918135
16996.4539760782,8314.46882553834,7913.97099554656,7975.35925942223,7814.61584727568
17017.6540434038,8342.4948872256,7933.45596745697,7953.16078909027,7786.52461462314
17038.8541107294,8370.30818106237,7953.38887193911,7930.61169414929,7758.49029434708
17060.054178055,8397.89110077831,7973.75775805732,7907.72566974524,7730.53045539394
17081.2542453806,8425.22663576554,7994.55048412396,7884.51646884357,7702.66222579725
17102.4543127062,8452.29703246063,8015.75441873806,7860.99841059564,7674.90347016005
17123.6543800318,8479.08469110398,8037.35663730675,7837.18603922364,7647.27200561728
17144.8544473574,8505.57218716687,8059.34393295021,7813.09411220166,7619.7855797483
17166.054514683,8531.74228717427,8081.70282687177,7788.73758830319,7592.46185485234
17187.2545820086,8557.57796523341,8104.41957924027,7764.13161502878,7565.31839155253
17208.4546493342,8583.06241936716,8127.48020037153,7739.29151580849,7538.37263248219
17229.6547166598,8608.17908759478,8150.87046218662,7714.2327770108,7511.64188610549
17250.8547839854,8632.91166371965,8174.57590992597,7688.971034783,7485.14331071101
17272.054851311,8657.2441127846,8198.58187409893,7663.52206174881,7458.89389861595
17293.2549186366,8681.16068615659,8222.87348264695,7637.90175358898,7432.91046061794
17314.4549859622,8704.64593620429,8247.43567329833,7612.12611553108,7407.20961073019
17335.6550532878,8727.68473053341,8272.25320609235,7586.21124877435,7381.80775123456
17356.8551206134,8750.26226574681,8297.31067604972,7560.17333687584,7356.72105808567
17378.055187939,8772.36408069846,8322.59252596669,7534.02863212333,7331.96546669729
17399.2552552646,8793.97606921259,8348.08305930969,7507.79344192052,7307.55665814063
17420.4553225902,8815.08449224201,8373.76645318773,7481.48411520937,7283.51004578172
17441.6553899158,8835.67598944189,8399.6267713796,7455.11702895375,7259.8407623835
17462.8554572414,8855.73759013833,8425.64797739347,7428.70857470792,7236.56364769518
17484.055524567,8875.25672367374,8451.81394753674,7402.27514529264,7213.69323654974
17505.2555918926,8894.22122911388,8478.10848397431,7375.83312160041,7191.24374748734
17526.4556592182,8912.61936430444,8504.51532775417,7349.39885955099,7169.22907192046
17547.6557265438,8930.43981426782,8531.0181717798,7322.98867721628,7147.6627638534
17568.8557938695,8947.67169893407,8557.60067370943,7296.61884213356,7126.55803016675
17590.0558611951,8964.30458020217,8584.24646876319,7270.30555882404,7105.92772147452
17611.2559285207,8980.32846833126,8610.93918241968,7244.06495653311,7085.78432355926
17632.4559958463,8995.733827664,8637.66244298497,7217.91307720652,7066.13994938793
17653.6560631719,9010.51158168651,8664.39989401709,7191.86586371658,7047.006331709
17674.8561304975,9024.65311743237,8691.13520659102,7165.93914835007,7028.39481622884
17696.0561978231,9038.1502892401,8717.8520913892,7140.14864156905,7010.31635536342
17717.2562651487,9050.99605647484,8744.53446025767,7114.50967223519,6992.7809431745
17738.4563324743,9063.18400493206,8771.16634039317,7089.03735269063,6975.7980291554
17759.6563997999,9074.70737308195,8797.73165249308,7063.74695199269,6959.377376296
17780.8564671255,9085.55988937968,8824.21440649983,7038.65356962637,6943.52832294749
17802.0565344511,9095.73575555807,8850.59870786943,7013.7721334066,6928.25979462737
17823.2566017767,9105.22964652053,8876.86876820834,6989.11739023346,6913.58030131345
17844.4566691023,9114.03671024257,8903.00891580317,6964.70389693589,6899.49793476207
17865.6567364279,9122.15256718459,8929.00360590676,6940.54601141925,6886.02036629059
17886.8568037535,9129.5733092265,8954.83743077231,6916.65788412223,6873.15484501709
17908.0568710791,9136.29549814511,8980.49512943014,6893.05344978388,6860.90819654194
17929.2569384047,9142.31616365559,9005.96159720271,6869.7464195206,6849.28682205481
17950.4570057303,9147.63280103868,9031.22189495431,6846.75027321217,6838.2966978501
17971.6570730559,9152.24336837537,9056.26125807225,6824.07825219562,6827.94337523414
17992.8571403815,9156.14628341052,9081.06510517744,6801.74335226463,6818.23198080677
18014.0572077071,9159.34042006701,9105.61904656275,6779.75831697199,6809.16721710024
18035.2572750327,9161.82510463161,9129.90889235796,6758.1356312321,6800.75336355841
18056.4573423583,9163.60011163313,9153.9206604209,6736.88751522008,6792.99427783928
18077.6574096839,9164.66565943314,9177.64058395487,6716.02591856352,6785.89339742437
18098.8574770095,9165.02240554907,9201.05511885261,6695.5625148231,6779.45374151869
18120.0575443351,9164.6714417284,9224.15095076811,6675.50869625731,6773.67791322551
18141.2576116607,9163.61428879249,9246.91500191714,6655.87556886701,6768.56810198061
18162.4576789863,9161.85289126736,9269.33443760861,6636.67394771489,6764.12608623114
18183.6577463119,9159.38961181835,9291.39667250844,6617.91435251505,6760.35323634511
18204.8578136375,9156.2272255044,9313.08937663833,6599.6070034877,6757.25051773756
18226.0578809631,9152.36891386708,9334.40048111203,6581.7618174739,6754.81849420072
18247.2579482887,9147.81825886871,9355.31818361186,6564.38840430521,6753.05733142562
18268.4580156143,9142.57923669273,9375.83095360824,6547.49606342334,6751.96680070345
18289.6580829399,9136.65621141908,9395.9275373257,6531.09378074436,6751.54628279573
18310.8581502655,9130.05392858627,9415.59696245836,6515.19022576275,6751.79477196261
18332.0582175911,9122.77750865092,9434.82854263853,6499.79374888998,6752.71088013966
18353.2582849167,9114.83244035522,9453.61188166174,6484.91237902264,6754.2928412539
18374.4583522423,9106.22458802506,9471.9368808274,6470.55381589517,6756.53850320683
18395.6584195679,9096.96086962135,9489.79390846508,6456.72515816663,6759.44472535507
18416.8584868935,9087.04815538785,9507.17355203082,6443.43331853613,6763.00835257533
18438.0585542191,9076.49327611554,9524.06661875755,6430.68502671369,6767.22620329059
18459.2586215447,9065.30340644201,9540.46422508776,6418.48667928753,6772.09473252529
18480.4586888703,9053.48604934682,9556.35779715134,6406.8443418576,6777.61004482796
18501.6587561959,9041.04902900999,9571.73907339883,6395.76374807941,6783.76789942808
18522.8588235215,9028.00048378488,9586.60010706456,6385.25029884165,6790.56371533711
18544.0588908471,9014.34885913354,9600.93326841978,6375.30906163384,6797.99257653525
18565.2589581727,9000.1029005266,9614.73124681895,6365.94477010069,6806.04923724179
18586.4590254983,8985.27164631242,9627.98705254311,6357.1618237788,6814.7281272638
18607.6590928239,8969.86442055997,9640.69401844416,6348.96428801164,6824.02335741911
18628.8591601495,8953.89082587942,9652.8458013941,6341.35589403829,6833.92872502858
18650.0592274751,8937.36073622442,9664.43638354313,6334.34003925196,6844.43771947412
18671.2592948007,8920.28428967966,9675.46007339059,6327.91978762403,6855.54352781788
18692.4593621263,8902.67188123692,9685.91150667265,6322.09787028962,6867.23904047949
18713.6594294519,8884.53415556291,9695.78564707076,6316.87668629037,6879.51685696719
18734.8594967775,8865.88199976204,9705.07778674483,6312.25830347077,6892.36929165963
18756.0595641031,8846.72653613643,9713.78354669499,6308.24445952371,6905.78837963514
18777.2596314287,8827.07911494649,9721.89887695603,6304.83656318153,6919.76588254506
18798.4596987543,8806.95130717399,9729.42005662825,6302.03569554845,6934.29329452807
18819.65976608,8786.35489729056,9736.34369374887,6299.84261157078,6949.36184816266
18840.8598334056,8765.30187603344,9742.66672500756,6298.25774164073,6964.96252045482
18862.0599007312,8743.80443319103,9748.38641531036,6297.28119333032,6981.08603885806
18883.2599680568,8721.87495040027,9753.50035719552,6296.91275325148,6997.72288732308
18904.4600353824,8699.52599395775,9758.00647010524,6297.15188903854,7014.86331237443
18925.660102708,8676.7703076466,9761.90299951707,6297.99775144962,7032.49732921171
18946.8601700336,8653.6208055811,9765.18851593873,6299.44917658318,7050.61472783252
18968.0602373592,8630.09056507065,9767.86191377009,6301.50468820607,7069.205079175
18989.2603046848,8606.19281950499,9769.92241003593,6304.16250018964,7088.25774127738
19010.4603720104,8581.94095126226,9771.36954299336,6307.42051905034,7107.76186545233
19031.660439336,8557.34848464157,9772.20317061708,6311.27634659143,7127.70640247374
19052.8605066616,8532.42907882154,9772.42346896661,6315.72728264227,7148.08010877383
19074.0605739872,8507.1965208465,9772.03093043844,6320.770327892,7168.87155264837
19095.2606413128,8481.66471864143,9771.02636190694,6326.40218681427,7190.06912046802
19116.4607086384,8455.84769405751,9769.41088275731,6332.61927067972,7211.66102289367
19137.660775964,8429.75957594903,9767.18592281382,6339.41770065317,7233.6353010939
19158.8608432896,8403.41459328333,9764.35322016688,6346.7933109724,7255.97983296271
19180.0609106152,8376.82706828481,9760.91481890179,6354.74165220542,7278.68233933556
19201.2609779408,8350.01140961394,9756.87306673263,6363.2579945834,7301.73039020222
19222.4610452664,8322.98210558271,9752.23061254431,6372.33733140631,7325.11141091453
19243.661112592,8295.75371740706,9746.99040384556,6381.97438251849,7348.81268838753
19264.8611799176,8268.34087249757,9741.15568413613,6392.16359785144,7372.82137729267
19286.0612472432,8240.758257789,9734.72999019076,6402.89916103121,7397.1245062412
19307.2613145688,8213.02061310956,9727.71714926286,6414.17499304781,7421.70898395688
19328.4613818944,8185.14272459064,9720.12127621046,6425.98475598431,7446.56160543632
19349.66144922,8157.1394181175,9711.94677054713,6438.32185680296,7471.66905809599
19370.8615165456,8129.02555282158,9703.19831342035,6451.17945118646,7497.01792790476
19392.0615838712,8100.81601461501,9693.88086451964,6464.55044743184,7522.5947055007
19413.2616511968,8072.52570976742,9683.99965891695,6478.42751039508,7548.38579229148
19434.4617185224,8044.16955852571,9673.56020384132,6492.80306548439,7574.37750653735
19455.661785848,8015.76248877697,9662.56827539022,6507.66930270029,7600.55608941589
19476.8618531736,7987.31942975462,9651.02991517927,6523.01818072058,7626.90771106776
19498.0619204992,7958.85530578812,9638.95142693253,6538.84143102876,7653.4184766231
19519.2619878248,7930.38503009613,9626.33937301515,6555.13056208405,7680.07443220759
19540.4620551504,7901.92349862332,9613.20057090993,6571.8768635315,7706.86157092808
19561.662122476,7873.48558392054,9599.54208963963,6589.07141045121,7733.76583883716
19582.8621898016,7845.08612906858,9585.37124613657,6606.70506764467,7760.77314087641
19604.0622571272,7816.73994164499,9570.6956015606,6624.76849395772,7787.86934679815
19625.2623244528,7788.46178773396,9555.52295756726,6643.25214663861,7815.04029706532
19646.4623917784,7760.266385979,9539.86135252697,6662.14628573027,7842.27180872964
19667.662459104,7732.16840167803,9523.71905769648,6681.44097849597,7869.5496812877
19688.8625264296,7704.18244092045,9507.10457334363,6701.12610387751,7896.85970251527
19710.0625937552,7676.32304476602,9490.02662482629,6721.19135698521,7924.18765427968
19731.2626610808,7648.60468346489,9472.49415862625,6741.62625361922,7951.51931833057
19752.4627284064,7621.04175071849,9454.51633833884,6762.42013482146,7978.84048206898
19773.662795732,7593.64855798065,9436.10254061882,6783.56217145793,8006.13694429531
19794.8628630576,7566.43932879847,9417.26235108311,6805.04136883104,8033.39452093606
19816.0629303832,7539.42819319254,9398.00556017066,6826.84657132159,8060.59905074994
19837.2629977088,7512.62920081508,9378.342163284,6848.96645993187,8087.73638438561
19858.4630650344,7486.05636847598,9358.28236927606,6871.38953593037,8114.79234329295
19879.66313236,7459.7235218366,9337.83656190951,6894.10418345726,8141.75286009591
19900.8631996856,7433.64436181766,9317.01531105313,6917.09864804205,8168.60392056728
19922.0632670112,7407.83246857623,9295.82937013872,6940.36103783805,8195.33156127329
19943.2633343368,7382.30129591776,9274.28967171623,6963.87932851153,8221.92187534573
19964.4634016624,7357.06416593191,9252.40732301908,6987.64136809168,8248.36101805695
19985.663468988,7332.13426366693,9230.19360148758,7011.63488184992,8274.63521237404
20006.8635363137,7307.52463183851,9207.6599502493,7035.84747721029,8300.73075449606
20028.0636036393,7283.24816557286,9184.81797355597,7060.26664869138,8326.63401937463
20049.2636709649,7259.31760718345,9161.67943217642,7084.87978288025,8352.33146621849
20070.4637382905,7235.74554098088,9138.25623874483,7109.67416343911,8377.8096439825
20091.6638056161,7212.54438811607,9114.56045306404,7134.63697614515,8403.0551968412
20112.8638729417,7189.72640145585,9090.60427736273,7159.75531396437,8428.05486964766
20134.0639402673,7167.30366049132,9066.40005150635,7185.01618215993,8452.79551337763
20155.2640075929,7145.28806627841,9041.96024816052,7210.4065034359,8477.26409055961
20176.4640749185,7123.69133641082,9017.29746790641,7235.91312311699,8501.44768069076
20197.6641422441,7102.52500002532,8992.42443430716,7261.52281436509,8525.33348563913
20218.8642095697,7081.80039283919,8967.35398892437,7287.22228343349,8548.90883503216
20240.0642768953,7061.52865222039,8942.09908628404,7312.99817495925,8572.16119163172
20261.2643442209,7041.7207122904,8916.67278879071,7338.83707729494,8595.07815669557
20282.4644115465,7022.38729906003,8891.08826158911,7364.7255278801,8617.6474753252
20303.6644788721,7003.53892559884,8865.35876737232,7390.65001865339,8639.8570418001
20324.8645461977,6985.18588723851,8839.4976611354,7416.59700150621,8661.69490489803
20346.0646135233,6967.3382568108,8813.51838487377,7442.55289377837,8683.14927320118
20367.2646808489,6950.00587992083,8787.43446222513,7468.50408379665,8704.20852038785
20388.4647481745,6933.19837025659,8761.25949305432,7494.43693645672,8724.86119050898
20409.6648155001,6916.92510493541,8735.00714797991,7520.33779884941,8745.09600324935
20430.8648828257,6901.19521988866,8708.69116284201,7546.19300593131,8764.90185917241
20452.0649501513,6886.01760528562,8682.32533311012,7571.98888624087,8784.2678449483
20473.2650174769,6871.40090099806,8655.92350823051,7597.71176766004,8803.18323856401
20494.4650848025,6857.35349210657,8629.49958591228,7623.34798322192,8821.63751451475
20515.6651521281,6843.8835044505,8603.06750635137,7648.88387696498,8839.62034897559
20536.8652194537,6830.9988002229,8576.64124639211,7674.30580983365,8857.12162495196
20558.0652867793,6818.70697361223,8550.23481362541,7699.60016562607,8874.13143740789
20579.2653541049,6807.01534649286,8523.86224042357,7724.75335698845,8890.6400983705
20600.4654214305,6795.93096416612,8497.53757791082,7749.75183145645,8906.63814200919
20621.6654887561,6785.46059115413,8471.27488986972,7774.5820775434,8922.11632968793
20642.8655560817,6775.61070704867,8445.08824658294,7799.23063087489,8937.06565498881
20664.0656234073,6766.38750241723,8418.9917186104,7823.68408036984,8951.47734870501
20685.2656907329,6757.79687476892,8392.9993705018,7847.92907446715,8965.34288380113
20706.4657580585,6749.84442458253,8367.12525444453,7871.95232739776,8978.65398033883
20727.6658253841,6742.53545139971,8341.38340384738,7895.74062550113,8991.40261036544
20748.8658927097,6735.8749499857,8315.7878268602,7919.2808335856,9003.58100276314
20770.0659600353,6729.86760656077,8290.35249983019,7942.55990133131,9015.18164805642
20791.2660273609,6724.51779510513,8265.09136069526,7965.56486973507,9026.19730317497
20812.4660946865,6719.82957374048,8240.01830231538,7988.28287759548,9036.62099616946
20833.6661620121,6715.80668119127,8215.14716574281,8010.7011680373,9046.44603087732
20854.8662293377,6712.45253332902,8190.49173343213,8032.8070950732,9055.66599153562
20876.0662966633,6709.7702198028,8166.06572239155,8054.58813020143,9064.2747473379
20897.2663639889,6707.7625007595,8141.88277727668,8076.03186903765,9072.26645693206
20918.4664313145,6706.43180365708,8117.95646342833,8097.12603797857,9079.63557285581
20939.6664986401,6705.78022017472,8094.30025985629,8117.85850089559,9086.37684590646
20960.8665659657,6705.80950322275,8070.92755217068,8138.21726585595,9092.48532944167
20982.0666332913,6706.52106405685,8047.85162546311,8158.19049186887,9097.95638360758
21003.2667006169,6707.91596949941,8025.08565714002,8177.76649565419,9102.78567949078
21024.4667679425,6709.99493927228,8002.64270971035,8196.93375843042,9106.96920319034
21045.6668352681,6712.75834344436,7980.53572353044,8215.68093271954,9110.50325980638
21066.8669025937,6716.20619999795,7958.77750950884,8233.99684916493,9113.38447734108
21088.0669699193,6720.33817251759,7937.38074177416,8251.87052335959,9115.60981050844
21109.2670372449,6725.15356800517,7916.3579503089,8269.29116268084,9117.17654444876
21130.4671045705,6730.65133482524,7895.72151355304,8286.24817312768,9118.08229834386
21151.6671718961,6736.83006078424,7875.48365098066,8302.73116615742,9118.32502892902
21172.8672392217,6743.68797134761,7855.65641565348,8318.72996551706,9117.90303389725
21194.0673065473,6751.22292799841,7836.25168675542,8334.23461406546,9116.81495519223
21215.2673738729,6759.43242674162,7817.28116211217,8349.23538058188,9115.05978218509
21236.4674411986,6768.31359675753,7798.75635070022,8363.72276655644,9112.63685473133
21257.6675085242,6777.8631992086,7780.68856514998,8377.68751295745,9109.54586610304
21278.8675758498,6788.07762620301,7763.08891424777,8391.12060697111,9105.78686579246
21300.0676431754,6798.9528999192,7745.96829544144,8404.01328870833,9101.36026218233
21321.267710501,6810.48467189505,7729.33738735505,8416.35705787331,9096.2668250784
21342.4677778266,6822.66822344989,7713.20664252409,8428.14368002209,9090.50768726217
21363.6678451522,6835.4990390053,7697.58640592497,8439.36497463653,9084.08384514031
21384.8679124778,6848.97216122779,7682.48678000046,8450.01305803505,9076.99671776771
21406.0679798034,6863.08180446275,7667.91752635201,8460.0804969285,9069.24849366896
21427.268047129,6877.8218249158,7653.88815484075,8469.56014348048,9060.84172166503
21448.4681144546,6893.18570885683,7640.40791356705,8478.44514680757,9051.77932260782
21469.6681817802,6909.16657281812,7627.48578154879,8486.72895934866,9042.06459111197
21490.8682491058,6925.75716421793,7615.13046150432,8494.40534305324,9031.70119692118
21512.0683164314,6942.9498621763,7603.35037269506,8501.46837548145,9020.69318610125
21533.268383757,6960.73667852227,7592.15364383369,8507.91245581155,9009.04498205913
21554.4684510826,6979.10925899636,7581.5481060647,8513.73231074784,8996.76138638284
21575.6685184082,6998.05888465212,7571.54128602431,8518.92300032216,8983.84757949756
21596.8685857338,7017.57647346077,7562.14039898718,8523.47992358201,8970.30912113233
21618.0686530594,7037.65258212352,7553.35234210727,8527.39882415755,8956.15195059224
21639.268720385,7058.27740809539,7545.18368776037,8530.67579570052,8941.38238683049
21660.4687877106,7079.44079182572,7537.64067699635,8533.3072871869,8926.00712831433
21681.6688550362,7101.13221921976,7530.72921310892,8535.29010807575,8910.03325267931
21702.8689223618,7123.34082432673,7524.4548553312,8536.62143331579,8893.46821616508
21724.0689896874,7146.05539225911,7518.82281266539,8537.29880819176,8876.31985282673
21745.269057013,7169.26436234928,7513.83793785521,8537.32015300171,8858.59637351467
21766.4691243386,7192.95583154873,7509.50472150977,8536.68376755667,8840.30636461618
21787.6691916642,7217.1175580763,7505.82728638775,8535.38833549374,8821.45878655136
21808.8692589898,7241.73696532132,7502.80938185121,8533.43292839339,8802.06297201603
21830.0693263154,7266.80114600847,7500.45437849808,8530.8170096917,8782.12862396381
21851.269393641,7292.29686663112,7498.76526298291,8527.54043837784,8761.66581331924
21872.4694609666,7318.21057215994,7497.74463303561,8523.6034724673,8740.68497641398
21893.6695282922,7344.52839103439,7497.39469268775,8519.00677224065,8719.19691213718
21914.8695956178,7371.23614044416,7497.71724771655,8513.75140323805,8697.21277879189
21936.0696629434,7398.3193319085,7498.71370131662,8507.83883899898,8674.74409064804
21957.269730269,7425.76317716108,7500.3850500097,8501.27096353698,8651.80271418341
21978.4697975946,7453.55259434819,7502.73187980259,8494.05007353885,8628.40086400324
21999.6698649202,7481.6722145483,7505.75436260399,8486.17888027765,8604.5510984293
22020.8699322458,7510.10638862092,7509.45225291048,8477.66051122896,8580.26631474918
22042.0699995714,7538.83919439254,7513.82488477247,8468.4985113796,8555.55974411662
22063.270066897,7567.85444418747,7518.8711690506,8458.69684421808,8530.44494609368
22084.4701342226,7597.13608934153,7524.58967819072,8448.25974004689,8504.93545717874
22105.6702015482,7626.66837771155,7530.97869146449,8437.19163246194,8479.04464460214
22126.8702688738,7656.43440785544,7538.03587260907,8425.49770806351,8452.78697686892
22148.0703361994,7686.41702914719,7545.75845096485,8413.18357619703,8426.17724290974
22169.270403525,7716.59886525045,7554.14322315248,8400.25526553024,8399.23053000672
22190.4704708506,7746.96232262271,7563.18655193147,8386.71922352956,8371.96221705467
22211.6705381762,7777.48960044735,7572.88436563831,8372.5823150972,8344.387966567
22232.8706055018,7808.16270099322,7583.23215800132,8357.85182079826,8316.52371623454
22254.0706728274,7838.96344038719,7594.2249883385,8342.53543467633,8288.38567004613
22275.270740153,7869.87345980212,7605.85748214768,8326.64126164895,8259.99028896633
22296.4708074786,7900.87423706266,7618.12383209885,8310.17781447417,8231.35428116602
22317.6708748042,7931.94709866861,7631.01779943702,8293.15401028076,8202.49459180354
22338.8709421298,7963.07323223528,7644.53271580409,8275.57916665491,8173.42839235483
22360.0710094554,7994.23369934779,7658.66148548746,8257.46299727732,8144.1730694928
22381.271076781,8025.40944882448,7673.39658810224,8238.81560710558,8114.74621351826
22402.4711441067,8056.58133038353,7688.73008171347,8219.6474870975,8085.16560634543
22423.6712114323,8087.73010870366,7704.65360640358,8199.96950847235,8055.44920904799
22444.8712787579,8118.83647786875,7721.15838828988,8179.79291650808,8025.61514897298
22466.0713460835,8149.88107618349,7738.23524399545,8159.12932387374,7995.68170643193
22487.2714134091,8180.84450134511,7755.87458557613,8137.99070349773,7965.66730098081
22508.4714807347,8211.7073259541,7774.06642590526,8116.38938097378,7935.59047730248
22529.6715480603,8242.45011334431,7792.80038451611,8094.33802650798,7905.46989070733
22550.8716153859,8273.05343371094,7812.06569390183,8071.84964641168,7875.32429227029
22572.0716827115,8303.4978805122,7831.85120627053,8048.93757414636,7845.17251362398
22593.2717500371,8333.76408711853,7852.1454007521,8025.61546092855,7815.03345143084
22614.4718173627,8363.83274368112,7872.93639105272,8001.89726590376,7784.92605155804
22635.6718846883,8393.68461418921,7894.21193355068,7977.79724590044,7754.86929298211
22656.8719520139,8423.3005536839,7915.95943582657,7953.32994477624,7724.88217145125
22678.0720193395,8452.66152559417,7938.16596561935,7928.51018237041,7694.98368293587
22699.2720866651,8481.74861915945,7960.81826019822,7903.35304307773,7665.19280689912
22720.4721539907,8510.54306690109,7983.90273613924,7877.87386406059,7635.5284894211
22741.6722213163,8539.02673442784,8007.40560677931,7852.08803967589,7606.00921274782
22762.8722886419,8567.1820583469,8031.31288977142,7826.01103136971,7576.65303935495
22784.0723559675,8594.99080866888,8055.6101307345,7799.65883672102,7547.47870146039
22805.2724232931,8622.43496840812,8080.28259775206,7773.04765381711,7518.50483106032
22826.4724906187,8649.4967468988,8105.31529171886,7746.19387131236,7489.74994475709
22847.6725579443,8676.15859593963,8130.69295796728,7719.11405531339,7461.23242744894
22868.8726252699,8702.40322647943,8156.40009836215,7691.82493571915,7432.97051548892
22890.0726925955,8728.21362506139,8182.42098367674,7664.34339236067,7404.98227996837
22911.2727599211,8753.57306997131,8208.73966622651,7636.68644097148,7377.28561017529
22932.4728272467,8778.46514704932,8235.33999273903,7608.8712190152,7349.8981972664
22953.6728945723,8802.87376512603,8262.20561743818,7580.91497139684,7322.83751819065
22974.8729618979,8826.78317104549,8289.32001531976,7552.83503608433,7296.12081990096
22996.0730292235,8850.17796423846,8316.66649559581,7524.64882966739,7269.7651038902
23017.2730965491,8873.04311081164,8344.22821528379,7496.3738328805,7243.78711108565
23038.4731638747,8895.36395712027,8371.98819291727,7468.0275761166,7218.20330713491
23059.6732312003,8917.12624279363,8399.92932235416,7439.6276249582,7193.02986811435
23080.8732985259,8938.31611318569,8428.03438665872,7411.19156575143,7168.28266668937
23102.0733658515,8958.92013122516,8456.28607203365,7382.7369912489,7143.9772587534
23123.2734331771,8978.92528864227,8484.66698177864,7354.28148634593,7120.12887057078
23144.4735005027,8998.31901655218,8513.15965025223,7325.84261393412,7096.7523864458
23165.6735678283,9017.0891953779,8541.7465568141,7297.43790089547,7073.86233693805
23186.8736351539,9035.22416409835,8570.41013972569,7269.08482425894,7051.47288764161
23208.0737024795,9052.71272881024,8599.13280998699,7240.80079754091,7029.59782854313
23229.2737698051,9069.54417059563,8627.8969650889,7212.60315728899,7008.25056397102
23250.4738371307,9085.70825268954,8656.68500266061,7184.50914984818,6987.44410314542
23271.6739044563,9101.19522694516,8685.47933399256,7156.53591836685,6967.19105133642
23292.8739717819,9115.99583959715,8714.26239741637,7128.70049005848,6947.50360163465
23314.0740391075,9130.10133632598,8743.01667152413,7101.01976373429,6928.39352733673
23335.2741064331,9143.50346662912,8771.7246882102,7073.51049762007,6909.87217494497
23356.4741737587,9156.19448750719,8800.36904551998,7046.18929746948,6891.95045777874
23377.6742410843,9168.16716647598,8828.93242029085,7019.07260498455,6874.63885019274
23398.8743084099,9179.41546913931,8857.39774244426,6992.17641797455,6857.94677798221
23420.0743757355,9189.93392774099,8885.7480740105,6965.51651377634,6841.88316748616
23441.2744430611,9199.71681763108,8913.9664220733,6939.10876461645,6826.45717092776
23462.4745103867,9208.75894528322,8942.03592425506,6912.96882963133,6811.67747120307
23483.6745777123,9217.05562948411,8969.93985510508,6887.11215290276,6797.55229553203
23504.8746450379,9224.6027004111,8997.66163710239,6861.55395404368,6784.08941332718
23526.0747123635,9231.39649862458,9025.18485150087,6836.3092189374,6771.29613417384
23547.2747796891,9237.43387355089,9052.49324889707,6811.39269081393,6759.17930629982
23568.4748470147,9242.71218146897,9079.57075951298,6786.81886166795,6747.74531552628
23589.6749143404,9247.22928302266,9106.40150318862,6762.60196401871,6737.00008468281
23610.8749816659,9250.98354028123,9132.96979908037,6738.75596301122,6726.94907346935
23632.0750489916,9253.97381337074,9159.26017506166,6715.29454885758,6717.59727874738
23653.2751163172,9256.19945669897,9185.2573768234,6692.2311296163,6708.94923524239
23674.4751836428,9257.6603147969,9210.94637667225,6669.57882430708,6701.00901663921
23695.6752509684,9258.35671779887,9236.31238202557,6647.35045635805,6693.78023705252
23716.875318294,9258.28947658393,9261.34084360227,6625.55854738162,6687.26605285418
23738.0753856196,9257.45987760004,9286.01746330983,6604.21531127505,6681.4691648396
23759.2754529452,9255.86967739231,9310.32820182761,6583.33264864137,6676.39182071576
23780.4755202708,9253.52109685617,9334.2592858879,6562.92214152561,6672.03581789347
23801.6755875964,9250.41681523524,9357.79721525575,6542.99504846164,6668.4025065672
23822.875654922,9246.55996388329,9380.92876940985,6523.5622998242,6665.49279306629
23844.0757222476,9241.95411980883,9403.64101392632,6504.63449348071,6663.30714346162
23865.2757895732,9236.60329901995,9425.92130656842,6486.22189073727,6661.84558741274
23886.4758568988,9230.51194968626,9447.75730308461,6468.3344125732,6661.10772224095
23907.6759242244,9223.68494513391,9469.13696271858,6450.98163615824,6661.09271721421
23928.87599155,9216.127576689,9490.04855343429,6434.17279164682,6661.79931803076
23950.0760588756,9207.84554638336,9510.4806568599,6417.91675924322,6663.22585148898
23971.2761262012,9198.84495953625,9530.42217295417,6402.22206653205,6665.37023033123
23992.4761935268,9189.13231722468,9549.86232439944,6387.09688606817,6668.22995825055
24013.6762608524,9178.71450865386,9568.79066072522,6372.54903322008,6671.80213504962
24034.876328178,9167.59880343887,9587.19706216662,6358.58596426126,6676.08346194178
24056.0763955036,9155.79286343496,9605.0717479733,6345.21476709568,6681.07022950374
24077.2764628292,9143.30542849245,9622.40544798189,6332.44188638637,6686.75770804582
24098.4765301548,9130.14515140138,9639.18913875329,6320.27356331156,6693.14117921678
24119.6765974804,9116.32068257176,9655.41406226739,6308.7158098038,6700.21585542616
24140.876664806,9101.8410220869,9671.07180788625,6297.77427036555,6707.97657085614
24162.0767321316,9086.71550407662,9686.15431258182,6287.4542244172,6716.41779457544
24183.2767994572,9070.95378855208,9700.65386307467,6277.76058596319,6725.53363666487
24204.4768667828,9054.56585334578,9714.56309778196,6268.69790341173,6735.31785429944
24225.6769341084,9037.56198602305,9727.87500853999,6260.27035959644,6745.76385791293
24246.877001434,9019.95277576806,9740.58294210505,6252.48177199552,6756.86471744186
24268.0770687596,9001.74910524936,9752.6806014374,6245.33559314371,6768.61316864311
24289.2771360852,8982.96214247017,9764.16204677276,6238.83491123177,6781.00161948036
24310.4772034108,8963.60333260754,9775.02169648603,6232.98245088889,6794.02215657412
24331.6772707364,8943.68438984505,9785.25432775181,6227.78057414303,6807.66655171093
24352.877338062,8923.21728920272,9794.85507700641,6223.23128155434,6821.92626840715
24374.0774053876,8902.21425836822,9803.81944021581,6219.33621351704,6836.79246852305
24395.2774727132,8880.68776953238,9812.14327295424,6216.09665172514,6852.25601892338
24416.4775400388,8858.65053123275,9819.82279029804,6213.51352079712,6868.30749818038
24437.6776073644,8836.11548020815,9826.85456653919,6211.58739005522,6884.93720331543
24458.87767469,8813.09577326704,9833.23553472306,6210.31847545482,6902.13515657597
24480.0777420156,8789.60477917261,9838.96298601509,6209.70664165932,6919.89111224416
24501.2778093412,8765.65607054722,9844.0345689006,6209.75140425614,6938.19456347399
24522.4778766668,8741.26341579852,9848.44828822241,6210.45193210959,6957.03474915361
24543.6779439924,8716.44077106986,9852.20250406045,6211.8070498462,6976.40066078994
24564.878011318,8691.20227221702,9855.29593045804,6213.81524046829,6996.28104941226
24586.0780786436,8665.56222681355,9857.72763399883,6216.47464809159,7016.66443249233
24607.2781459692,8639.53510618678,9859.49703223895,6219.78308080279,7037.53910087789
24628.4782132948,8613.13553748628,9860.60389199854,6223.73801363295,7058.89312573697
24649.6782806204,8586.3782957869,9861.04832751667,6228.33659164279,7080.71436551045
24670.878347946,8559.27829622793,9860.83079847415,6233.57563311578,7102.99047287015
24692.0784152716,8531.85058619033,9859.952107888,6239.45163285538,7125.70890168017
24713.2784825972,8504.11033751334,9858.4133998817,6245.9607655824,7148.85691395901
24734.4785499228,8476.07283875236,9856.2161573352,6253.09888942889,7172.42158684016
24755.6786172484,8447.75348747928,9853.36219941853,6260.86154952477,7196.38981952899
24776.878684574,8419.16778262684,9849.85367901299,6269.24398167375,7220.74834025378
24798.0787518996,8390.33131687818,9845.69308002341,6278.24111611494,7245.48371320877
24819.2788192253,8361.25976910302,9840.88321458532,6287.84758136671,7270.58234548728
24840.4788865509,8331.96889684139,9835.42722017067,6298.05770814951,7296.0304940032
24861.6789538765,8302.47452883618,9829.32855659543,6308.86553338433,7321.81427239853
24882.8790212021,8272.79255761544,9822.59100293269,6320.26480426376,7347.91965793595
24904.0790885277,8242.93893212537,9815.21865433444,6332.24898239231,7374.332498374
24925.2791558533,8212.92965041488,9807.21591876548,6344.81124799335,7401.03851882401
24946.4792231789,8182.78075237241,9798.58751365241,6357.94450417947,7428.02332858682
24967.6792905045,8152.50831251588,9789.33846245078,6371.64138128364,7455.2724279681
24988.8793578301,8122.12843283618,9779.47409113367,6385.89424124844,7482.77121507099
25010.0794251557,8091.65723569487,9769.00002460407,6400.69518207086,7510.50499256484
25031.2794924813,8061.11085677659,9757.92218303432,6416.03604229986,7538.45897442882
25052.4795598069,8030.50543809641,9746.24677813487,6431.90840558486,7566.61829266951
25073.6796271325,7999.85712106262,9733.98030935517,6448.30360527231,7594.9680040115
25094.8796944581,7969.18203959501,9721.12956001907,6465.21272904857,7623.4930965601
25116.0797617837,7938.49631329908,9707.70159339701,6482.62662362689,7652.17849643535
25137.2798291093,7907.81604069587,9693.70374871735,6500.53589947661,7681.0090743769
25158.4798964349,7877.15729250779,9679.14363711879,6518.93093559257,7709.96965231887
25179.6799637605,7846.53610500032,9664.02913754607,6537.80188430328,7739.04500993429
25200.8800310861,7815.96847337936,9648.36839259078,6557.13867611596,7768.21989114883
25222.0800984117,7785.47034524405,9632.1698042789,6576.93102459724,7797.47901062325
25243.2801657373,7755.0576140951,9615.44202980715,6597.16843128776,7826.8070602045
25264.4802330629,7724.74611289796,9598.19397722914,6617.84019064972,7856.18871534515
25285.6803003885,7694.55160770077,9580.43480109332,6638.93539504604,7885.60864149112
25306.8803677141,7664.48979130655,9562.17389803369,6660.44293975004,7915.05150043759
25328.0804350397,7634.57627699928,9543.42090231462,6682.35152798478,7944.50195665321
25349.2805023653,7604.82659232333,9524.18568133086,6704.64967599116,7973.94468357254
25370.4805696909,7575.25617291573,9504.47833106385,6727.32571812397,8003.36436985708
25391.6806370165,7545.88035639072,9484.30917149497,6750.36781197535,8032.74572562489
25412.8807043421,7516.7143762761,9463.68874197677,6773.76394352496,8062.07348864911
25434.0807716677,7487.77335600056,9442.62779656268,6797.50193231665,8091.33243052582
25455.2808389933,7459.07230293164,9421.13729929587,6821.56943666101,8120.50736281131
25476.4809063189,7430.62610246337,9399.22841945756,6845.95395886366,8149.58314312945
25497.6809736445,7402.44951215326,9376.91252677547,6870.64285047918,8178.54468124935
25518.8810409701,7374.5571770877,9354.20119148058,6895.62330952963,8207.37692634257
25540.0811082957,7346.96367160185,9331.10619090083,6920.88236682715,8236.06483120474
25561.2811756213,7319.68334291823,9307.63947072234,6946.40694845646,8264.59349101948
25582.4812429469,7292.73038004714,9283.81315614564,6972.18385382817,8292.94808333491
25603.6813102725,7266.11881582976,9259.63954833259,6998.19975815523,8321.11386755686
25624.8813775981,7239.86252118924,9235.13111933185,7024.44121792129,8349.07619101792
25646.0814449237,7213.97519959078,9210.3005070101,7050.89467631499,8376.82049486357
25667.2815122493,7188.47038154925,9185.16050994349,7077.54646869003,8404.3323199098
25688.4815795749,7163.36141918065,9159.72408226826,7104.38282805295,8431.59731247541
25709.6816469005,7138.66148079708,9134.00432849004,7131.38989057861,8458.6012301894
25730.8817142261,7114.38354554461,9108.01449825112,7158.55370115451,8485.32994777422
25752.0817815517,7090.54039808383,9081.76798105523,7185.86021895424,8511.769462805
25773.2818488773,7067.14462331289,9055.27830094917,7213.29532304063,8537.90590144521
25794.4819162029,7044.20860113249,9028.55911116052,7240.84481799969,8563.7255241593
25815.6819835285,7021.74450125301,9001.62418869059,7268.49443960561,8589.21473140233
25836.8820508541,6999.76427804352,8974.48742886214,7296.2298605178,8614.36006928698
25858.0821181797,6978.27966542275,8947.16283982061,7324.03669601066,8639.14823522818
25879.2821855053,6957.30217179198,8919.66453698834,7351.90050973679,8663.56608356533
25900.4822528309,6936.84307501031,8892.00673747076,7379.80681952447,8687.60063116232
25921.6823201565,6916.91341741225,8864.20375441368,7407.74110321003,8711.23906298518
25942.8823874821,6897.52400086826,8836.26999131075,7435.68880450606,8734.46873765748
25964.0824548077,6878.68538188861,8808.21993626026,7463.63533890593,8757.27719299305
25985.2825221333,6860.40786677113,8780.06815617029,7491.56609962555,8779.65215150592
26006.482589459,6842.70150679374,8751.82929091143,7519.46646358284,8801.58152589705
26027.6826567846,6825.57609345219,8723.51804741597,7547.32179741576,8823.05342451741
26048.8827241102,6809.04115374433,8695.14919372299,7575.11746353927,8844.05615680697
26070.0827914358,6793.10594550182,8666.73755296835,7602.83882624199,8864.57823870855
26091.2828587614,6777.77945277034,8638.2979973188,7630.47125782279,8884.60839805628
26112.482926087,6763.07038123971,8609.84544184943,7658.00014476809,8904.13557993741
26133.6829934126,6748.98715372535,8581.39483836402,7685.41089396981,8923.14895202664
26154.8830607382,6735.53790570261,8552.9611691572,7712.68893898462,8941.63790989165
26176.0831280638,6722.7304808956,8524.55944071827,7739.81974633458,8959.59208226893
26197.2831953894,6710.57242692235,8496.20467737597,7766.7888218491,8977.00133630821
26218.483262715,6699.07099099832,8467.91191488377,7793.58171704858,8993.85578278415
26239.6833300406,6688.23311570016,8439.69619394542,7820.1840355694,9010.14578127365
26260.8833973662,6678.06543479207,8411.57255368041,7846.58143963021,9025.8619452971
26282.0834646918,6668.57426911698,8383.55602502944,7872.75965653912,9040.99514742149
26303.2835320174,6659.76562255502,8355.66162409939,7898.70448524156,9055.53652432365
26324.483599343,6651.64517805187,8327.90434544848,7924.4018029081,9069.47748181127
26345.6836666686,6644.21829371965,8300.29915531119,7949.83757156165,9082.80969979947
26366.8837339942,6637.48999901315,8272.86098476377,7974.99784474325,9095.52513724069
26388.0838013198,6631.46499098438,8245.60472283049,7999.86877421553,9107.61603700506
26409.2838686454,6626.14763061839,8218.54520953132,8024.43661670272,9119.07493070896
26430.483935971,6621.54193925356,8191.69722887177,8048.68774066605,9129.89464348869
26451.6840032966,6617.65159508959,8165.07550177581,8072.60863311315,9140.06829871659
26472.8840706222,6614.47992978653,8138.6946789628,8096.18590643985,9149.58932265643
26494.0841379478,6612.02992515825,8112.56933376989,8119.40630530275,9158.4514490549
26515.2842052734,6610.30420996392,8086.71395492086,8142.25671352087,9166.64872366629
26536.484272599,6609.30505680108,8061.14293924334,8164.72416100394,9174.17550870651
26557.6843399246,6609.03437910394,8035.87058433599,8186.79583070564,9181.02648723331
26578.8844072502,6609.49372825079,8010.9110811874,8208.45906559905,9187.19666744914
26600.0844745758,6610.68429078404,7986.27850674894,8229.70137567202,9192.68138692284
26621.2845419014,6612.60688574711,7961.98681646395,8250.51044493966,9197.47631672638
26642.484609227,6615.26196214181,7938.0498367554,8270.87413847096,9201.57746548312
26663.6846765526,6618.64959651022,7914.48125747504,8290.78050942676,9204.98118332323
26684.8847438782,6622.76949064513,7891.29462431658,8310.21780610551,9207.68416574265
26706.0848112038,6627.62096943289,7868.50333119623,8329.17447899369,9209.68345736119
26727.2848785294,6633.20297883295,7846.12061260366,8347.639187817,9210.97645557599
26748.484945855,6639.51408399771,7824.15953592687,8365.60080858887,9211.56091410582
26769.6850131806,6646.55246753724,7802.63299375475,8383.04844065205,9211.43494642209
26790.8850805062,6654.3159279324,7781.55369616096,8399.97141370926,9210.5970290624
26812.0851478318,6662.80187810077,7760.93416297343,8416.35929483867,9209.04600482198
26833.2852151574,6672.00734411917,7740.78671603367,8432.20189548956,9206.781085819
26854.485282483,6681.92896410689,7721.12347145015,8447.48927845369,9203.80185642895
26875.6853498086,6692.56298727355,7701.95633185081,8462.21176480723,9200.10827608396
26896.8854171342,6703.90527313557,7683.29697863924,8476.35994081873,9195.70068193237
26918.0854844598,6715.95129090504,7665.15686425977,8489.92466481741,9190.57979135408
26939.2855517854,6728.6961190551,7647.54720447666,8502.89707401693,9184.74670432722
26960.485619111,6742.13444506539,7630.47897067289,8515.26859128866,9178.20290564155
26981.6856864366,6756.26056535173,7613.96288217423,8527.03093187924,9170.95026695394
27002.8857537622,6771.06838538329,7598.0093986044,8538.17611006618,9162.99104868143
27024.0858210878,6786.55142368559,7582.62871306632,8548.69644433838,9154.32789852303
27045.2858884134,6802.70342470958,7567.83087912215,8558.58433035399,9144.963317847
27066.485955739,6819.5175835655,7553.62564769999,8567.83253393573,9134.90033373917
27087.6860230646,6836.98629772002,7540.02239723469,8576.43429276822,9124.14272629586
27108.8860903902,6855.10158907606,7527.03021269631,8584.38316963928,9112.69466109356
27130.0861577158,6873.85509469439,7514.65787595137,8591.67306313933,9100.56069875833
27151.2862250414,6893.23806801685,7502.91385846472,8598.29821382103,9087.74579584927
27172.486292367,6913.24138049675,7491.80631412391,8604.25321016564,9074.25530538647
27193.6863596927,6933.85552344203,7481.34307215111,8609.53299443318,9060.09497718187
27214.8864270182,6955.07061007008,7471.53163010901,8614.13286839124,9045.270957972
27236.0864943439,6976.87637777777,7462.37914700798,8618.04849891526,9029.78979134789
27257.2865616695,6999.26219063009,7453.89243652228,8621.27592345293,9013.65841747713
27278.4866289951,7022.21704207076,7446.0779603228,8623.81155534543,8996.88417261384
27299.6866963207,7045.7295578585,7438.94182153448,8625.65218899778,8979.474788391
27320.8867636463,7069.7879992326,7432.48975832629,8626.7950048906,8961.43839089038
27342.0868309719,7094.38026631191,7426.72713764192,8627.23757442538,8942.78349948455
27363.2868982975,7119.49390173087,7421.65894907975,8626.97786459517,8923.5190254457
27384.4869656231,7145.11609451731,7417.28979893031,8626.01424247253,8903.65427031554
27405.6870329487,7171.23368421597,7413.62390438011,8624.34547950622,8883.19892403036
27426.8871002743,7197.83316526271,7410.66508789039,8621.97075561819,8862.16306279541
27448.0871675999,7224.90069161391,7408.41677176005,8618.88966309204,8840.55714670222
27469.2872349255,7252.42208163634,7406.88197288142,8615.1022102442,8818.39201708232
27490.4873022511,7280.38282326269,7406.06329769841,8610.60882486867,8795.67889359089
27511.6873695767,7308.768079418,7405.96293737623,8605.41035744622,8772.42937101335
27532.8874369023,7337.56269372308,7406.58266319217,8599.50808410856,8748.65541578765
27554.0875042279,7366.75119648038,7407.92382215701,8592.90370934826,8724.36936223528
27575.2875715535,7396.31781094868,7409.98733287677,8585.59936846452,8699.5839084932
27596.4876388791,7426.24645991256,7412.77368166463,8577.59762973524,8674.31211213928
27617.6877062047,7456.52077255328,7416.28291891284,8568.90149630553,8648.56738550322
27638.8877735303,7487.12409162741,7420.51465573471,8559.51440778264,8622.36349065544
27660.0878408559,7518.03948095972,7425.46806088651,8549.44024152753,8595.71453406538
27681.2879081815,7549.24973325692,7431.14185797956,8538.68331363284,8568.63496092193
27702.4879755071,7580.73737824901,7437.53432299254,8527.24837957728,8541.13954910717
27723.6880428327,7612.48469116436,7444.64328209411,8515.14063454659,8513.24340281621
27744.8881101583,7644.47370154507,7452.46610978583,8502.36571341084,8484.96194581486
27766.0881774839,7676.68663928653,7460.999823452,8488.92952238693,8456.31053374814
27787.2882448095,7709.1059827682,7470.24110607982,8474.83821670329,8427.3044023518
27808.4883121351,7741.71310452341,7480.18600312393,8460.09871534876,8397.9598590924
27829.6883794607,7774.48916304673,7490.83010307943,8444.71837319739,8368.29350893715
27850.8884467863,7807.41511709081,7502.1685380653,8428.70498027801,8338.32224006124
27872.0885141119,7840.47173553962,7514.19598376737,8412.06676004394,8308.06321570868
27893.2885814375,7873.63960855504,7526.9066599539,8394.8123668429,8277.53386492199
27914.4886487631,7906.89915913197,7540.29433139094,8376.95088296031,8246.75187283409
27935.6887160887,7940.23065504826,7554.35230916337,8358.49181523471,8215.73517053102
27956.8887834143,7973.61422121081,7569.07345241025,8339.44509123747,8184.50192448194
27978.0888507399,8007.02985239841,7584.45017048256,8319.82105500959,8153.07052553397
27999.2889180655,8040.45742639988,7600.47442553122,8299.63046234936,8121.45957747073
28020.4889853911,8073.87671754529,7617.13773553234,8278.88447564482,8089.68788513473
28041.6890527167,8107.26741062595,7634.43117775623,8257.5946582465,8057.77444211529
28062.8891200423,8140.60911519694,7652.34539268594,8235.77296837656,8025.73841800552
28084.0891873679,8173.88138025467,7670.8705883902,8213.43175257146,7993.59914523328
28105.2892546935,8207.06370927947,7689.99654535495,8190.58373865633,7961.37610547315
28126.4893220191,8240.13557563127,7709.71262177663,8167.2420282509,7929.08891564821
28147.6893893447,8273.07643828466,7730.00775931948,8143.42008880719,7896.75731353241
28168.8894566703,8305.86575788692,7750.87048933797,8119.13174518148,7864.4011429665
28190.0895239959,8338.4830131209,7772.28893956455,8094.39117074347,7832.04033870236
28211.2895913215,8370.90771735208,7794.2508412616,8069.21287802789,7799.69491089287
28232.4896586471,8403.11943553706,7816.74353683541,8043.6117089343,7767.38492924647
28253.6897259727,8435.09780136859,7839.75398790873,8017.60282448329,7735.13050686782
28274.8897932983,8466.82253463001,7863.26878384706,7991.20169413784,7702.95178380777
28296.0898606239,8498.2734587298,7887.27415073281,7964.42408470099,7670.8689103485
28317.2899279495,8529.43051838524,7911.75596077989,7937.28604880171,7638.90203005075
28338.4899952751,8560.27379742193,7936.6997421801,7909.80391298292,7607.07126259295
28359.6900626007,8590.78353665442,7962.09068937131,7881.99426540698,7575.39668643321
28380.8901299263,8620.94015181157,7987.91367371619,7853.87394319498,7543.89832132689
28402.0901972519,8650.72425146859,8014.15325457872,7825.46001941839,7512.5961107342
28423.2902645776,8680.11717041486,8040.79380799389,7796.76958952367,7481.50945282236
28444.4903319032,8709.100783796,8067.81950791199,7767.81982771267,7450.65735241481
28465.6903992288,8737.65638229802,8095.21407512984,7738.62841214015,7420.05941220106
28486.8904665544,8765.76552694554,8122.96096806912,7709.21319768987,7389.73508355122
28508.09053388,8793.41005620158,8151.04339297839,7679.5922071937,7359.70365660134
28529.2906012056,8820.57210242035,8179.44431681381,7649.78361715954,7329.98424336826
28550.4906685312,8847.23410869221,8208.14648054796,7619.8057430222,7300.59576046109
28571.6907358568,8873.37884540166,8237.13241274218,7589.67702421801,7271.55691195918
28592.8908031824,8898.98942644545,8266.38444335761,7559.41600911489,7242.88617250569
28614.090870508,8924.04932507098,8295.88471778286,7529.04133982501,7214.60177065552
28635.2909378336,8948.54238929585,8325.61521105454,7498.57173692757,7186.72167251552
28656.4910051592,8972.45285687149,8355.55774224746,7468.02598412917,7159.26356571373
28677.6910724848,8995.76536975471,8385.69398901015,7437.42291288958,7132.24484373362
28698.8911398104,9018.46498805311,8416.00550222126,7406.78138704065,7105.68259064751
28720.091207136,9040.53720341257,8446.47372074239,7376.12028742551,7079.59356628176
28741.2912744616,9061.96795181672,8477.07998624246,7345.45849658541,7053.99419184503
28762.4913417872,9082.74362577119,8507.80555806906,7314.81488352067,7028.90053604797
28783.6914091128,9102.8510858478,8538.6316281423,7284.20828855181,7004.32830174163
28804.8914764384,9122.27767156645,8569.53933584672,7253.65750830606,6980.29281309867
28826.091543764,9141.01121159556,8600.5097828975,7223.18128085387,6956.80900335991
28847.2916110896,9159.04003325457,8631.52404815733,7192.79827101875,6933.89140316519
28868.4916784152,9176.3529713051,8662.56320238125,7162.52705588309,6911.55412948627
28889.6917457408,9192.93937602028,8693.60832286693,7132.38611051118,6889.81087517553
28910.8918130664,9208.7891205249,8724.64050798905,7102.39379390974,6868.67489914264
28932.091880392,9223.89260740167,8755.64089159686,7072.56833524497,6848.15901716814
28953.2919477176,9238.24077456239,8786.59065725511,7042.92782033337,6828.2755933604
28974.4920150432,9251.82510038497,8817.4710523095,7013.49017842319,6809.0365322598
28995.6920823688,9264.63760812071,8848.26340175827,6984.273169281,6790.45327159166
29016.8921496944,9276.67086957839,8878.94912191356,6955.29437059704,6772.5367756665
29038.09221702,9287.91800809453,8909.50973383608,6926.57116572165,6755.29752942454
29059.2922843456,9298.3727009547,8939.92687656422,6898.12073168384,6738.74553298328
29080.4923516712,9308.02991821355,8970.18249451322,6869.95973873394,6722.88964623769
29101.6924189968,9316.88513148983,9000.25867959936,6842.10463477259,6707.73827952908
29122.8924863224,9324.93365148074,9030.13752163687,6814.571898705,6693.29997649163
29144.092553648,9332.17135940465,9059.80128181975,6787.37775351555,6679.58276832144
29165.2926209736,9338.59468791706,9089.23239966064,6760.53816375045,6666.59418763013
29186.4926882992,9344.20061936433,9118.41350435992,6734.06882593652,6654.34126689446
29207.6927556248,9348.98668386805,9147.32742596802,6707.98515921393,6642.83053709681
29228.8928229504,9352.95095687955,9175.95720623738,6682.30229633905,6632.06802688067
29250.092890276,9356.09205621987,9204.28610915588,6657.03507506143,6622.05926221082
29271.2929576016,9358.40913862837,9232.29763115747,6632.19802987435,6612.8092665202
29292.4930249272,9359.90189584348,9259.97551100599,6607.80538413821,6604.32256132536
29313.6930922528,9360.57055023952,9287.30373934904,6583.87104257485,6596.60316729171
29334.8931595784,9360.41585004318,9314.26656793973,6560.40858413033,6589.65460572957
29356.093226904,9359.43906415385,9340.84851852491,6537.43125520303,6583.47990050201
29377.2932942296,9357.64197659101,9367.03439139869,6514.95196323346,6578.08158032529
29398.4933615552,9355.02688059219,9392.80927362162,6492.98327065143,6573.46168144288
29419.6934288808,9351.59657238415,9418.15854690544,6471.53738917609,6569.62175065439
29440.8934962064,9347.35434464973,9443.06789516476,6450.62617446367,6566.56284868067
29462.093563532,9342.30397971208,9467.52331173701,6430.2611210976,6564.285553847
29483.2936308576,9336.44974245704,9491.51110627276,6410.45335791527,6562.78996606681
29504.4936981832,9329.79637301422,9515.0179112988,6391.21364366548,6562.07571110842
29525.6937655088,9322.3490792162,9538.03068845678,6372.55236299061,6562.14194512828
29546.8938328344,9314.11352885433,9560.53673442062,6354.47952272703,6562.98735945465
29568.09390016,9305.09584174908,9582.52368649625,6337.00474851749,6564.61018560619
29589.2939674856,9295.30258165187,9603.9795279073,6320.13728172886,6567.00820053059
29610.4940348113,9284.74074799428,9624.89259277106,6303.88597666883,6570.17873204921
29631.6941021369,9273.41776749992,9645.25157076863,6288.25929809492,6574.11866449406
29652.8941694625,9261.34148567314,9665.045511514,6273.26531900915,6578.82444452454
29674.0942367881,9248.52015817799,9684.26382862655,6258.91171873182,6584.2920871115
29695.2943041137,9234.96244212006,9702.89630351176,6245.20578124803,6590.51718167736
29716.4943714393,9220.67738724281,9720.93308885509,6232.15439382017,6597.49489838127
29737.6944387649,9205.67445330687,9738.3647181518,6219.76403569683,6605.21997112168
29758.8945060905,9189.96419947759,9755.18227834454,6208.04050182577,6613.68608446132
29780.0945734161,9173.55706176674,9771.37713146913,6196.98936489783,6622.88695722276
29801.2946407417,9156.46350978721,9786.9409503926,6186.61592251585,6632.81619714906
29822.4947080673,9138.69436884511,9801.86579359758,6176.92507044457,6643.46701876295
29843.6947753929,9120.26080410495,9816.14410514381,6167.92130521368,6654.83225673697
29864.8948427185,9101.17431139874,9829.76871631373,6159.60872440526,6666.90437298859
29886.0949100441,9081.44670813315,9842.73284704739,6151.99102711404,6679.67546374285
29907.2949773697,9061.09012417713,9855.03010713614,6145.07151462132,6693.13726667435
29928.4950446953,9040.11699273384,9866.65449718021,6138.85309127743,6707.28116812436
29949.6951120209,9018.54004120258,9877.60040931499,6133.33826558709,6722.09821038694
29970.8951793465,8996.37228203607,9887.86262771169,6128.52915149213,6737.57909905861
29992.0952466721,8973.6270035981,9897.43632885733,6124.42746984585,6753.71421044574
30013.2953139977,8950.31776102622,9906.31708161953,6121.03455007365,6770.49359902485
30034.4953813233,8926.45836710384,9914.50084710135,6118.35133201446,6787.90700495055
30055.6954486489,8902.06288314575,9921.98397829124,6116.37836793757,6805.94386160679
30076.8955159745,8877.1456099011,9928.7632195136,6115.11582472963,6824.59330319658
30098.0955833001,8851.72107847727,9934.83570568486,6114.56348624654,6843.84417236599
30119.2956506257,8825.80404128805,9940.19896138043,6114.72075582519,6863.68502785857
30140.4957179513,8799.40946302942,9944.85089971758,6115.58665894977,6884.10415219585
30161.6957852769,8772.55251168576,9948.78982105926,6117.15984606787,6905.08955938045
30182.8958526025,8745.24854956954,9952.01441154411,6119.43859555124,6926.62900261808
30204.0959199281,8717.51312439693,9954.52374144743,6122.42081679641,6948.70998205486
30225.2959872537,8689.36196040216,9956.31726337823,6126.10405346043,6971.31975252663
30246.4960545793,8660.81094949273,9957.39481031709,6130.48548682683,6994.44533131715
30267.6961219049,8631.87614244793,9957.75659349987,6135.56193929737,7018.07350592192
30288.8961892305,8602.57374016282,9957.40320015192,6141.32987800479,7042.19084181455
30310.0962565561,8572.92008493957,9956.33559107748,6147.78541854223,7066.783690213
30331.2963238817,8542.9316518283,9954.55509810903,6154.92432880479,7091.83819584273
30352.4963912073,8512.62504001907,9952.06342142113,6162.74203293892,7117.34030469407
30373.6964585329,8482.01696428679,9948.86262671325,6171.23361539543,7143.27577177125
30394.8965258585,8451.12424649088,9944.95514226592,6180.39382508189,7169.63016883063
30416.0965931841,8419.96380713071,9940.34375587482,6190.21707961035,7196.38889210565
30437.2966605097,8388.55265695904,9935.03161166677,6200.69746963645,7223.53717001625
30458.4967278353,8356.90788865391,9929.02220680204,6211.82876328594,7251.0600708605
30479.6967951609,8325.04666855112,9922.31938806696,6223.60441066489,7278.94251048641
30500.8968624865,8292.98622843769,9914.9273483608,6236.01754844976,7307.16925994188
30522.0969298121,8260.74385740802,9906.850623081,6249.06100455399,7335.72495310076
30543.2969971377,8228.33689378328,9898.09408641032,6262.7273028672,7364.59409426337
30564.4970644633,8195.78271709523,9888.6629475098,6277.00866806411,7393.76106572969
30585.6971317889,8163.09874013509,9878.5627466211,6291.89703047943,7423.21013534353
30606.8971991145,8130.30240106837,9867.79935108168,6307.38403104583,7452.92546400622
30628.0972664401,8097.41115561608,9856.37895125617,6323.46102629185,7482.89111315851
30649.2973337657,8064.44246930318,9844.30805638739,6340.1190933968,7513.09105222895
30670.4974010913,8031.41380977435,9831.59349036993,6357.34903529973,7543.50916604813
30691.6974684169,7998.34263917791,9818.24238744958,6375.14138585996,7574.12926222709
30712.8975357425,7965.24640661775,9804.26218785137,6393.48641506633,7604.93507849913
30734.0976030681,7932.14254067389,9789.66063333925,6412.37413429282,7635.9102900241
30755.2976703937,7899.04844199148,9774.44576270971,6431.79430159821,7667.03851665428
30776.4977377193,7865.98147593857,9758.62590722249,6451.73642706741,7698.30333016103
30797.6978050449,7832.95896533244,9742.20968597032,6472.18977819244,7729.68826142169
30818.8978723706,7799.99818323454,9725.20600119028,6493.14338529109,7761.17680756613
30840.0979396962,7767.11634581375,9707.62403351894,6514.58604696119,7792.75243908242
30861.2980070218,7734.3306052779,9689.47323719339,6536.50633556899,7824.39860688131
30882.4980743474,7701.6580428731,9670.76333520006,6558.89260276987,7856.0987493192
30903.698141673,7669.11566195058,9651.5043143732,6581.7329850598,7887.83629917946
30924.8982089986,7636.72038110068,9631.70642044478,6605.01540935642,7919.59469061178
30946.0982763242,7604.48902735346,9611.38015304726,6628.72759860808,7951.35736602974
30967.2983436498,7572.43832944544,9590.53626067093,6652.85707743001,7983.10778296642
30988.4984109754,7540.5849111518,9569.18573557687,6677.3911777664,8014.8294208883
31009.698478301,7508.9452846837,9547.33980866703,6702.31704457764,8046.50578796749
31030.8985456266,7477.53584414973,9525.00994431234,6727.62164155145,8078.12042781254
31052.0986129522,7446.37285908104,9502.20783513991,6753.29175683799,8109.65692615814
31073.2986802778,7415.47246801941,9478.94539678018,6779.3140088074,8141.098917514
31094.4987476034,7384.85067216743,9455.2347625748,6805.67485183009,8172.43009177335
31115.698814929,7354.52332910022,9431.08827824579,6832.36058207889,8203.63420078136
31136.8988822546,7324.50614653766,9406.51849652664,6859.35734335288,8234.69506486411
31158.0989495802,7294.81467617671,9381.53817175557,6886.65113292294,8265.59657931846
31179.2990169058,7265.46430758271,9356.16025443154,6914.22780739852,8296.32272086341
31200.4990842314,7236.47028590622,9330.39789121995,6942.07307956612,8326.85753296947
31221.699151557,7207.84774721132,9304.26442951817,6970.1725076142,8357.18509590801
31242.8992188826,7179.61156493096,9277.77337871505,6998.51155716288,8387.28966313633
31264.0992862082,7151.77642066963,9250.93842117549,7027.07557907429,8417.15559979724
31285.2993535338,7124.35680446382,9223.77340771023,7055.84981311556,8446.76738392728
31306.4994208594,7097.3670088667,9196.29235186979,7084.81939400873,8476.10961282754
31327.699488185,7070.82112323033,9168.50942424055,7113.96935745058,8505.16700926324
31348.8995555106,7044.7330280441,9140.43894670311,7143.28464615516,8533.92442762702
31370.0996228362,7019.11638932657,9112.09538665206,7172.75011591998,8562.36686006832
31391.2996901618,6993.98465306996,9083.49335117636,7202.35054171686,8590.47944258997
31412.4997574874,6969.3510397371,9054.64758119991,7232.07062380779,8618.2474611121
31433.699824813,6945.22853881023,9025.57294558155,7261.89499388674,8645.65635750382
31454.8998921386,6921.62990339174,8996.28443517384,7291.80822124773,8672.69173558332
31476.0999594642,6898.56764485633,8966.79715683969,7321.79481898026,8699.33936708629
31497.3000267898,6876.05402755471,8937.12632742646,7351.83925019262,8725.58519760321
31518.5000941154,6854.1010635689,8907.28726769627,7381.9259342637,8751.41535248561
31539.700161441,6832.72050751887,8877.29539621188,7412.03925312453,8776.81614272142
31560.9002287666,6811.92385142119,8847.16622317723,7442.16355756969,8801.77407077953
31582.1002960922,6791.72231959958,8816.91534423186,7472.2831735997,8826.27583642327
31603.3003634178,6772.12686364802,8786.55843419814,7502.38240879513,8850.30834249311
31624.5004307434,6753.14815744683,8756.11124078055,7532.44555872283,8873.8587006579
31645.700498069,6734.79659223242,8725.58957821604,7562.45691337538,8896.91423713472
31666.9005653946,6717.08227172136,8695.00932087469,7592.40076364403,8919.46249837664
31688.1006327202,6700.0150072898,8664.38639680986,7622.26140782592,8941.49125672803
31709.3007000458,6683.60431320911,8633.73678125674,7652.02315816606,8962.98851604673
31730.5007673714,6667.8594019391,8603.07649007883,7681.67034743466,8983.94251729231
31751.700834697,6652.78917947973,8572.42157316148,7711.18733554007,9004.34174407959
31772.9009020226,6638.40224078313,8541.7881077518,7740.5585161779,9024.17492819636
31794.1009693482,6624.70686522722,8511.19219174422,7769.76832351638,9043.43105508424
31815.3010366738,6611.71101215265,8480.64993691136,7798.80123891842,9062.09936928138
31836.5011039994,6599.42231646501,8450.17746207943,7827.64179770015,9080.16937982564
31857.701171325,6587.84808430412,8419.79088624803,7856.27459592635,9097.63086561668
31878.9012386506,6576.99528878257,8389.50632165374,7884.68429724229,9114.47388073545
31900.1013059762,6566.87056579587,8359.33986677755,7912.85563974208,9130.68875971902
31921.3013733018,6557.48020990628,8329.30759929571,7940.77344287305,9146.26612278911
31942.5014406274,6548.8301703033,8299.42556897434,7968.42261437575,9161.19688103198
31963.701507953,6540.92604684301,8269.7097905075,7995.78815725905,9175.47224152766
31984.9015752786,6533.77308616937,8240.17623629924,8022.85517680957,9189.08371242604
32006.1016426042,6527.37617792026,8210.84082918993,8049.60888763461,9202.02310796735
32027.3017099299,6521.73985102137,8181.71943512722,8076.03462073772,9214.28255344449
32048.5017772555,6516.86827007108,8152.82785578252,8102.11783062544,9225.85449010414
32069.7018445811,6512.76523181959,8124.18182111348,8127.84410244435,9236.7316799842
32090.9019119067,6509.43416174578,8095.79698187386,8153.19915914658,9246.90721068401
32112.1019792323,6506.87811073532,8067.68890207134,8178.16886868239,9256.37450006454
32133.3020465579,6505.09975186347,8039.87305137514,8202.739251218,9265.12730087506
32154.5021138835,6504.10137728662,8012.36479747446,8226.89648637657,9273.15970530293
32175.7021812091,6503.884895246,7985.17939838965,8250.62692050032,9280.46614944284
32196.9022485347,6504.45182718782,7958.33199473786,8273.91707393147,9287.04141768203
32218.1023158603,6505.80330500347,7931.8376019552,8296.75364830934,9292.8806469975
32239.3023831859,6507.94006839415,7905.71110247749,8319.12353388113,9297.97933116139
32260.5024505115,6510.86246236369,7879.96723788233,8341.01381682346,9302.33332485072
32281.7025178371,6514.57043484411,7854.6206009948,8362.41178657136,9305.93884765692
32302.9025851627,6519.06353445773,7829.68562795975,8383.30494315185,9308.79248799165
32324.1026524883,6524.34090842036,7805.17659028366,8403.68100451842,9310.89120688399
32345.3027198139,6530.40130058971,7781.10758684939,8423.52791388277,9312.2323416651
32366.5027871395,6537.24304966341,7757.49253590723,8442.83384704012,9312.81360953577
32387.7028544651,6544.86408753063,7734.34516704575,8461.58721968407,9312.63311101246
32408.9029217907,6553.26193778223,7711.67901314664,8479.77669470663,9311.6893332471
32430.1029891163,6562.43371438297,7689.50740232741,8497.39118947927,9309.98115321645
32451.3030564419,6572.37612051073,7667.84344987621,8514.4198831103,9307.50784077599
32472.5031237675,6583.08544756655,7646.70005018357,8530.85222367378,9304.26906157399
32493.7031910931,6594.55757435999,7626.0898686754,8546.67793540521,9300.26487982089
32514.9032584187,6606.78796647386,7606.02533375257,8561.88702585862,9295.49576090936
32536.1033257443,6619.77167581255,7586.51862874189,8576.46979302008,9289.96257388033
32557.3033930699,6633.50334033805,7567.58168386416,8590.41683237179,9283.66659373013
32578.5034603955,6647.97718399765,7549.22616822454,8603.71904390154,9276.60950355418
32599.7035277211,6663.18701684741,7531.46348183132,8616.36763905135,9268.79339652228
32620.9035950467,6679.12623537522,7514.30474764879,8628.35414759965,9260.22077768094
32642.1036623723,6695.78782302735,7497.76080369049,8639.67042447063,9250.89456557783
32663.3037296979,6713.16435094236,7481.84219515927,8650.30865646456,9240.81809370383
32684.5037970235,6731.24797889589,7466.55916664053,8660.26136890277,9229.9951117477
32705.7038643491,6750.0304650926,7451.92165619661,8669.52142888539,9218.42977917978
32726.9039316747,6769.50380996341,7437.93942899011,8678.08180639946,9206.12610483462
32748.1039990003,6789.65936314083,7424.62188869879,8685.93591267108,9193.08872100408
32769.3040663259,6810.48770511501,7411.97803435853,8693.07765306885,9179.322998473
32790.5041336515,6831.97902329472,7400.01652978737,8699.5012977734,9164.83471875849
32811.7042009771,6854.12310523366,7388.74569430734,8705.20149168083,9149.63008154626
32832.9042683027,6876.90934087173,7378.17349546578,8710.17326035715,9133.71570473267
32854.1043356283,6900.32672517248,7368.30754189891,8714.41201578479,9117.09862411496
32875.3044029539,6924.36386099313,7359.15507631068,8717.91356196493,9099.78629286076
32896.5044702795,6949.00896218707,7350.72296857406,8720.67410036972,9081.78658075511
32917.7045376051,6974.24985694166,7343.01770896263,8722.69023523683,9063.10777322063
32938.9046049307,7000.073991354,7336.04540152064,8723.95897869876,9043.75857010643
32960.1046722563,7026.46843324764,7329.81175757979,8724.47775573914,9023.74808424137
32981.3047395819,7053.41987623326,7324.32208943092,8724.24440896818,9003.08583974701
33002.5048069075,7080.91464401636,7319.58130415917,8723.2572032092,8981.78177010559
33023.7048742331,7108.93869495501,7315.59389765123,8721.51482988821,8959.84621597825
33044.9049415587,7137.47762687115,7312.36394878322,8719.01641121833,8937.28992276856
33066.1050088843,7166.51668211859,7309.89511379812,8715.76150417063,8914.12403792641
33087.3050762099,7196.04075291157,7308.19062088165,8711.75010422282,8890.36010798683
33108.5051435355,7226.03438691725,7307.25326494557,8706.98264887754,8866.01007533859
33129.7052108611,7256.48179311627,7307.08540262755,8701.46002094111,8841.08627471706
33150.9052781867,7287.36684793529,7307.68894751679,8695.18355155426,8815.60142941535
33172.1053455123,7318.67310165576,7309.06536561471,8688.15502296566,8789.56864720841
33193.3054128379,7350.3837851034,7311.21567104017,8680.37667103942,8763.00141598338
33214.5054801635,7382.48181662264,7314.14042198849,8671.85118748726,8735.91359907074
33235.7055474892,7414.94980934127,7317.83971695403,8662.58172181625,8708.31943026924
33256.9056148148,7447.77007872965,7322.31319122581,8652.57188298262,8680.23350855862
33278.1056821404,7480.92465045977,7327.56001366581,8641.82574074261,8651.67079249334
33299.305749466,7514.39526856925,7333.57888377971,8630.34782669058,8622.6465942705
33320.5058167916,7548.16340393531,7340.36802908965,8618.14313497515,8593.17657346543
33341.7058841172,7582.21026306421,7347.92520281891,8605.21712268381,8563.27673042789
33362.9059514428,7616.51679720102,7356.24768189808,8591.57570988663,8532.96339933224
33384.1060187684,7651.06371176524,7365.33226530247,8577.22527932954,8502.25324087478
33405.306086094,7685.83147611706,7375.17527273031,8562.17267576798,8471.16323461147
33426.5061534196,7720.80033365939,7385.77254363144,8546.42520493149,8439.7106709297
33447.7062207452,7755.95079153426,7397.11954200678,8529.99044769309,8407.91272529767
33468.9062880708,7791.26355110549,7409.21135480156,8512.87628216387,8375.78650801714
33490.1063553964,7826.71825717839,7422.04241056529,8495.09135879879,8343.35016659077
33511.306422722,7862.29437366468,7435.60665782544,8476.64477791867,8310.62212483567
33532.5064900476,7897.97119064591,7449.89756497371,8457.54609093241,8277.62107470657
33553.7065573732,7933.72783559956,7464.90812128853,8437.80529740738,8244.365966771
33574.9066246988,7969.54328576247,7480.63083852749,8417.43284137215,8210.87599966085
33596.1066920244,8005.39638088381,7497.05775294295,8396.43960717597,8177.17060909556
33617.30675935,8041.26583635518,7514.18042772611,8374.83691490348,8143.2694564847
33638.5068266756,8077.13025671751,7531.98995588721,8352.63651533845,8109.19241710819
33659.7068940012,8112.96814954357,7550.47696357889,8329.85058447041,8074.95956787307
33680.9069613268,8148.75793969368,7569.63161386921,8306.49171753906,8040.59117464726
33702.1070286524,8184.47798394071,7589.44361097049,8282.57292261199,8006.10767917176
33723.307095978,8220.10658595844,7609.90220492894,8258.1076136924,7971.52968555474
33744.5071633036,8255.6220116661,7630.9961967797,8233.10960335414,7936.87794635229
33765.7072306292,8291.00250491988,7652.71394417099,8207.59309490282,7902.17334824222
33786.9072979548,8326.22630354011,7675.04336746007,8181.57267406261,7867.43689729946
33808.1073652804,8361.27165566122,7697.97195628302,8155.06330018955,7832.68970388314
33829.307432606,8396.11683638889,7721.48677659879,8128.08029701376,7797.95296714777
33850.5074999316,8430.74016474758,7745.57447820797,8100.63934291363,7763.24795919234
33871.7075672572,8465.12002089835,7770.22130274429,8072.75646072732,7728.59600886403
33892.9076345828,8499.2348636059,7795.41309213681,8044.4480071073,7694.01848523454
33914.1077019084,8533.06324793069,7821.13529753896,8015.73066142605,7659.53678076968
33935.307769234,8566.58384312018,7847.37298871948,7986.62141424184,7625.17229421463
33956.5078365596,8599.77545067151,7874.11086390926,7957.13755533533,7590.94641321927
33977.7079038852,8632.61702253505,7901.33326009618,7927.29666132927,7556.88049673057
33998.9079712108,8665.08767942738,7929.02416375978,7897.11658290474,7522.99585717992
34020.1080385364,8697.16672921947,7957.16722203492,7866.61543162946,7489.31374249628
34041.308105862,8728.83368536489,7985.74575429356,7835.81156641429,7455.85531797675
34062.5081731876,8760.06828533078,8014.74276413155,7804.72357961663,7422.64164804862
34083.7082405132,8790.85050899344,8044.14095174655,7773.37028280952,7389.69367795761
34104.9083078388,8821.16115766935,8073.92285432369,7741.77047437595,7357.03172437
34126.1083751644,8850.9815363253,8104.07079907043,7709.94304555341,7324.67574239521
34147.30844249,8880.29245346422,8134.56668014469,7677.90735719129,7292.64620801141
34168.5085098156,8909.07504337443,8165.39214398755,7645.68292388088,7260.96339645643
34189.7085771412,8937.31076892819,8196.52859979965,7613.28940560947,7229.64737589386
34210.9086444668,8964.981438331,8227.95723367464,7580.74659233523,7198.71798996229
34232.1087117924,8992.06922212852,8259.6590231239,7548.07438814673,7168.19484003676
34253.308779118,9018.55666988065,8291.61475184679,7515.29279527062,7138.09726769876
34274.5088464436,9044.42672645244,8323.80502472097,7482.42189795919,7108.44433746234
34295.7089137692,9069.66274788142,8356.21028298938,7449.48184628601,7079.25481979535
34316.9089810948,9094.24851678339,8388.81081961925,7416.49283987805,7050.5471744738
34338.1090484204,9118.16825725898,8421.58679480858,7383.47511161278,7022.33953430611
34359.309115746,9141.40664926593,8454.51825161487,7350.44891130874,6994.64968926312
34380.5091830716,9163.94884242329,8487.58513168065,7317.43448943816,6967.49507104796
34401.7092503973,9185.78046921596,8520.76729103045,7284.45208088943,6940.89273813823
34422.9093177228,9206.88765757053,8554.04451591321,7251.5218888077,6914.85936133139
34444.1093850485,9227.25704277545,8587.39653866509,7218.66406854037,6889.41120982183
34465.3094523741,9246.87577872147,8620.80305356698,7185.89871171428,6864.5641378361
34486.5095196997,9265.73154844091,8654.24373267187,7153.24583047043,6840.33357185039
34507.7095870253,9283.81257392725,8687.69824157737,7120.72534188117,6816.73449841206
34528.9096543509,9301.10762521933,8721.14625511936,7088.35705257353,6793.781452584
34550.1097216765,9317.60602873771,8754.56747296304,7056.16064358202,6771.48850702875
34571.3097890021,9333.29767486339,8787.94163506877,7024.15565545218,6749.86926174591
34592.5098563277,9348.17302475247,8821.24853701056,6992.36147361559,6728.93683447405
34613.7099236533,9362.22311638327,8854.46804512592,6960.79731405529,6708.70385176573
34634.9099909789,9375.43956983496,8887.58011147697,6929.48220927976,6689.18244074114
34656.1100583045,9387.81459180051,8920.56478860322,6898.43499462144,6670.38422152383
34677.3101256301,9399.3409793385,8953.40224404796,6867.67429487521,6652.3203003591
34698.5101929557,9410.01212287199,8986.07277464105,6837.2185112901,6635.00126341284
34719.7102602813,9419.82200844447,9018.55682052167,6807.08580892665,6618.43717124714
34740.9103276069,9428.76522058922,9050.83497919996,6777.29410386897,6602.63755277982
34762.1103949325,9436.8377294019,9082.88820541005,6747.86074330215,6587.61070668234
34783.3104622581,9444.03594140023,9114.69761662792,6718.80285023918,6573.3645321576
34804.5105295837,9450.35620023767,9146.24438156075,6690.13751409041,6559.90696718075
34825.7105969093,9455.79545860467,9177.50988088319,6661.88152586913,6547.24539499795
34846.9106642349,9460.35125983966,9208.47571495844,6634.05137476886,6535.38665729784
34868.1107315605,9464.02173535161,9239.12371557352,6606.66323841712,6524.33705324763
34889.3107988861,9466.8056017977,9269.43595742128,6579.73297339943,6514.10233879219
34910.5108662117,9468.70215771081,9299.39476923831,6553.27610618671,6504.68772649362
34931.7109335373,9469.71127959414,9328.98274459133,6527.30782446902,6496.09788589912
34952.9110008629,9469.83341750741,9358.18275230806,6501.84296889467,6488.336944418
34974.1110681885,9469.06959016926,9386.97794654855,6476.89602521371,6481.40848868904
34995.3111355141,9467.42137960054,9415.35177651443,6452.48111682313,6475.31556641821
35016.5112028397,9464.8909253338,9443.28799579426,6428.61199771097,6470.06068866685
35037.7112701653,9461.48091821344,9470.77067134359,6405.30204579561,6465.64583257034
35058.9113374909,9457.1945938116,9497.78419209958,6382.56425665611,6462.07244446704
35080.1114048165,9452.03572548365,9524.31327723028,6360.41123764864,6459.34144341771
35101.3114721421,9446.00861708763,9550.34298401951,6338.85520240386,6457.45322509529
35122.5115394677,9439.11809539061,9575.85871538891,6317.90796569952,6456.40766602582
35143.7116067933,9431.36950218483,9600.8462270591,6297.58093870229,6456.20412816135
35164.9116741189,9422.76868613576,9625.29163435242,6277.88512457247,6456.84146376592
35186.1117414445,9413.32199438307,9649.18141864056,6258.83111442486,6458.31802059679
35207.3118087701,9403.0362639152,9672.50243343999,6240.42908363925,6460.63164736286
35228.5118760957,9391.9188127371,9695.24191015939,6222.6887885132,6463.77969944371
35249.7119434213,9379.97743084971,9717.38746350302,6205.61956325032,6467.7590448525
35270.9120107469,9367.22037105917,9738.92709653438,6189.23031727656,6472.5660704272
35292.1120780725,9353.65633963273,9759.84920540496,6173.52953287748,6478.19668823504
35313.3121453981,9339.29448681723,9780.14258375296,6158.52526314896,6484.64634217572
35334.5122127237,9324.14439723531,9799.79642677702,6144.22513025425,6491.91001476984
35355.7122800493,9308.21608017375,9818.80033499032,6130.6363239798,6499.98223411936
35376.9123473749,9291.51995977703,9837.14431766063,6117.76560058279,6508.85708102794
35398.1124147005,9274.06686515887,9854.81879594154,6105.61928192299,6518.52819626933
35419.3124820261,9255.86805439673,9871.81461388889,6094.20324174747,6528.98875767366
35440.5125493517,9236.93590328321,9888.12321113036,6083.52262960093,6540.23086745977
35461.7126166773,9217.28263176146,9903.73633156604,6073.58235270401,6552.24668198617
35482.9126840029,9196.92052821595,9918.64607509455,6064.3869977746,6565.02820568951
35504.1127513285,9175.86224293737,9932.84496552477,6055.94071518663,6578.56703462741
35525.3128186541,9154.12077199337,9946.32595025396,6048.2472218673,6592.85437017177
35546.5128859797,9131.70944701033,9959.08240142198,6041.30980220495,6607.88102707434
35567.7129533053,9108.64192504757,9971.10811683483,6035.13130914826,6623.63744150944
35588.9130206309,9084.93217846113,9982.39732063171,6029.71416553068,6640.11367919283
35610.1130879566,9060.5944847615,9992.9446637009,6025.06036561459,6657.29944357146
35631.3131552822,9035.64341647179,10002.7452238505,6021.17147684849,6675.18408407782
35652.5132226078,9010.09383099193,10011.79450574,6018.04864183132,6693.75660444236
35673.7132899334,8983.96086047438,10020.0884405785,6015.69258047726,6713.00567105809
35694.913357259,8957.25990171659,10027.6233855952,6014.10359237521,6732.91962139157
35716.1134245846,8930.0066060748,10034.3961232895,6013.28155933661,6753.4864724351
35737.3134919102,8902.21686940378,10040.4038604642,6013.22594812587,6774.69392919462
35758.5135592358,8873.90682202643,10045.6442270497,6013.93581336729,6796.52939320873
35779.7136265614,8845.09281873758,10050.1152747246,6015.40980062279,6818.97997109378
35800.913693887,8815.79142884526,10053.8154753371,6017.64614963465,6842.03248311081
35822.1137612126,8786.01942625312,10056.7437191347,6020.64269772767,6865.67347174994
35843.3138285382,8755.79377958711,10058.8993128071,6024.39688336512,6889.88921032801
35864.5138958638,8725.13164236965,10060.2819773478,6028.90574985309,6914.66571159564
35885.7139631894,8694.05034324395,10060.8918457398,6034.16594918777,6939.9887363498
35906.914030515,8662.56737625134,10060.7294604718,6040.17374604038,6965.84380204829
35928.1140978406,8630.70039116411,10059.7957708886,6046.92502187461,6992.21619142277
35949.3141651662,8598.46718387618,10058.0921303837,6054.41527919133,7019.09096108668
35970.5142324918,8565.88568685399,10055.6202934363,6062.63964589573,7046.45295013518
35991.7142998174,8532.9739596497,10052.3824125,6071.59287978169,7074.28678873367
36012.914367143,8499.75017947859,10048.3810347482,6081.26937312888,7102.57690669221
36034.1144344686,8466.23263186264,10043.6190986797,6091.66315740752,7131.30754202283
36055.3145017942,8432.43970134208,10038.0999305913,6102.76790808644,7160.46274947696
36076.5145691198,8398.38986225636,10031.8272409209,6114.57694953983,7190.02640906055
36097.7146364454,8364.10166959636,10024.8051204669,6127.08326004813,7219.98223452417
36118.914703771,8329.59374992895,10017.0380364872,6140.27947688893,7250.31378182589
36140.1147710966,8294.88479239546,10008.530828684,6154.15790151361,7281.00445756445
36161.3148384222,8259.99353978508,9999.28870507754,6168.71050480558,7312.03752738082
36182.5149057478,8224.93877968456,9989.31723777341,6183.92893241625,7343.39612432584
36203.7149730734,8189.73933570478,9978.6223586283,6199.80451017475,7375.06325719225
36224.915040399,8154.41405878556,9967.21035481728,6216.32824956781,7407.0218188091
36246.1151077246,8118.9818185792,9955.08786430753,6233.49085328602,7439.25459429686
36267.3151750502,8083.4614949136,9942.26187124169,6251.28272083313,7471.74426928174
36288.5152423758,8047.8719693355,9928.73970123501,6269.69395419495,7504.47343806756
36309.7153097014,8012.23211673435,9914.52901658968,6288.71436356459,7537.42461176395
36330.915377027,7976.56079704726,9899.63781143002,6308.333473121,7570.58022636947
36352.1154443526,7940.87684704546,9884.07440676174,6328.54052685776,7603.92265080855
36373.3155116782,7905.19907220215,9867.8474454586,6349.32449445933,7637.43419492124
36394.5155790038,7869.54623864231,9850.96588717954,6370.67407722197,7671.09711740475
36415.7156463294,7833.93706517426,9833.43900321934,6392.57771401686,7704.89363370588
36436.915713655,7798.39021540305,9815.27637129543,6415.02358729285,7738.80592386382
36458.1157809806,7762.92428992553,9796.48787027388,6437.99962911652,7772.81614030238
36479.3158483062,7727.55781860685,9777.08367483683,6461.4935272475,7806.90641557143
36500.5159156318,7692.30925293824,9757.074250094,6485.49273124693,7841.05887003684
36521.7159829574,7657.19695847576,9736.4703461405,6509.98445861697,7875.25561951867
36542.916050283,7622.23920735944,9715.28299256317,6534.95570096987,7909.47878287748
36564.1161176086,7587.45417091238,9693.52349289725,6560.39323022472,7943.71048954839
36585.3161849342,7552.85991231943,9671.20341903563,6586.28360483048,7977.93288702298
36606.5162522598,7518.47437938477,9648.33460559218,6612.61317601381,8012.12814827889
36627.7163195854,7484.31539736754,9624.92914422083,6639.36809405045,8046.27847915728
36648.916386911,7450.40066189527,9600.99937789191,6666.53431455908,8080.3661256884
36670.1164542366,7416.74773195385,9576.55789512712,6694.09760481649,8114.37338136531
36691.3165215622,7383.37402295374,9551.61752419438,6722.04355009335,8148.28259436607
36712.5165888878,7350.29679987124,9526.19132726358,6750.3575600096,8182.07617472496
36733.7166562134,7317.53317046422,9500.29259452419,6779.02487490896,8215.73660145287
36754.916723539,7285.10007856135,9473.93483826576,6808.03057225191,8249.24642960744
36776.1167908646,7253.01429742388,9447.1317869218,6837.35957302672,8282.58829731358
36797.3168581903,7221.29242317939,9419.89737907778,6866.99664817822,8315.74493273457
36818.5169255158,7189.95086832612,9392.24575744374,6896.92642505406,8348.69916099465
36839.7169928415,7159.00585530746,9364.1912627918,6927.13339386825,8381.43391105366
36860.9170601671,7128.47341015545,9335.74842785899,6957.60191418211,8413.93222253407
36882.1171274927,7098.36938270612,9306.93197733593,6988.31621130607,8446.17722899254
36903.3171948183,7068.70947493895,9277.7568302668,7019.26036865559,8478.15213432476
36924.5172621439,7039.50909113781,9248.23806150706,7050.41838899197,8509.840345987
36945.7173294695,7010.78340999546,9218.39091240284,7081.77417221499,8541.22541254897
36966.9173967951,6982.54738324436,9188.23078531674,7113.31152015623,8572.29102648173
36988.1174641207,6954.81572957005,9157.77323728853,7145.01414321261,8603.02103083509
37009.3175314463,6927.60292871282,9127.03397369488,7176.86566695354,8633.39942575294
37030.5175987719,6900.92321563497,9096.02884187365,7208.8496387468,8663.4103749442
37051.7176660975,6874.79057475064,9064.77382471161,7240.94953440493,8693.03821211169
37072.9177334231,6849.21873421762,9033.28503419483,7273.1487648526,8722.26744733981
37094.1178007487,6824.22116029104,9001.57870492128,7305.43068281566,8751.08277344153
37115.3178680743,6799.81105173824,8969.67118757478,7337.77858953264,8779.46907226466
37136.5179353999,6776.00133431496,8937.57894235969,7370.17574148929,8807.41142095835
37157.7180027255,6752.80465530246,8905.31853239536,7402.60535717708,8834.89509819972
37178.9180700511,6730.23337810561,8872.90661706972,7435.05062387624,8861.90559038088
37200.1181373767,6708.29957691211,8840.35994535107,7467.49470446415,8888.42859775661
37221.3182047023,6687.01503141292,8807.6953490571,7499.92074424997,8914.45004055265
37242.5182720279,6666.3912215842,8774.92973608046,7532.31187783602,8939.95606503461
37263.7183393535,6646.43932253115,8742.08008356985,7564.65123600678,8964.93304953735
37284.9184066791,6627.17019939452,8709.16343106581,7596.92195264617,8989.36761045453
37306.1184740047,6608.59440231997,8676.19687359017,7629.10717168382,9013.24660818819
37327.3185413303,6590.72216149167,8643.19755468872,7661.19005407084,9036.55715305764
37348.5186086559,6573.56338223057,8610.18265942559,7693.15378478586,9059.28661116731
37369.7186759815,6557.1276401587,8577.16940732935,7724.98157987159,9081.42261023269
37390.9187433071,6541.4241764306,8544.17504528931,7756.65669350271,9102.95304536377
37412.1188106327,6526.4618930333,8511.2168404018,7788.16242508511,9123.86608480476
37433.3188779583,6512.24934815624,8478.31207276562,7819.48212638717,9144.15017562924
37454.5189452839,6498.79475163299,8445.47802822599,7850.59920870295,9163.79404938934
37475.7190126095,6486.10596045623,8412.73199106659,7881.49715004771,9182.78672771771
37496.9190799351,6474.19047436837,8380.0912366493,7912.15950238565,9201.11752788077
37518.1191472607,6463.05543152962,8347.57302400102,7942.56989888983,9218.77606828145
37539.3192145863,6452.70760426571,8315.19458834762,7972.71206123422,9235.7522739099
37560.5192819119,6443.15339489803,8282.97313359478,8002.5698069172,9252.03638173977
37581.7193492375,6434.39883165834,8250.92582475552,8032.12705661672,9267.61894606849
37602.9194165631,6426.44956469097,8219.06978032474,8061.36784157585,9282.4908437989
37624.1194838887,6419.31086214533,8187.42206460089,8090.27631101854,9296.64327965997
37645.3195512143,6412.98760636178,8155.999679955,8118.83673959445,9310.06779136397
37666.5196185399,6407.48429015376,8124.81955904778,8147.03353485211,9322.75625469763
37687.7196858655,6402.80501318984,8093.89855699525,8174.85124473888,9334.70088854404
37708.9197531911,6398.95347847875,8063.25344348383,8202.2745651268,9345.8942598325
37730.1198205167,6395.93298896105,8032.90089483572,8229.28834736244,9356.32928841328
37751.3198878423,6393.74644421127,8002.85748602587,8255.87760583948,9365.99925185359
37772.5199551679,6392.39633725395,7973.13968265171,8282.02752559189,9374.89779015182
37793.7200224935,6391.88475149782,7943.76383285724,8307.72346990563,9383.01891036592
37814.9200898191,6392.21335779192,7914.74615921308,8332.95098794706,9390.35699115272
37836.1201571447,6393.38341160777,7886.10275055444,8357.6958224052,9396.90678721392
37857.3202244703,6395.39575035186,7857.84955377908,8381.94391714541,9402.66343364502
37878.5202917959,6398.25079081269,7830.00236560751,8405.68142487187,9407.62245018299
37899.7203591215,6401.94852674667,7802.57682430794,8428.89471479562,9411.77974534843
37920.9204264471,6406.48852660731,7775.58840138873,8451.57038030498,9415.13162047813
37942.1204937727,6411.8699314222,7749.05239326126,8473.69524663524,9417.6747736432
37963.3205610983,6418.09145282233,7722.98391287624,8495.25637853363,9419.40630344875
37984.5206284239,6425.15137122808,7697.39788133708,8516.24108791614,9420.32371271
38005.7206957496,6433.04753419679,7672.30901949368,8536.63694151188,9420.42491200057
38026.9207630752,6441.77735493629,7647.73183952054,8556.43176849099,9419.70822306797
38048.1208304008,6451.33781098893,7623.68063648332,8575.61366807167,9418.17238211153
38069.3208977263,6461.72544309101,7600.16947989796,8594.17101710164,9415.81654291786
38090.520965052,6472.93635421189,7577.21220528697,8612.09247760926,9412.64027984899
38111.7210323776,6484.96620877748,7554.82240573764,8629.3670043194,9408.64359067816
38132.9210997032,6497.81023208268,7533.01342346697,8645.9838521288,9403.8268992683
38154.1211670288,6511.46320989715,7511.79834139874,8661.93258353557,9398.19105808823
38175.3212343544,6525.91948826897,7491.18997475783,8677.20307601722,9391.73735056141
38196.52130168,6541.1729735305,7471.20086268767,8691.78552935153,9384.46749324239
38217.7213690056,6557.21713251071,7451.84325989648,8705.67047287442,9376.38363781589
38238.9214363312,6574.04499295836,7433.12912833839,8718.84877266846,9367.48837291322
38260.1215036568,6591.64914418007,7415.07012893584,8731.31163867607,9357.78472574149
38281.3215709824,6610.02173789729,7397.67761334944,8743.05063173081,9347.27616352022
38302.521638308,6629.15448932638,7380.96261580222,8754.05767050015,9335.96659472059
38323.7217056336,6649.03867848537,7364.93584496499,8764.3250383331,9323.86037010235
38344.9217729592,6669.66515173134,7349.60767590991,8773.84539000572,9310.96228354344
38366.1218402848,6691.02432353218,7334.98814213948,8782.61175835749,9297.2775726576
38387.3219076104,6713.10619440889,7321.08693109226,8790.61755471937,9282.81190540586
38408.521974936,6735.90101629788,7307.91352245379,8797.85632173874,9267.57080094715
38429.7220422616,6759.39829585954,7295.4769769902,8804.32211178115,9251.56049360332
38450.9221095872,6783.58679638854,7283.78591807539,8810.00949466453,9234.787944066
38472.1221769128,6808.45487062158,7272.84859210976,8814.91344473276,9217.260548968
38493.3222442384,6833.99045631988,7262.67285955544,8819.02935002121,9198.98614633096
38514.522311564,6860.18107952326,7253.2661876735,8822.35301801019,9179.9730147716
38535.7223788896,6887.01385819386,7244.6356434243,8824.88068115373,9160.22987235518
38556.9224462152,6914.47550611331,7236.78788651095,8826.60900223615,9139.76587520424
38578.1225135408,6942.55233703279,7229.72916257369,8827.53507954961,9118.59061586048
38599.3225808664,6971.23026907859,7223.46529654368,8827.65645188504,9096.71412139581
38620.522648192,7000.49482941523,7218.00168616472,8826.9711033282,9074.14685126842
38641.7227155176,7030.33115916845,7213.34329569168,8825.47746785303,9050.89969491987
38662.9227828432,7060.72401861065,7209.49464977444,8823.17443370393,9026.98396910887
38684.1228501688,7091.65779261099,7206.45982753604,8820.06134755909,9002.41141497754
38705.3229174944,7123.11649635249,7204.2424568543,8816.13801846602,8977.19419484608
38726.52298482,7155.08378131897,7202.8457088556,8811.40472154142,8951.34488873102
38747.7230521456,7187.54294155416,7202.27229263028,8805.86220142654,8924.8764905831
38768.9231194712,7220.47692019565,7202.52445017849,8799.51167548974,8897.80240423975
38790.1231867968,7253.86831628678,7203.6039515961,8792.35483676736,8870.13643908784
38811.3232541224,7287.69939186911,7205.5120905097,8784.39385663443,8841.89280543167
38832.523321448,7321.95207935857,7208.2496797701,8775.63138719631,8813.08610956144
38853.7233887736,7356.60798920871,7211.8170474139,8766.0705633925,8783.73134851702
38874.9234560992,7391.64841786405,7216.21403290228,8755.7150048037,8753.84390454199
38896.1235234248,7427.05435600717,7221.4399836468,8744.56881715318,8723.43953922264
38917.3235907504,7462.80649710316,7227.49375183139,8732.63659349357,8692.53438730644
38938.523658076,7498.88524624486,7234.37369154034,8719.92341506994,8661.14495019473
38959.7237254016,7535.27072930306,7242.07765620141,8706.43485185028,8629.28808910377
38980.9237927272,7571.94280238499,7250.60299635403,8692.17696271431,8596.98101788884
39002.1238600528,7608.88106160558,7259.94655775157,8677.1562952916,8564.24129552549
39023.3239273784,7646.06485317494,7270.10467980736,8661.37988544016,8531.08681824249
39044.523994704,7683.47328380606,7281.07319439382,8644.85525635656,8497.53581130069
39065.7240620296,7721.08523144659,7292.84742500378,8627.59041730874,8463.60682041246
39086.9241293552,7758.87935633836,7305.42218628329,8609.59386198292,8429.31870279609
39108.1241966808,7796.83411240786,7318.791783945,8590.87456643608,8394.69061786026
39129.3242640064,7834.92828277908,7332.9501303,8571.44178491606,8359.74156152979
39150.524331332,7873.14078422828,7347.89071648821,8551.30511967923,8324.49052476119
39171.7243986577,7911.4495321724,7363.60635554573,8530.47495170306,8288.95749612944
39192.9244659832,7949.83229225944,7380.08935691956,8508.96212666069,8253.1627210938
39214.1245333088,7988.26668216009,7397.33152605807,8486.77795734803,8217.12669825592
39235.3246006344,8026.73018413276,7415.32416650845,8463.93421956116,8180.87016846186
39256.5246679601,8065.20015860581,7434.05808258549,8440.44314723216,8144.41410297401
39277.7247352857,8103.65385813128,7453.52358248714,8416.31742710432,8107.77969122327
39298.9248026113,8142.06844169763,7473.71048186143,8391.57019294609,8070.9883281496
39320.1248699369,8180.42098939994,7494.60810783138,8366.21501929835,8034.06160113021
39341.3249372625,8218.68851746507,7516.20530348379,8340.26591475047,7997.02127649614
39362.5250045881,8256.84799362758,7538.4904328275,8313.73731474091,7959.88928563883
39383.7250719137,8294.87635285116,7561.45138622578,8286.64407387969,7922.68771070996
39404.9251392393,8332.75051338836,7585.07558630672,8259.00145779022,7885.4387699193
39426.1252065649,8370.44739316994,7609.34999435523,8230.82513446966,7848.1648024367
39447.3252738905,8407.94392651311,7634.2611171887,8202.13116516759,7810.88825290644
39468.5253412161,8445.21708113644,7659.79501451775,8172.93599478413,7773.63165558342
39489.7254085417,8482.24387546663,7685.93730679295,8143.25644178995,7736.41761810321
39510.9254758673,8519.00139622116,7712.67318353657,8113.10968767162,7699.26880489918
39532.1255431929,8555.46681624782,7739.98741215799,8082.51326590717,7662.20792028238
39553.3256105185,8591.61741260079,7767.8643472499,8051.4850504784,7625.25769120195
39574.5256778441,8627.43058483046,7796.28794036148,8020.04324392742,7588.44084970533
39595.7257451697,8662.8838734621,7825.24175024342,7988.2063649666,7551.78011512008
39616.9258124953,8697.95497863645,7854.70895355828,7955.99323565275,7515.29817598111
39638.1258798209,8732.62177888336,7884.6723560487,7923.42296813741,7479.01767172876
39659.3259471465,8766.8623499976,7915.1144041544,7890.51495100704,7442.96117420559
39680.5260144721,8800.65498398384,7946.01719706766,7857.28883522819,7407.15116898123
39701.7260817977,8833.97820803662,7977.36249921583,7823.76451971418,7371.61003653667
39722.9261491233,8866.81080351889,8009.13175315779,7789.96213653138,7336.36003334089
39744.1262164489,8899.13182490166,8041.30609288028,7755.90203576451,7301.42327285446
39765.3262837745,8930.92061862587,8073.86635747845,7721.60477006184,7266.82170649587
39786.5263511001,8962.15744992672,8106.79324376636,7687.09084255814,7232.57657196445
39807.7264184257,8992.82304483368,8140.0672291712,7652.38086581159,7198.70878262695
39828.9264857513,9022.89772684921,8173.66837942096,7617.49588545508,7165.23969052666
39850.1265530769,9052.36219879551,8207.57652667648,7582.4570786786,7132.19039924434
39871.3266204025,9081.19754324903,8241.77128070776,7547.28574558342,7099.58175944811
39892.5266877281,9109.38523957664,8276.23204427891,7512.00329260745,7067.43435088474
39913.7267550537,9136.90718110663,8310.93802889033,7476.6312155917,7035.76846418889
39934.9268223793,9163.74569192188,8345.8682707487,7441.1910827188,7004.60408294235
39956.1268897049,9189.88354322582,8381.00164693843,7405.70451735599,6973.96086603011
39977.3269570305,9215.30396924163,8416.31689176967,7370.1931808317,6943.85813033245
39998.5270243561,9239.99068260641,8451.7926132777,7334.67875517493,6914.31483379082
40019.7270916817,9263.9278892234,8487.40730984754,7299.18292584692,6885.34955888469
40040.9271590073,9287.1003025374,8523.13938693782,7263.72736449445,6856.9804965548
40062.1272263329,9309.49315720002,8558.96717387741,7228.33371175385,6829.22543060695
40083.3272936585,9331.09222209379,8594.8689407083,7193.02356013491,6802.10172262885
40104.5273609841,9351.88381268659,8630.82291504828,7157.81843701274,6775.6262974503
40125.7274283097,9371.85480268997,8666.80729894689,7122.73978775577,6749.81562917517
40146.9274956353,9390.99263499821,8702.80028570892,7087.80895901683,6724.68572781115
40168.1275629609,9409.285331887,8738.780076659,7053.04718221395,6700.25212652121
40189.3276302865,9426.72150445444,8774.72489782269,7018.47555722578,6676.52986951781
40210.5276976121,9443.29036128898,8810.61301649867,6984.11503632656,6653.53350061859
40231.7277649377,9458.98171635299,8846.42275769829,6949.98640838351,6631.27705247954
40252.9278322633,9473.78599607295,8882.13252042898,6916.11028333868,6609.77403651876
40274.1278995889,9487.69424563067,8917.72079379887,6882.50707699628,6589.03743354166
40295.3279669145,9500.69813445292,8953.16617292112,6849.1969961345,6569.07968507516
40316.5280342401,9512.78996089977,8988.44737459714,6816.20002396005,6549.91268541609
40337.7281015657,9523.96265615503,9023.54325275901,6783.53590592185,6531.54777439634
40358.9281688913,9534.20978732456,9058.43281365259,6751.22413589916,6513.99573086463
40380.1282362169,9543.52555975167,9093.09523074391,6719.2839427774,6497.26676688203
40401.3283035425,9551.90481856044,9127.50985933217,6687.7342774243,6481.37052262668
40422.5283708682,9559.34305369338,9161.65625184934,6656.59379842809,6466.31605824215
40443.7284381938,9565.8372288605,9195.51436871618,6625.88053516355,6452.11111763978
40464.9285055194,9571.38468299475,9229.06434912747,6595.61228952316,6438.76309196987
40486.128572845,9575.98278965921,9262.28643670949,6565.80676548602,6426.27931705604
40507.3286401706,9579.62956974456,9295.16112754415,6536.48132625963,6414.66653193909
40528.5287074962,9582.32367408555,9327.66917874937,6507.65298985313,6403.93089106627
40549.7287748218,9584.06438004604,9359.79162058097,6479.33841916716,6394.07796391812
40570.9288421474,9584.85158779138,9391.50976823651,6451.55391240713,6385.11273496454
40592.128909473,9584.68581599007,9422.80523328115,6424.31539393309,6377.03960418694
40613.3289767986,9583.56819696456,9453.65993468939,6397.63840554795,6369.8623881519
40634.5290441242,9581.50047131637,9484.05610949809,6371.53809822321,6363.5843216169
40655.7291114498,9578.48498205122,9513.97632306754,6346.02922426032,6358.20805964784
40676.9291787754,9574.52466823037,9543.4034789483,6321.1261298846,6353.73568022762
40698.129246101,9569.62305817395,9572.3208283521,6296.84274826877,6350.16868733506
40719.3293134266,9563.78426224247,9600.71197922611,6273.19259298123,6347.50801447275
40740.5293807522,9557.01296522201,9628.5609049306,6250.18875185483,6345.7540286231
40761.7294480778,9549.31441833863,9655.85195252058,6227.84388127055,6344.90653461156
40782.9295154034,9540.6944309269,9682.56985063295,6206.17020085008,6344.96477985593
40804.129582729,9531.15936177686,9708.69971698096,6185.17948855134,6345.92745948179
40825.3296500546,9520.71611018318,9734.22706545875,6164.88307615987,6347.79272178348
40846.5297173802,9509.37210671965,9759.13781285881,6145.29184516951,6350.55817401136
40867.7297847058,9497.13530376097,9783.41828520596,6126.41622304468,6354.22088846592
40888.9298520314,9484.01416577373,9807.05522371201,6108.26617985711,6358.77740888037
40910.129919357,9470.01765939664,9830.03579035522,6090.85122528908,6364.22375707362
40931.3299866826,9455.15524333007,9852.34757308934,6074.18040599555,6370.55543985643
40952.5300540082,9439.4368580534,9873.97859068745,6058.26230331704,6377.76745617403
40973.7301213338,9422.8729153882,9894.91729722563,6043.1050313355,6385.85430446923
40994.9301886594,9405.47428792397,9915.15258621223,6028.71623526482,6394.8099902508
41016.130255985,9387.25229832259,9934.67379436843,6015.10309016829,6404.62803385258
41037.3303233106,9368.21870851635,9953.47070506612,6002.27229999453,6415.30147836932
41058.5303906362,9348.38570881393,9971.53355142912,5990.23009692424,6426.82289775625
41079.7304579618,9327.76590692755,9988.85301910409,5978.9822410195,6439.1844050798
41100.9305252874,9306.37235957661,10005.4202590128,5968.53400370558,6452.37762278354
41122.130592613,9284.21925663503,10021.227059087,5958.88989337102,6466.39307402344
41143.3306599386,9261.3206025762,10036.2655414656,5950.05415482085,6481.2213531467
41164.5307272642,9237.69050412156,10050.5282292313,5942.03066732536,6496.85286264563
41185.7307945898,9213.34343629288,10064.0081077294,5934.82283921332,6513.27758131823
41206.9308619154,9188.29422591361,10076.6986239487,5928.43361109698,6530.48507834315
41228.130929241,9162.55804036182,10088.5936871858,5922.86545739943,6548.46452231633
41249.3309965666,9136.1503764115,10099.6876694588,5918.12038809098,6567.20469027329
41270.5310638922,9109.08704907242,10109.9754056503,5914.19995066256,6586.6939767842
41291.7311312178,9081.38418043371,10119.452193383,5911.10523232978,6606.92040311615
41312.9311985434,9053.05818851801,10128.1137926369,5908.83686246051,6627.871626455
41334.131265869,9024.12577615244,10135.9564251138,5907.39501521906,6649.53494918039
41355.3313331946,8994.6039198622,10142.9767733554,5906.77941242003,6671.89732818712
41376.5314005202,8964.50985879248,10149.1719796217,5906.98932658496,6694.94538424673
41397.7314678458,8933.86108366361,10154.5396445374,5908.02358419528,6718.66541140355
41418.9315351714,8902.67532576442,10159.0778255108,5909.88056913471,6743.04338639936
41440.131602497,8870.9705459884,10162.7850349334,5912.55822631478,6768.06497812135
41461.3316698226,8838.76492391653,10165.6602381656,5916.054065477,6793.71555706845
41482.5317371482,8806.07684695122,10167.7028513157,5920.36516516535,6819.98020483081
41503.7318044738,8772.92489950472,10168.9127388173,5925.4881768629,6846.84372357809
41524.9318717994,8739.32785224559,10169.2902108132,5931.41932928646,6874.29064555179
41546.131939125,8705.30465140657,10168.8360203492,5938.15443283328,6902.30524255755
41567.3320064506,8670.87440815676,10167.5513603874,5945.68888417378,6930.87153545326
41588.5320737762,8636.0563880412,10165.4378606419,5954.01767098466,6959.97330362903
41609.7321411018,8600.87000049018,10162.4975842443,5963.13537681669,6989.59409447532
41630.9322084275,8565.33478840135,10158.7330242452,5973.03618609143,7019.71723283552
41652.1322757531,8529.47041779633,10154.1470999566,5983.71388922163,7050.32583043976
41673.3323430787,8493.29666755472,10148.7431531408,5995.16188784982,7081.4027953164
41694.5324104043,8456.83341922686,10142.5249440524,6007.37320019991,7112.93084117829
41715.7324777299,8420.10064692794,10135.496647338,6020.34046653661,7144.89249678055
41736.9325450555,8383.11840731477,10127.662847799,6034.05595472777,7177.27011524727
41758.1326123811,8345.90682964699,10119.0285360233,6048.51156590462,7210.04588336415
41779.3326797067,8308.48610593442,10109.5991038903,6063.69884021526,7243.20183083462
41800.5327470323,8270.8764811716,10099.380339955,6079.60896266674,7276.719839497
41821.7328143579,8233.09824366119,10088.3784247152,6096.23276905123,7310.58165250019
41842.9328816835,8195.17171542702,10076.5999257678,6113.5607519518,7344.76888343591
41864.1329490091,8157.11724271813,10064.0517928579,6131.5830668237,7379.26302542514
41885.3330163347,8118.95518660457,10050.7413528247,6150.28953814704,7414.04546015708
41906.5330836603,8080.7059136657,10036.676304451,6169.66966564671,7449.09746687863
41927.7331509859,8042.38978677199,10021.8647132172,6189.71263057593,7484.40023133263
41948.9332183115,8004.02715596043,10006.3150059672,6210.40730205961,7519.93485464352
41970.1332856371,7965.6383494046,9990.03596548786,6231.74224349391,7555.68236214868
41991.3333529627,7927.24366447937,9973.03672500659,6253.70571899882,7591.62371217426
42012.5334202883,7888.86335892058,9955.32676261157,6276.28569992013,7627.73980475433
42033.7334876139,7850.51764207998,9936.91589559691,6299.4698713781,7664.01149029216
42054.9335549395,7812.22666627559,9917.81427473702,6323.24563885939,7700.41957816249
42076.1336222651,7774.01051823711,9898.03237849315,6347.60013484981,7736.94484525443
42097.3336895907,7735.88921064668,9877.58100715527,6372.52022550491,7773.56804445358
42118.5337569163,7697.88267377449,9856.47127692233,6397.99251735615,7810.26991306334
42139.7338242419,7660.0107472092,9834.71461392369,6424.00336404989,7847.03118116433
42160.9338915675,7622.29317168259,9812.3227481844,6450.53887311733,7883.83257991194
42182.1339588931,7584.74958098818,9789.30770753687,6477.58491277303,7920.65484977146
42203.3340262187,7547.39949399304,9765.68181148136,6505.12711874017,7957.47874869054
42224.5340935443,7510.26230674268,9741.45766499752,6533.15090110064,7994.28506020898
42245.7341608699,7473.35728465771,9716.648152309,6561.64145116844,8031.05460150577
42266.9342281955,7436.7035548222,9691.26643060319,6590.58374838468,8067.76823138333
42288.1342955211,7400.3200983625,9665.32592370777,6619.96256723283,8104.40685818923
42309.3343628467,7364.22574291595,9638.84031572583,6649.76248417306,8140.95144767551
42330.5344301723,7328.4391551885,9611.823544631,6679.96788459443,8177.38303079596
42351.7344974979,7292.97883360039,9584.28979582406,6710.5629697839,8213.68271144166
42372.9345648235,7257.86310101892,9556.25349565207,6741.53176391144,8249.8316741152
42394.1346321491,7223.1100975773,9527.72930489133,6772.85812103034,8285.81119154411
42415.3346994747,7188.73777357868,9498.732112195,6804.52573209224,8321.60263223407
42436.5347668003,7154.76388248425,9469.27702750629,6836.51813197614,8357.18746796233
42457.7348341259,7121.20597398447,9439.37937543778,6868.81870653136,8392.5472812121
42478.9349014515,7088.08138715228,9409.05468861766,6901.41069963379,8427.66377254863
42500.1349687771,7055.40724367749,9378.31870100309,6934.2772202555,8462.5187679374
42521.3350361027,7023.20044118102,9347.18734116131,6967.40124954762,8497.09422600557
42542.5351034283,6991.47764660833,9315.67672551843,7000.76564793628,8531.37224524685
42563.7351707539,6960.2553190878,9283.80315836484,7034.35315103207,8565.3350451073
42584.9352380795,6929.54973069491,9251.58313195419,7068.14636534212,8598.96494926422
42606.1353054051,6899.37682119024,9219.03328835593,7102.12782839168,8632.24451491467
42627.3353727307,6869.75227083847,9186.17042969856,7136.27998671998,8665.15646990012
42648.5354400563,6840.69149755826,9153.01151178374,7170.58520174887,8697.68371694276
42669.7355073819,6812.20965065945,9119.57363711197,7205.02575700251,8729.80934063395
42690.9355747075,6784.32160476216,9085.87404790502,7239.58386530281,8761.51661426748
42712.1356420331,6757.04195379042,9051.93011909507,7274.24167598031,8792.78900662021
42733.3357093587,6730.38500503765,9017.7593512791,7308.98128210203,8823.61018868279
42754.5357766843,6704.36477330376,8983.37936363834,7343.78472771675,8853.96404034053
42775.7358440099,6678.99497510305,8948.80788682152,7378.63401511874,8883.83465700554
42796.9359113356,6654.28902294317,8914.06275579173,7413.51111213049,8913.20635619993
42818.1359786612,6630.26001967436,8879.16190263559,7448.39795940509,8942.06368409083
42839.3360459867,6606.9207529093,8844.12334933428,7483.27647774943,8970.39142197733
42860.5361133124,6584.28368951349,8808.96520049541,7518.12857546841,8998.17459272945
42881.736180638,6562.36097016616,8773.70563604477,7552.9361557316,9025.39846717946
42902.9362479636,6541.16440399218,8738.36290387725,7587.68112396251,9052.04857046521
42924.1363152892,6520.70546326525,8702.95531246595,7622.34539525147,9078.11068832565
42945.3363826148,6500.99527818293,8667.50122342854,7656.91090179299,9103.57087334808
42966.5364499404,6482.04463171411,8632.01904405007,7691.35960034789,9128.41545116699
42987.736517266,6463.86395451994,8596.52721976132,7725.67347973112,9152.63102661383
43008.9365845916,6446.46331994883,8561.04422657189,7759.83456832577,9176.20448981733
43030.1366519172,6429.85243910693,8525.58856345717,7793.82494162372,9199.12302225342
43051.3367192428,6414.04065600533,8490.1787446985,7827.62672979351,9221.37410274408
43072.5367865684,6399.03694278499,8454.83329217578,7861.22212527564,9242.94551340405
43093.736853894,6384.84989502164,8419.57072761194,7894.59339040574,9263.82534553417
43114.9369212196,6371.48772711179,8384.40956476854,7927.72286506577,9284.00200546028
43136.1369885452,6358.95826774202,8349.36830159223,7960.59297436327,9303.46422031602
43157.3370558708,6347.26895544359,8314.46541231157,7993.18623633872,9322.20104376797
43178.5371231964,6336.42683423454,8279.71933948377,8025.48526970095,9340.20186168149
43199.737190522,6326.43854935162,8245.14848599134,8057.47280159022,9357.45639772524
43220.9372578476,6317.31034307475,8210.77120698847,8089.13167536869,9373.95471891232
43242.1373251732,6309.04805064651,8176.60580179715,8120.44485843775,9389.68724107576
43263.3373924988,6301.65709628972,8142.67050575319,8151.39545008156,9404.64473427602
43284.5374598244,6295.14248932603,8108.98348200257,8181.96668933589,9418.81832813788
43305.73752715,6289.50882039867,8075.56281324823,8212.14196288154,9432.19951711396
43326.9375944756,6284.76025780276,8042.42649344832,8241.90481296099,9444.78016567208
43348.1376618012,6280.90054392676,8009.59241946638,8271.23894531701,9456.55251340315
43369.3377291268,6277.93299180845,7977.07838267441,8300.12823715181,9467.50918004667
43390.5377964524,6275.86048180941,7944.90206051009,8328.55674510515,9477.64317043026
43411.737863778,6274.68545841178,7913.08100798923,8356.50871324934,9486.94787931965
43432.9379311036,6274.40992714147,7881.63264917508,8383.96858109938,9495.41709617556
43454.1379984292,6275.03545162184,7850.57426860612,8410.92099163569,9503.04500981357
43475.3380657548,6276.56315076217,7819.92300268424,8437.35079933729,9509.82621296293
43496.5381330804,6278.99369608536,7789.6958310253,8463.24307822268,9515.75570672016
43517.738200406,6282.32730919915,7759.90956777456,8488.58312989542,9520.82890489341
43538.9382677316,6286.56375941575,7730.58085288928,8513.35649159172,9525.04163823276
43560.1383350572,6291.70236152413,7701.72614339147,8537.54894422635,9528.39015854231
43581.3384023828,6297.74197372,7673.36170459347,8561.14652043374,9530.87114266929
43602.5384697084,6304.68099569817,7645.50360129996,8584.13551260037,9532.4816963653
43623.738537034,6312.51736691199,7618.16768898943,8606.50248088464,9533.21935801506
43644.9386043596,6321.24856500495,7591.36960497908,8628.23426122003,9533.0821022276
43666.1386716852,6330.87160441919,7565.12475957694,8649.31797329727,9532.06834328488
43687.3387390108,6341.38303518593,7539.44832722539,8669.74102852083,9530.17693844266
43708.5388063364,6352.77894190266,7514.35523764046,8689.49113793527,9527.40719107866
43729.738873662,6365.05494290203,7489.86016695169,8708.55632011601,9523.75885368252
43750.9389409876,6378.20618961745,7465.9775288471,8726.92490901976,9519.23213068247
43772.1390083132,6392.22736615009,7442.72146572885,8744.58556178892,9513.82768110338
43793.3390756388,6407.11268904228,7420.10583988454,8761.52726650448,9507.54662105065
43814.5391429644,6422.85590726198,7398.14422468,8777.73934988164,9500.39052601489
43835.73921029,6439.45030240308,7376.84989577935,8793.21148490205,9492.36143299178
43856.9392776156,6456.88868910626,7356.23582239835,8807.9336983765,9483.46184241184
43878.1393449412,6475.16341570478,7336.31465859733,8821.89637843188,9473.69471987471
43899.3394122668,6494.2663650999,7317.09873462032,8835.09028191552,9463.06349768267
43920.5394795924,6514.18895587014,7298.60004828704,8847.50654171044,9451.57207616796
43941.739546918,6534.9221436187,7280.83025644472,8859.13667395455,9439.22482480876
43962.9396142436,6556.45642256319,7263.80066648686,8869.9725851568,9426.02658312851
43984.1396815692,6578.78182737168,7247.52222794643,8880.00657920284,9411.98266137349
44005.3397488948,6601.88793524895,7232.0055241709,8889.23136424312,9397.09884096326
44026.5398162205,6625.76386827677,7217.26076408703,8897.64005945576,9381.38137470935
44047.7398835461,6650.39829601159,7203.29777406317,8905.22620167667,9364.83698679675
44068.9399508717,6675.77946399247,7190.12599533462,8911.98374206708,9347.47285034737
44090.1400181973,6701.89587106086,7177.75462500302,8917.90679432952,9329.29599779951
44111.3400855229,6728.73518353807,7166.19238527286,8922.99004765783,9310.31426223507
44132.5401528485,6756.28434728339,7155.44752758351,8927.22873310126,9290.53619348604
44153.7402201741,6784.5298801967,7145.52788464716,8930.61852593922,9269.97080246635
44174.9402874997,6813.45786997416,7136.44086174596,8933.15555418179,9248.62756480071
44196.1403548253,6843.05397837016,7128.19342948151,8934.83640412601,9226.51641919972
44217.3404221509,6873.30344584726,7120.79211670969,8935.65812566907,9203.64776547766
44238.5404894765,6904.19109650022,7114.24300364641,8935.61823742109,9180.03246230089
44259.7405568021,6935.70134325384,7108.55171515288,8934.71473161013,9155.68182466527
44280.9406241277,6967.81819333605,7103.72341420919,8932.94607877132,9130.60762109872
44302.1406914533,7000.52525402873,7099.76279558559,8930.31123221173,9104.82207058477
44323.3407587789,7033.80573869714,7096.67407972034,8926.8096322426,9078.33783920389
44344.5408261045,7067.64247310039,7094.46100681359,8922.44121017047,9051.16803648844
44365.7408934301,7102.01790198429,7093.1268311466,8917.20639203883,9023.32621148753
44386.9409607557,7136.9140959584,7092.67431563539,8911.10610211165,8994.82634853807
44408.1410280813,7172.31275865903,7093.10572662853,8904.14176609026,8965.68286273808
44429.3410954069,7208.19523420001,7094.42282895831,8896.31531405512,8935.91059511836
44450.5411627325,7244.542514913,7096.62688125477,8887.62918312349,8905.52480750868
44471.7412300581,7281.33524937934,7099.71863153211,8878.08631981482,8874.54117709445
44492.9412973837,7318.55375075532,7103.69831305697,8867.69018211473,8842.97579065968
44514.1413647093,7356.17800539315,7108.56564050801,8856.44474122906,8810.84513851227
44535.3414320349,7394.1876817594,7114.31980643649,8844.3544830193,8778.16610808728
44556.5414993605,7432.56213965364,7120.95947803701,8831.42440911061,8744.95597722396
44577.7415666861,7471.28043972923,7128.48279423826,8817.66003766361,8711.23240711216
44598.9416340117,7510.32135331895,7136.88736312296,8803.06740380138,8677.01343490357
44620.1417013373,7549.66337256771,7146.17025968646,8787.65305968292,8642.31746598366
44641.3417686629,7589.28472087516,7156.3280239435,8771.42407421434,8607.16326589927
44662.5418359885,7629.16336365058,7167.3566593921,8754.38803238927,8571.56995193784
44683.7419033141,7669.27701938276,7179.25163184417,8736.55303424996,8535.55698435348
44704.9419706397,7709.60317102739,7192.00786863157,8717.92769346059,8499.14415723535
44726.1420379653,7750.11907771444,7205.61975819695,8698.52113548453,8462.35158901426
44747.3421052909,7790.80178677805,7220.08115007787,8678.34299535733,8425.1997126028
44768.5421726165,7831.62814611115,7235.38535529321,8657.40341504753,8387.70926516517
44789.7422399421,7872.57481684659,7251.52514714014,8635.71304039742,8349.9012775128
44810.9423072677,7913.61885687411,7268.49288794901,8613.28279772542,8311.7965666173
44832.1423745933,7954.73739077596,7286.28047328471,8590.1240147087,8273.41601020762
44853.3424419189,7995.90660296423,7304.87910207608,8566.24880188215,8234.78143892813
44874.5425092445,8037.10255716483,7324.27944558649,8541.66975016442,8195.91492265151
44895.7425765701,8078.30119491811,7344.47164711424,8516.39993373322,8156.83876947472
44916.9426438957,8119.47834947101,7365.4453251612,8490.45290471577,8117.57551345822
44938.1427112213,8160.60976058047,7387.1895771775,8463.84268715748,8078.14790151662
44959.3427785469,8201.67108967026,7409.69298377668,8436.58377051283,8038.57887989786
44980.5428458725,8242.63793532901,7432.94361342515,8408.69110265828,7998.89158025965
45001.7429131981,8283.48584914653,7456.92902761173,8380.18008242272,7959.10930534344
45022.9429805237,8324.1903518841,7481.63628650187,8351.06655163242,7919.25551424861
45044.1430478493,8364.72694997332,7507.05195508104,8321.36678666753,7879.35380730967
45065.3431151749,8405.07115233699,7533.16210979077,8291.09748952845,7839.42791058138
45086.5431825005,8445.19848752273,7559.95234566023,8260.27577841129,7799.50165993801
45107.7432498261,8485.08452114014,7587.40778393519,8228.91917779262,7759.59898479418
45128.9433171517,8524.70487358863,7615.51308020554,8197.04560802496,7719.74389145729
45150.1433844773,8564.03523806276,7644.25243303151,8164.67337444539,7679.96044612211
45171.3434518029,8603.05139881908,7673.60959306768,8131.82115600107,7640.27275752109
45192.5435191285,8641.72924968677,7703.56787268293,8098.50799339681,7600.70495924507
45213.7435864541,8680.04481280252,7734.1101560733,8064.75327677087,7561.28119175134
45234.9436537798,8717.97425754752,7765.21890986361,8030.57673290687,7522.02558407805
45256.1437211054,8755.49391966315,7796.87619419243,7995.99841199096,7482.96223528563
45277.343788431,8792.58032051911,7829.06367427395,7961.03867392494,7444.11519564839
45298.5438557566,8829.2101865063,7861.7626324287,7925.71817420721,7405.50844762088
45319.7439230822,8865.36046852452,7894.95398057429,7890.05784939537,7367.16588660607
45340.9439904078,8901.00836153319,7928.61827316538,7854.0789021655,7329.11130155389
45362.1440577334,8936.1313241316,7962.7357205715,7817.80278598452,7291.36835542083
45383.344125059,8970.70709813332,7997.28620287928,7781.25118941381,7253.96056552271
45404.5441923846,9004.71372809816,8032.24928410507,7744.44602006343,7216.91128381471
45425.7442597102,9038.12958078325,8067.60422680203,7707.40938821786,7180.24367713372
45446.9443270358,9070.93336447421,8103.33000704486,7670.16359015519,7143.98070744005
45468.1443943614,9103.10480576193,8139.40547978206,7632.73083554537,7108.14453595591
45489.344461687,9134.62404293835,8175.80926962566,7595.13346255788,7072.75704231028
45510.5445290126,9165.47091172982,8212.51961210843,7557.39420366786,7037.84045734708
45531.7445963382,9195.62567877926,8249.51452283064,7519.53590153506,7003.41671744656
45552.9446636638,9225.06904167699,8286.77180976788,7481.58149931398,6969.50746024134
45574.1447309894,9253.7821462754,8324.26908990672,7443.55402293253,6936.13400605632
45595.344798315,9281.74660402671,8361.98380620612,7405.47656306336,6903.31733926305
45616.5448656406,9308.94450889765,8399.89324476879,7367.37225699128,6871.07808992571
45637.7449329662,9335.35845381323,8437.97455219545,7329.26427040972,6839.43651578466
45658.9450002918,9360.97154659022,8476.20475309593,7291.17577917604,6808.41248461666
45680.1450676174,9385.76742532226,8514.56076773054,7253.12995105617,6778.02545700993
45701.345134943,9409.73027318033,8553.01942975486,7215.14992748871,6748.29446959088
45722.5452022686,9432.84483259355,8591.55750404049,7177.25880539878,6719.23811873829
45743.7452695942,9455.09641877797,8630.15170454474,7139.47961909151,6690.87454481865
45764.9453369198,9476.47093258262,8668.77871220141,7101.83532225495,6663.22141697514
45786.1454042454,9496.95487262475,8707.4151928056,7064.34877010119,6636.29591850019
45807.345471571,9516.53534668867,8746.03781486495,7027.04270167475,6610.11473282007
45828.5455388966,9535.2000823655,8784.62326739083,6989.93972235537,6584.69403011692
45849.7456062222,9552.93743691367,8823.14827760247,6953.06228658249,6560.04945461175
45870.9456735478,9569.73640632318,8861.58962851834,6916.4326808271,6536.19611252924
45892.1457408734,9585.58663356958,8899.92417640917,6880.07300683587,6513.14856076235
45913.345808199,9600.47841604675,8938.12886808794,6844.00516517099,6490.92079625243
45934.5458755246,9614.40271217052,8976.18075801288,6808.25083906835,6469.52624609721
45955.7459428502,9627.35114714845,9014.05702518034,6772.83147863478,6448.97775839712
45976.9460101758,9639.31601791394,9051.73498978564,6737.76828540406,6429.28759384652
45998.1460775014,9650.29029722613,9089.19212963045,6703.08219727,6410.46741807482
46019.346144827,9660.2676369396,9126.40609625701,6668.79387381312,6392.52829473903
46040.5462121526,9669.24237045114,9163.35473079006,6634.92368203606,6375.48067936683
46061.7462794782,9677.20951433326,9200.0160794688,6601.49168252159,6359.33441394692
46082.9463468038,9684.16476916687,9236.36840885244,6568.51761602512,6344.09872226073
46104.1464141294,9690.10452879775,9272.39022284301,6536.02088694567,6329.78219779947
46125.346481455,9695.02674316065,9308.06048270201,6504.02021245289,6316.39203703845
46146.5465487806,9698.92968205831,9343.35834574373,6472.53407671561,6303.93512531366
46167.7466161062,9701.81174561255,9378.26312648485,6441.58080244493,6292.41820007307
46188.9466834318,9703.67201964334,9412.75443235863,6411.17832919252,6281.8473598916
46210.1467507574,9704.51025929444,9446.81217315893,6381.34420793665,6272.22807565269
46231.346818083,9704.32688477566,9480.41657350938,6352.09559100912,6263.56519076963
46252.5468854086,9703.1229767312,9513.54818499097,6323.44922239584,6255.86292179712
46273.7469527342,9700.90027101699,9546.18789785826,6295.42142850675,6249.12485963411
46294.9470200598,9697.66115290898,9578.31695233831,6268.02810941672,6243.35397130174
46316.1470873854,9693.40865076841,9609.91694950813,6241.2847305756,6238.55260227602
46337.347154711,9688.14642919116,9640.96986174766,6215.20631498531,6234.72247935402
46358.5472220367,9681.87878166815,9671.45804276619,6189.80743584068,6231.86471403177
46379.7472893622,9674.61062278394,9701.36423720113,6165.10220962989,6229.97980637215
46400.9473566878,9666.34747998054,9730.67158978845,6141.10428968999,6229.06764934063
46422.1474240134,9657.09548491333,9759.36365410555,6117.8268602119,6229.12753358686
46443.347491339,9646.86136442525,9787.42440088747,6095.28263068926,6230.15815265017
46464.5475586646,9635.65243116561,9814.83822591836,6073.48383080419,6232.15760856709
46485.7476259903,9623.4765738786,9841.58995750055,6052.44220574366,6235.12341785978
46506.9476933159,9610.34224738652,9867.66486350451,6032.16901193845,6239.05251788387
46528.1477606415,9596.25846229152,9893.04865800313,6012.67501321772,6243.94127351547
46549.3478279671,9581.23477441935,9917.72750749443,5993.9704773707,6249.78548415705
46570.5478952927,9565.28127402733,9941.68803671721,5976.06517310768,6256.58039104279
46591.7479626183,9548.40857479815,9964.91733406487,5958.96836741172,6264.32068482431
46612.9480299439,9530.62780264004,9987.40295660224,5942.68882327257,6273.00051341895
46634.1480972695,9511.9505843131,10009.1329346916,5927.23479779429,6282.61349010247
46655.3481645951,9492.38903590044,10030.0957762334,5912.61404066764,6293.15270182985
46676.5482319207,9471.95575114185,10050.2804705283,5898.83379299857,6304.61071776766
46697.7482992463,9450.66378964696,10069.6764917665,5885.90078648406,6316.97959802281
46718.9483665719,9428.52666500371,10088.2738021515,5873.82124292634,6330.25090255278
46740.1484338975,9405.55833279715,10106.0628546647,5862.60087407689,6344.41570024344
46761.3485012231,9381.7731785526,10123.0345954779,5852.24488180131,6359.4645781412
46782.5485685487,9357.18605798104,10139.180478701,5842.75793836539,6375.38760395846
46803.7486358743,9331.81297240418,10154.4926361756,5834.14391527095,6392.1737251498
46824.9487031999,9305.66971144079,10168.9635646691,5826.40639795132,6409.81197448164
46846.1487705255,9278.77219970322,10182.5862066054,5819.54856166242,6428.29115387347
46867.3488378511,9251.13673667553,10195.3540050819,5813.57307603218,6447.59962608045
46888.5489051767,9222.77997977382,10207.2609029371,5808.48210864468,6467.7253292072
46909.7489725023,9193.71893206902,10218.3013429271,5804.27732718603,6488.65578671595
46930.9490398279,9163.97093009541,10228.4702676319,5800.95990181613,6510.37811742781
46952.1491071535,9133.55363166638,10237.7631190755,5798.53050778935,6532.87904559384
46973.3491744791,9102.48500370396,10246.1758380636,5796.98932831701,6556.14491102885
46994.5492418047,9070.78331008873,10253.7048632495,5796.33605766356,6580.16167930078
47015.7493091303,9038.46709953745,10260.3471299325,5796.56990446917,6604.91495196777
47036.9493764559,9005.55519351431,10266.1000685981,5797.689595291,6630.38997685593
47058.1494437815,8972.06667418197,10270.9616032066,5799.69337835556,6656.57165837145
47079.3495111071,8938.02087239775,10274.930149237,5802.57902751526,6683.4445678401
47100.5495784327,8903.43735576036,10278.0046114933,5806.34384640136,6710.99295386853
47121.7496457583,8868.33591671178,10280.1843816818,5810.98467276675,6739.2007527213
47142.9497130839,8832.73656069906,10281.4693357634,5816.49788301106,6768.05159870807
47164.1497804095,8796.65949440009,10281.8598310913,5822.87939688165,6797.52883457589
47185.3498477351,8760.12511401744,10281.3567033388,5830.12468234339,6827.61552190129
47206.5499150607,8723.153993644,10279.9612632242,5838.22876061078,6858.29445147749
47227.7499823863,8685.76687370371,10277.6752930404,5847.18621133569,6889.54815369221
47248.9500497119,8647.9846494709,10274.5010429955,5856.99117794453,6921.35890889146
47270.1501170375,8609.82835967113,10270.4412273707,5867.63737311836,6953.70875772522
47291.3501843631,8571.31917516636,10265.4990205015,5879.11808440987,6986.57951147117
47312.5502516887,8532.47838772713,10259.6780525905,5891.42617999115,7019.95276233228
47333.7503190143,8493.32739889421,10252.982405355,5904.55411452646,7053.80989370494
47354.9503863399,8453.88770893208,10245.416607519,5918.49393516393,7088.13209041397
47376.1504536655,8414.18090587626,10236.9856301526,5933.23728764092,7122.90034891122
47397.3505209911,8374.2286546764,10227.6948818663,5948.77542249718,7158.09548743461
47418.5505883167,8334.05268643731,10217.5502038662,5965.09920139069,7193.69815612456
47439.7506556423,8293.67478775898,10206.5578648744,5982.1991035107,7229.68884709512
47460.9507229679,8253.11679017776,10194.724555922,6000.06523208319,7266.0479044568
47482.1507902935,8212.40055970956,10182.0573850178,6018.68732096336,7302.7555342889
47503.3508576191,8171.54798649665,10168.5638717004,6038.0547413108,7339.79181455857
47524.5509249447,8130.58097455892,10154.2519414769,6058.15650834234,7377.13670498473
47545.7509922703,8089.52143165081,10139.1299201546,6078.98128815815,7414.77005684433
47566.9510595959,8048.39125922458,10123.2065280692,6100.51740463687,7452.67162271933
47588.1511269215,8007.21234250069,10106.4908742155,6122.75284639538,7490.82106618226
47609.3511942472,7966.00654064593,10088.9924502841,6145.67527380914,7529.19797141893
47630.5512615727,7924.79567705972,10070.7211246093,6169.27202608945,7567.7818527865
47651.7513288984,7883.60152976913,10051.6871360316,6193.53012841352,7606.55216430557
47672.951396224,7842.44582193245,10031.9010876801,6218.43629910409,7645.48830908507
47694.1514635496,7801.35021245197,10011.373940677,6243.97695685491,7684.56964867866
47715.3515308752,7760.33628669568,9990.11700776996,6270.13822799907,7723.77551237174
47736.5515982008,7719.42554732785,9968.14194689432,6296.90595381675,7763.08520639788
47757.7516655264,7678.63940524836,9945.46075466919,6324.26569787979,7802.47802308437
47778.951732852,7637.99917064066,9922.0857598312,6352.20275342999,7841.93324992568
47800.1518001776,7597.52604412763,9898.02961660822,6380.70215078868,7881.43017858473
47821.3518675032,7557.24110803529,9873.30529803643,6409.748664795,7920.94811382123
47842.5519348288,7517.16531776352,9847.92608922361,6439.32682227072,7960.46638234695
47863.7520021544,7477.31949326336,9821.90558056105,6469.42090950911,7999.96434160771
47884.95206948,7437.72431062008,9795.25766088676,6500.01497978633,8039.42138849183
47906.1521368056,7398.4002937413,9767.99651060216,6531.09286089302,8078.81696796518
47927.3522041312,7359.3678061494,9740.13659474449,6562.63816268474,8118.13058163293
47948.5522714568,7320.64704287713,9711.6926560169,6594.63428464952,8157.34179622798
47969.7523387824,7282.2580224657,9682.67970777814,6627.06442349113,8196.4302520267
47990.952406108,7244.22057906412,9653.11302699339,6659.91158072692,8235.3756711919
48012.1524734336,7206.55435462904,9623.0081471479,6693.15857029909,8274.15786604377
48033.3525407592,7169.27879122372,9592.38085112483,6726.78802619819,8312.75674725916
48054.5526080848,7132.41312341518,9561.24716404841,6760.78241009839,8351.15233199975
48075.7526754104,7095.97637076839,9529.62334609358,6795.12401900348,8389.32475196972
48096.952742736,7059.9873304363,9497.52588526312,6829.79499290317,8427.25426140369
48118.1528100616,7024.46456984455,9464.97149013297,6864.77732243929,8464.92124498549
48139.3528773872,6989.42641946977,9431.97708256654,6900.05285658128,8502.30622569855
48160.5529447128,6954.89096571016,9398.55979039832,6935.60331031112,8539.38987260881
48181.7530120384,6920.87604384744,9364.73694008763,6971.41027231728,8576.15300858074
48202.953079364,6887.39923109864,9330.52604934227,7007.45521269779,8612.57661792754
48224.1531466896,6854.47783975712,9295.94481971274,7043.71949067255,8648.64185399619
48245.3532140152,6822.12894283818,9261.01113664797,7080.18434994449,8684.33001793969
48266.5532813408,6790.36938668359,9225.74306715812,7116.83091799262,8719.62254938677
48287.7533486664,6759.21565114409,9190.15882225801,7153.64026474507,8754.50115103151
48308.953415992,6728.68392252928,9154.27676664387,7190.59338099795,8788.94772584487
48330.1534833176,6698.79008942358,9118.11541142781,7227.67118530504,8822.94438262974
48351.3535506432,6669.54973624291,9081.69340652675,7264.85453178563,8856.47344332445
48372.5536179688,6640.9781369688,9045.02953304661,7302.12421790967,8889.51745015614
48393.7536852944,6613.0902489661,9008.14269563506,7339.46099229498,8922.05917273354
48414.95375262,6585.90070688205,8971.05191480168,7376.84556251788,8954.08161508128
48436.1538199456,6559.42381662606,8933.77631920508,7414.25860293793,8985.56802261646
48457.3538872712,6533.67354942997,8896.33513790581,7451.68076253772,9016.50188906798
48478.5539545968,6508.66353598846,8858.74769258474,7489.09267277819,9046.86696333877
48499.7540219224,6484.40706067939,8821.03338972566,7526.47495547053,9076.64725631166
48520.954089248,6460.91705586409,8783.21171276146,7563.80823066537,9105.82704759869
48542.1541565736,6438.20609626765,8745.3022141829,7601.07312456007,9134.39089223431
48563.3542238992,6416.28639343961,8707.32450760919,7638.25027742473,9162.32362731235
48584.5542912248,6395.16979029493,8669.29825981923,7675.32035154807,9189.61037856672
48605.7543585504,6374.86775573641,8631.24318274301,7712.26403920335,9216.23656689556
48626.954425876,6355.39137935855,8593.17902541168,7749.06207063561,9242.18791482868
48648.1544932016,6336.75136623414,8555.125565866,7785.69522207036,9267.4504529377
48669.3545605272,6318.95803178428,8517.10260302208,7822.14432374467,9292.01052618827
48690.5546278528,6302.02129673295,8479.12994849341,7858.39026796107,9315.85480023392
48711.7546951784,6285.9506821475,8441.22741836874,7894.41401716463,9338.97026765019
48732.954762504,6270.75530456653,8403.41482494498,7930.19661204362,9361.34425410851
48754.1548298296,6256.44387121653,8365.7119684143,7965.71917965429,9382.96442448832
48775.3548971552,6243.02467531941,8328.13862850524,8000.96294156957,9403.81878892626
48796.5549644808,6230.50559149263,8290.71455607693,8035.909222052,9423.89570880077
48817.7550318064,6218.89407124414,8253.45946466629,8070.5394562508,9443.18390265065
48838.9550991321,6208.19713856446,8216.39302198787,8104.83519842309,9461.67245202555
48860.1551664577,6198.42138561836,8179.5348413861,8138.77813017858,9479.35080726644
48881.3552337833,6189.57296853874,8142.90447323985,8172.3500687478,9496.20879321399
48902.5553011089,6181.65760332571,8106.52139631954,8205.53297527291,9512.23661484224
48923.7553684345,6174.6805618537,8070.4050090968,8238.30896312054,9527.42486281529
48944.9554357601,6168.64666798991,8034.57462100717,8270.66030621586,9541.7645189642
48966.1555030857,6163.56029382732,7999.0494436663,8302.56944739658,9555.24696168107
48987.3555704113,6159.42535603587,7963.84858204026,8334.01900678591,9567.86397122751
49008.5556377369,6156.24531233551,7928.99102557099,8364.99179018291,9579.60773495397
49029.7557050625,6154.02315809484,7894.49563925765,8395.47079746871,9590.4708524267
49050.9557723881,6152.76142305942,7860.38115469536,8425.43923102674,9600.44634045868
49072.1558397137,6152.46216821383,7826.66616107245,8454.88050417513,9609.5276380407
49093.3559070393,6153.12698278174,7793.36909612816,8483.77824960882,9617.70861116883
49114.5559743649,6154.75698136853,7760.50823707228,8512.11632784928,9624.98355756396
49135.7560416905,6157.35280125075,7728.10169146901,8539.878835699,9631.34721127934
49156.9561090161,6160.91459981726,7696.16738808719,8567.05011469804,9636.79474719166
49178.1561763417,6165.44205216675,7664.7230677194,8593.61475957947,9641.32178537105
49199.3562436673,6170.93434886655,7633.78627397273,8619.55762672053,9644.92439532549
49220.5563109929,6177.39019387745,7603.37434403399,8644.86384258595,9647.59910011452
49241.7563783185,6184.80780264991,7573.50439941288,8669.51881215959,9649.34288032761
49262.9564456441,6193.18490039643,7544.1933366662,8693.50822736079,9650.15317792192
49284.1565129697,6202.51872054547,7515.45781810709,8716.81807544067,9650.02789991432
49305.3565802953,6212.80600338192,7487.31426250316,8739.43464735449,9648.96542192236
49326.5566476209,6224.04299487947,7459.7788357677,8761.34454610505,9646.9645915489
49347.7567149465,6236.22544573012,7432.86744164834,8782.53469505245,9644.02473160494
49368.9567822721,6249.34861057607,7406.59571241819,8802.992346185,9640.14564316489
49390.1568495977,6263.40724744915,7380.97899957407,8822.70508834594,9635.32760844905
49411.3569169233,6278.39561742323,7356.03236454736,8841.66085541034,9629.57139352744
49432.5569842489,6294.30748448457,7331.7705694327,8859.84793440677,9622.87825083929
49453.7570515745,6311.13611562558,7308.20806774061,8877.25497357699,9615.24992152258
49474.9571189001,6328.87428116667,7285.35899517974,8893.87099036828,9606.68863754784
49496.1571862257,6347.51425531168,7263.23716047511,8909.6853793515,9597.19712365049
49517.3572535513,6367.04781694147,7241.8560362289,8924.68792005824,9586.77859905601
49538.5573208769,6387.46625065076,7221.22874983046,8938.8687847306,9575.43677899221
49559.7573882025,6408.76034803297,7201.36807442246,8952.2185459762,9563.17587598287
49580.9574555281,6430.92040921741,7182.28641993055,8964.72818432144,9550.00060091724
49602.1575228537,6453.93624466379,7163.99582416379,8976.38909565573,9535.91616388954
49623.3575901793,6477.79717721803,7146.50794399358,8987.1930985589,9520.92827480331
49644.5576575049,6502.49204443374,7129.83404661902,8997.1324415043,9505.04314373464
49665.7577248305,6528.00920116352,7113.98500092655,9006.19980992983,9488.26748104937
49686.9577921561,6554.33652242383,7098.97126895242,9014.3883331686,9470.60849726852
49708.1578594817,6581.46140653729,7084.80289745619,9021.69159123144,9452.07390267706
49729.3579268073,6609.37077855594,7071.48950961401,9028.10362143289,9432.67190667063
49750.5579941329,6638.05113176457,7059.04030487455,9033.61891035902,9412.41118418538
49771.7580614585,6667.48920729872,7047.46420064233,9038.23214118012,9391.300283894
49792.9581287841,6697.67083378515,7036.76958489818,9041.93863560569,9369.34863437192
49814.1581961097,6728.5811394258,7026.96434087259,9044.7342826997,9346.56637380772
49835.3582634353,6760.20480713199,7018.055891314,9046.61545545137,9322.96412655252
49856.5583307609,6792.52607427483,7010.05118999964,9047.57901868282,9298.55300509194
49877.7583980865,6825.52873795089,7002.95671449392,9047.62233441183,9273.34460759467
49898.9584654121,6859.19616063825,6996.77845911547,9046.74326695151,9247.35101509502
49920.1585327377,6893.51127614723,6991.52192810288,9044.94018778126,9220.58478838193
49941.3586000633,6928.45659586581,6987.19212898852,9042.21198018129,9193.05896459247
49962.5586673889,6964.01421530074,6983.79356618979,9038.558043622,9164.7870535062
49983.7587347146,7000.16582091568,6981.33023482755,9033.97829789948,9135.78303353702
50004.9588020401,7036.89269726767,6979.8056147813,9028.47318700855,9106.06134741889
50026.1588693657,7074.17573444269,6979.22266499092,9022.04368274462,9075.63689758237
50047.3589366914,7111.99543579179,6979.58381801453,9014.69128802547,9044.52504121822
50068.5590040169,7150.33192596838,6980.89097485239,9006.41803992451,9012.74158502512
50089.7590713426,7189.16495926796,6983.14550004643,8997.2265124065,8980.30277963796
50110.9591386682,7228.47392827113,6986.34821706522,8987.11981875714,8947.22531373352
50132.1592059938,7268.23787279091,6990.49940398419,8976.10161369788,8913.52630781013
50153.3592733194,7308.43548912541,6995.59878947062,8964.17609517703,8879.22330763812
50174.559340645,7349.0451396168,7001.64554908329,8951.34800582863,8844.33427737759
50195.7594079706,7390.04486251786,7008.63830189631,8937.62263409041,8808.87759236012
50216.9594752962,7431.41238216695,7016.5751074569,8923.00581497225,8772.87203153119
50238.1595426218,7473.12511947281,7025.45346308636,8907.50393046627,8736.33676954968
50259.3596099474,7515.16020271044,7035.27030153415,8891.12390959051,8699.29136854107
50280.559677273,7557.49447862907,7046.02198899404,8873.87322805727,8661.75576950093
50301.7597445986,7600.10452387384,7057.70432349195,8855.75990755799,8623.75028334518
50322.9598119242,7642.96665672227,7070.31253365459,8836.79251465626,8585.29558160354
50344.1598792498,7686.05694913702,7083.84127786797,8816.98015928081,8546.41268675291
50365.3599465754,7729.35123913608,7098.28464383471,8796.33249281042,8507.12296218718
50386.560013901,7772.82514348177,7113.63614853904,8774.85970574279,8467.44810182022
50407.7600812266,7816.45407068965,7129.88873862799,8752.57252493969,8427.41011931864
50428.9601485522,7860.21323435832,7147.03479121735,8729.4822104408,8387.03133696173
50450.1602158778,7904.07766682103,7165.06611513048,8705.60055183897,8346.33437412522
50471.3602832034,7948.02223311966,7183.97395257794,8680.93986420977,8305.34213538663
50492.560350529,7992.02226474236,7203.7491176339,8655.51274461478,8264.07725931082
50513.7604178546,8036.05308643537,7224.38191051182,8629.33224744097,8222.56251654686
50534.9604851802,8080.08915003447,7245.86191745418,8602.41221179374,8180.82158076548
50556.1605525058,8124.10481370712,7268.1781724468,8574.76697371811,8138.87834900352
50577.3606198314,8168.07433916419,7291.31915744063,8546.41136875656,8096.75694168243
50598.560687157,8211.97190686912,7315.2728065879,8517.36072545743,8054.48168899388
50619.7607544826,8255.7716320647,7340.02651106236,8487.63085817665,8012.07711650707
50640.9608218082,8299.44758113568,7365.56712437365,8457.23805938399,7969.5679303732
50662.1608891338,8342.97378829464,7391.88096817918,8426.19909147465,7926.97900213548
50683.3609564594,8386.32427258688,7418.95383859807,8394.53117808261,7884.33535314699
50704.561023785,8429.47305520868,7446.77101303063,8362.25199489409,7841.6621386001
50725.7610911106,8472.39417713193,7475.31725748708,8329.37965995926,7798.9846311722
50746.9611584362,8515.06171702676,7504.57683442725,8295.93272350213,7756.32820429374
50768.1612257618,8557.44980947244,7534.53351111346,8261.93015722876,7713.71831504649
50789.3612930874,8599.5326634446,7565.17056847679,8227.39134313591,7671.18048670112
50810.561360413,8641.28458106588,7596.47081049684,8192.33606182226,7628.74029090488
50831.7614277386,8682.67997660446,7628.41657409372,8156.78448030674,7586.42332953245
50852.9614950642,8723.69339570381,7660.98973952995,8120.7571393586,7544.25521621382
50874.1615623898,8764.29953482431,7694.17174131917,8084.27494034613,7502.26155755615
50895.3616297154,8804.47326087629,7727.94357963713,8047.35913161153,7460.46793407735
50916.561697041,8844.18963102098,7762.28583222937,8010.0312943813,7418.89988087197
50937.7617643666,8883.42391261493,7797.17866680889,7972.31332822284,7377.58286803119
50958.9618316922,8922.15160327061,7832.60185393568,7934.22743605922,7336.54228084154
50980.1618990178,8960.34845100447,7868.53478036884,7895.79610875573,7295.80339978774
51001.3619663434,8997.99047444162,7904.95646288071,7857.04210929331,7255.39138038829
51022.562033669,9035.05398304446,7941.84556252105,7817.98845654535,7215.33123289318
51043.7621009946,9071.51559733101,7979.18039931819,7778.65840867575,7175.64780187543
51064.9621683202,9107.35226904682,8016.93896740238,7739.0754461779,7136.36574574975
51086.1622356458,9142.54130125307,8055.09895053561,7699.26325457519,7097.50951625311
51107.3623029714,9177.06036829217,8093.63773803098,7659.2457068053,7059.10333792337
51128.562370297,9210.88753595076,8132.53244112264,7619.04684517216,7021.17118730065
51149.7624376226,9244.00198857827,8171.7600711863,7578.69058805182,6983.73615251423
51170.9625049482,9276.38326896656,8211.29739722594,7538.20100310192,6946.82108655549
51192.1625722738,9308.01072197261,8251.12082275982,7497.60251180801,6910.44910207581
51213.3626395995,9338.86417336353,8291.20654456648,7456.91962515072,6874.64297269294
51234.5627069251,9368.9239310678,8331.53056648237,7416.17693225775,6839.42512744708
51255.7627742507,9398.17080276187,8372.06871728767,7375.39908153782,6804.81763169441
51276.9628415763,9426.58611337703,8412.7966688886,7334.61076155505,6770.8421680043
51298.1629089019,9454.15172213823,8453.68995469192,7293.83668182331,6737.52001738939
51319.3629762275,9480.85003908831,8494.72398814379,7253.10155355395,6704.87204091396
51340.5630435531,9506.66404105817,8535.87408140565,7212.43007038794,6672.91866171991
51361.7631108787,9531.57728704554,8577.11546413948,7171.84688914366,6641.67984750837
51382.9631782043,9555.57393296586,8618.42330237452,7131.37661061129,6611.17509351394
51404.1632455299,9578.63874574115,8659.77271742692,7091.04376042519,6581.42340600724
51425.3633128555,9600.75711669466,8701.13880484428,7050.87277004466,6552.44328635938
51446.5633801811,9621.91507422106,8742.49665334633,7010.88795787369,6524.25271570065
51467.7634475067,9642.09929570495,8783.82136373367,6971.11351054944,6496.86914020323
51488.9635148323,9661.29711866239,8825.08806773643,6931.57346442854,6470.30945701591
51510.1635821579,9679.49655108364,8866.27194677504,6892.29168729962,6444.59000087607
51531.3636494835,9696.68628095749,8907.34825060589,6853.29186034931,6419.72653142206
51552.5637168091,9712.85568496107,8948.29231582504,6814.59746040835,6395.73422122621
51573.7637841347,9727.99483630191,8989.07958420409,6776.23174250257,6372.62764456627
51594.9638514603,9742.09451170192,9029.68562083259,6738.21772273328,6350.4207669501
51616.1639187859,9755.14619751651,9070.08613204267,6700.57816150931,6329.12693540599
51637.3639861115,9767.14209498488,9110.25698309234,6663.33554715215,6308.75886954758
51658.5640534371,9778.07512461051,9150.17421558472,6626.51207989403,6289.32865342045
51679.7641207627,9787.93892967448,9189.81406460185,6590.12965628729,6270.84772813367
51700.9641880883,9796.72787888639,9229.15297553266,6554.20985404175,6253.32688527762
51722.1642554139,9804.43706818124,9268.16762057573,6518.77391730553,6236.77626112661
51743.3643227395,9811.06232167298,9306.83491489918,6483.84274240278,6221.20533162183
51764.5643900651,9816.60019177802,9345.13203244049,6449.43686404069,6206.62290812833
51785.7644573907,9821.04797489882,9383.03642517772,6415.57643566067,6193.03711945631
51806.9645247163,9824.40459936249,9420.52605027533,6382.28086798057,6180.45462237043
51828.1645920419,9826.66926471417,9457.57907968777,6349.56933067414,6168.8817982425
51849.3646593675,9827.84139415302,9494.17389477909,6317.46076938017,6158.32479003584
51870.5647266931,9827.92113515833,9530.28921029563,6285.97370412875,6148.78905959373
51891.7647940187,9826.90934399484,9565.90408464551,6255.12622300609,6140.27939790934
51912.9648613443,9824.80758060827,9600.99793273599,6224.93597191885,6132.79992594467
51934.1649286699,9821.61810309059,9635.55053842683,6195.42014477977,6126.35409589601
51955.3649959955,9817.34386153475,9669.54206653903,6166.59547419588,6120.94469307561
51976.5650633211,9811.98849130156,9702.95307441302,6138.47822265964,6116.5738383924
51997.7651306467,9805.55630572669,9735.76452301271,6111.08417424139,6113.24299140992
52018.9651979723,9798.05228829527,9767.95778757242,6084.42862678008,6110.95295395955
52040.1652652979,9789.48208431277,9799.51466778513,6058.5263845688,6109.70387428619
52061.3653326235,9779.85199210005,9830.41739753099,6033.39175153027,6109.4952517036
52082.5653999491,9769.16895374071,9860.64865414639,6009.03852487724,6110.32594173645
52103.7654672747,9757.44054540868,9890.19156723397,5985.47998925198,6112.19416172595
52124.9655346003,9744.67496730352,9919.02972701545,5962.72891133794,6115.09749687625
52146.1656019259,9730.88103322041,9947.14719222968,5940.79753493694,6119.0329067187
52167.3656692515,9716.06815978141,9974.52849757838,5919.69757650404,6123.99673197185
52188.5657365771,9700.24635535354,10001.1586607237,5899.4402211323,6129.98470177481
52209.7658039027,9683.42620867897,10027.0231888414,5880.03611897907,6136.9919412727
52230.9658712283,9665.61887724139,10052.1080847343,5861.49538212514,6145.01297953293
52252.1659385539,9646.83607539202,10076.3998525112,5843.82758185797,6154.04175777208
52273.3660058795,9627.09006225765,10099.885502837,5827.04174636985,6164.07163787326
52294.5660732051,9606.39362945245,10122.5525577596,5811.14635886173,6175.09541117501
52315.7661405307,9584.76008861381,10144.3890551201,5796.14935604349,6187.10530751329
52336.9662078563,9562.20325878224,10165.3835525528,5782.05812702106,6200.09300449856
52358.1662751819,9538.73745364358,10185.5251310817,5768.87951256075,6214.04963701116
52379.3663425075,9514.37746865158,10204.8033983213,5756.61980472176,6228.96580689863
52400.5664098331,9489.13856804724,10223.2084912878,5745.28474684659,6244.83159285933
52421.7664771588,9463.036471791,10240.7310788292,5734.87953390052,6261.63656049756
52442.9665444843,9436.0873424224,10257.3623636819,5725.40881315019,6279.36977253606
52464.16661181,9408.30783498318,10273.0940994746,5716.87666086014,6298.01974261649
52485.3666791356,9379.71575959484,10287.918757569,5709.28631591003,6317.57384586816
52506.5667464612,9350.32869161192,10301.8292057547,5702.64070740962,6338.01955392246
52527.7668137868,9320.16437308328,10314.8188019616,5696.94231002837,6359.34406950378
52548.9668811124,9289.24092767123,10326.8814432589,5692.1930580363,6381.53414055248
52570.166948438,9257.57684320566,10338.0115645975,5688.39434927537,6404.57607523005
52591.3670157636,9225.19095837555,10348.2041384996,5685.54704792257,6428.4557528992
52612.5670830892,9192.10244950455,10357.4546744604,5683.6514874955,6453.15863510374
52633.7671504148,9158.33081734303,10365.759218046,5682.70747411868,6478.66977661467
52654.9672177404,9123.89587388306,10373.1143496965,5682.71429004267,6504.97383653565
52676.167285066,9088.81772920441,10379.5171832411,5683.67069740736,6532.05508945899
52697.3673523916,9053.11677835838,10384.9653641333,5685.57494224137,6559.89743666452
52718.5674197172,9016.81368829658,10389.4570674149,5688.42475868908,6588.48441735367
52739.7674870428,8979.92938485087,10392.9909954159,5692.21737345739,6617.79921991144
52760.9675543684,8942.48503977029,10395.5663751984,5696.94951047417,6647.82469318948
52782.167621694,8904.50205782061,10397.1829557526,5702.61739575051,6678.54335780374
52803.3676890196,8866.00206395176,10397.8410049513,5709.21676243908,6709.93741744031
52824.5677563452,8827.00689053781,10397.5413062733,5716.74285608111,6741.9887701637
52845.7678236708,8787.53856469427,10396.2851552998,5725.19044003436,6774.67901972165
52866.9678909964,8747.61929567662,10394.0743559941,5734.5538010748,6807.98948684132
52888.167958322,8707.27146236439,10390.9112167702,5744.82675516491,6841.90122051144
52909.3680256476,8666.51760083424,10386.798546359,5756.00265338137,6876.39500924557
52930.5680929732,8625.3803920255,10381.7396494779,5768.07438799537,6911.45139232206
52951.7681602988,8583.88264950153,10375.7383223122,5781.03439869859,6947.05067099567
52972.9682276244,8542.04730730973,10368.798847814,5794.8746789684,6983.17291967712
52994.16829495,8499.89740794299,10360.9259908267,5809.58678256562,7019.7979970762
53015.3683622756,8457.45609040533,10352.1249930406,5825.1618301585,7056.90555730464
53036.5684296012,8414.7465783838,10342.4015677881,5841.59051606684,7094.47506093513
53057.7684969268,8371.79216852909,10331.7618946819,5858.86311512002,7132.48578601282
53078.9685642524,8328.61621884682,10320.2126141062,5876.96948962318,7170.91683901626
53100.168631578,8285.24213720116,10307.7608215641,5895.89909642567,7209.74716576428
53121.3686989036,8241.69336993276,10294.4140618889,5915.6409940863,7248.95556226622
53142.5687662292,8197.9933905922,10280.1803233251,5936.18385012983,7288.52068551236
53163.7688335548,8154.16568879064,10265.0680314842,5957.51594838944,7328.42106420217
53184.9689008804,8110.23375916844,10249.0860431812,5979.62519643029,7368.63510940779
53206.168968206,8066.22109048329,10232.2436401578,6002.49913304875,7409.14112517044
53227.3690355316,8022.15115481847,10214.550522697,6026.12493584304,7449.91731902753
53248.5691028572,7978.04739691196,10196.0168031345,6050.48942885029,7490.94181246871
53269.7691701828,7933.93322360739,10176.6529992715,6075.57909024565,7532.1926513187
53290.9692375084,7889.83199342681,10156.4700276945,6101.38006009941,7573.64781604548
53312.169304834,7845.76700626623,10135.4791970064,6127.87814818757,7615.28523199204
53333.3693721596,7801.7614932136,10113.6922009728,6155.0588418524,7657.08277953057
53354.5694394852,7757.83860648993,10091.1211115886,6182.90731390888,7699.01830413753
53375.7695068108,7714.02140951299,10067.7783720688,6211.40843059357,7741.06962638882
53396.9695741364,7670.33286708397,10043.6767897675,6240.54675955259,7783.21455187374
53418.169641462,7626.79583569651,10018.8295290286,6270.30657786514,7825.43088102718
53439.3697087876,7583.43305396802,9993.25010397217,6300.67188010002,7867.69641887918
53460.5697761132,7540.26713319272,9966.95237122002,6331.6263864016,7909.98898472128
53481.7698434388,7497.32054801596,9939.95052256312,6363.15355060313,7952.28642168935
53502.9699107644,7454.61562722903,9912.25907757466,6395.23656836443,7994.56660626242
53524.16997809,7412.17454468404,9883.89287617143,6427.85838533179,8036.80745767735
53545.3700454156,7370.01931032782,9854.86707112602,6461.00170531767,8078.98694725924
53566.5701127412,7328.171761354,9825.19712053278,6494.64899849842,8121.08310766771
53587.7701800669,7286.65355347253,9794.89878022966,6528.78250962791,8163.07404205892
53608.9702473925,7245.48615229531,9763.98809617833,6563.38426626542,8204.93793316373
53630.170314718,7204.69082483723,9732.48139680457,6598.4360870162,8246.65305228229
53651.3703820436,7164.28863113109,9700.39528530076,6633.91958978347,8288.19776819547
53672.5704493693,7124.30041595566,9667.74663189231,6669.81620003027,8329.55055599338
53693.7705166949,7084.74680067519,9634.55256606949,6706.10715905045,8370.69000582198
53714.9705840205,7045.6481751897,9600.83046878619,6742.77353224741,8411.59483154789
53736.1706513461,7007.02468999411,9566.59796462663,6779.7962174203,8452.24387934251
53757.3707186717,6968.89624834561,9531.87291394137,6817.15595305643,8492.61613618593
53778.5707859973,6931.28249853734,9496.67340495341,6854.83332662983,8532.69073829153
53799.7708533229,6894.20282627749,9461.01774583513,6892.80878290523,8572.44697945215
53820.9709206485,6857.6763471724,9424.9244567569,6931.06263224733,8611.86431930843
53842.1709879741,6821.72189931217,9388.41226190771,6969.57505893521,8650.92239154075
53863.3710552997,6786.35803595786,9351.50008148827,7008.32612948157,8689.60101198497
53884.5711226253,6751.60301832868,9314.20702367685,7047.29580095718,8727.88018667365
53905.7711899509,6717.47480848809,9276.5523765679,7086.46392932052,8765.74011980311
53926.9712572765,6683.99109792415,9238.5556083128,7125.81026417369,8803.16119006198
53948.1713246021,6651.16931139749,9200.23636220787,7165.31445186607,8840.1239492195
53969.3713919277,6619.02647345376,9161.61441992951,7204.95609238242,8876.609241234
53990.5714592533,6587.57928090979,9122.70971051141,7244.7147184088,8912.5981400767
54011.7715265789,6556.84409748463,9083.54230223164,7284.56980318827,8948.07195647362
54032.9715939045,6526.83694717168,9044.13239436347,7324.50076891884,8983.01224552817
54054.1716612301,6497.57350778544,9004.50030892019,7364.48699512961,9017.4008141968
54075.3717285557,6469.06910460103,8964.66648237038,7404.5078270657,9051.21972869601
54096.5717958813,6441.33870408455,8924.6514573228,7444.54258408307,9084.45132184255
54117.7718632069,6414.39690771335,8884.47587417995,7484.5705680541,9117.07820032773
54138.9719305325,6388.25794588632,8844.16046275956,7524.57107178478,9149.08325192616
54160.1719978581,6362.93567192352,8803.72603388318,7564.52338744426,9180.44965263926
54181.3720651837,6338.44355615546,8763.19347093099,7604.40681500762,9211.16087377399
54202.5721325093,6314.79468010148,8722.58372136183,7644.2006707127,9241.20068895684
54223.7721998349,6292.00173073791,8681.91778819769,7683.88429553177,9270.55318108338
54244.9722671605,6270.07699485606,8641.21672147156,7723.43706365882,9299.20274920309
54266.1723344861,6249.03235351042,8600.50160963787,7762.83839101325,9327.13411533945
54287.3724018117,6228.87927655783,8559.79357094444,7802.06774376073,9354.33233124514
54308.5724691373,6209.62881728822,8519.11374476522,7841.10464685174,9380.78278509161
54329.7725364629,6191.29160714805,8478.48328289271,7879.92869257868,9406.47120809273
54350.9726037885,6173.87785055733,8437.92334078954,7918.51954915176,9431.38368106175
54372.1726711141,6157.39731982163,8397.4550687981,7956.85696929448,9455.50664090056
54393.3727384397,6141.8593501405,8357.09960330771,7994.92079885891,9478.82688702047
54414.5728057653,6127.27283471392,8316.87805787866,8032.69098546097,9501.33158769305
54435.7728730909,6113.64621994863,8276.81151432234,8070.14758713619,9523.00828632986
54456.9729404165,6100.98750076615,8236.92101373724,8107.27078101589,9543.84490768957
54478.1730077421,6089.30421601512,8197.2275475002,8144.04087202365,9563.82976401044
54499.3730750677,6078.60344398971,8157.75204821271,8180.43830159197,9582.95156106675
54520.5731423933,6068.89179805731,8118.51538060212,8216.44365639905,9601.19940414665
54541.7732097189,6060.17542239769,8079.53833237755,8252.03767712481,9618.56280394947
54562.9732770445,6052.45998785699,8040.84160504085,8287.20126722597,9635.03168239989
54584.1733443701,6045.75068791937,8002.44580465246,8321.91550172915,9650.59637837636
54605.3734116957,6040.05223479987,7964.371432553,8356.16163604111,9665.247653351
54626.5734790213,6035.36885566172,7926.63887604076,8389.92111477524,9678.97669693789
54647.7735463469,6031.70428896201,7889.26839900599,8423.17558059259,9691.7751323465
54668.9736136725,6029.06178092937,7852.28013252286,8455.90688305642,9703.63502173703
54690.1736809981,6027.44408217785,7815.6940654002,8488.09708749816,9714.54887147384
54711.3737483237,6026.85344446101,7779.53003469229,8519.72848389314,9724.50963727338
54732.5738156493,6027.29161757067,7743.80771617115,8550.78359574401,9733.51072924262
54753.7738829749,6028.75984638481,7708.54661476212,8581.24518896927,9741.54601680371
54774.9739503005,6031.2588680692,7673.76605494466,8611.09628079468,9748.60983350074
54796.1740176262,6034.78890943754,7639.48517112049,8640.32014864449,9754.69698168407
54817.3740849517,6039.34968447513,7605.72289795147,8668.90033902975,9759.80273706744
54838.5741522774,6044.94039203092,7572.4979606699,8696.82067643022,9763.9228531532
54859.774219603,6051.55971368324,7539.82886536412,8724.0652721666,9767.05356552069
54880.9742869285,6059.20581178429,7507.73388924254,8750.61853325915,9769.19159597255
54902.1743542542,6067.87632768886,7476.23107087949,8776.46517126903,9770.33415653381
54923.3744215798,6077.56838017263,7445.3382004466,8801.59021111775,9770.47895329831
54944.5744889054,6088.27856404542,7415.07280993361,8825.9789998807,9769.62419011708
54965.774556231,6100.00294896514,7385.45216336274,8849.61721554973,9767.76857212285
54986.9746235566,6112.73707845764,7356.49324700123,8872.49087576002,9764.91130908516
55008.1746908822,6126.47596914857,7328.21275957673,8894.58634647593,9761.05211859022
55029.3747582078,6141.21411021224,7300.62710250044,8915.89035063054,9756.19122903962
55050.5748255334,6156.94546304357,7273.75237010353,8936.38997671302,9750.32938246188
55071.774892859,6173.66346115849,7247.60433989209,8956.07268729808,9743.46783713096
55092.9749601846,6191.36101032826,7222.19846282684,8974.92632751124,9735.6083699856
55114.1750275102,6210.03048895357,7197.54985363325,8992.93913342356,9726.75327884335
55135.3750948358,6229.66374868336,7173.67328114883,9010.09974036939,9716.90538440331
55156.5751621614,6250.25211528422,7150.58315871408,9026.39719117995,9706.06803203136
55177.775229487,6271.78638976533,7128.2935346139,9041.82094432613,9694.2450933219
55198.9752968126,6294.25684976425,7106.81808257681,9056.36088196298,9681.44096742978
55220.1753641382,6317.65325119869,7086.17009233926,9070.00731786849,9667.66058216665
55241.3754314638,6341.96483018901,7066.36246028274,9082.75100526917,9652.90939485547
55262.5754987894,6367.18030525653,7047.40768015154,9094.58314454441,9637.19339293743
55283.775566115,6393.28787980196,7029.31783385933,9105.49539080173,9620.51909432517
55304.9756334406,6420.2752448688,7012.10458239293,9115.47986131484,9602.89354749666
55326.1757007662,6448.12958219565,6995.7791568217,9124.52914281598,9584.32433132399
55347.3757680918,6476.83756756184,6980.35234942144,9132.63629863429,9564.81955463127
55368.5758354174,6506.3853744302,6965.83450492184,9139.79487567143,9544.38785547646
55389.775902743,6536.75867789066,6952.23551188636,9145.99891120596,9523.03840015131
55410.9759700686,6567.94265890822,6939.56479423415,9151.24293951735,9500.7808818946
55432.1760373942,6599.922061254,6927.83131403749,9155.52197821147,9477.6254741038
55453.3761047198,6632.68186377528,6917.04371189103,9158.83127834099,9453.58224460994
55474.5761720454,6666.20606002092,6907.21004587084,9161.16678983321,9428.66221425021
55495.776239371,6700.47796034467,6898.33783472465,9162.52505654611,9402.87710875826
55516.9763066966,6735.48041253043,6890.43409495664,9162.9031459551,9376.23916506904
55538.1763740222,6771.19580337681,6883.50533250917,9162.29865653375,9348.76113177795
55559.3764413478,6807.60606496315,6877.55753552719,9160.7097229262,9320.4562658665
55580.5765086734,6844.69268131128,6872.59616735506,9158.13502083546,9291.33832905035
55601.776575999,6882.43669536307,6868.62615976005,9154.57377165463,9261.4215838096
55622.9766433246,6920.81871627326,6865.65190639241,9150.0257468329,9230.72078909897
55644.1767106502,6959.81892701858,6863.67725649202,9144.49127196705,9199.25119573461
55665.3767779758,6999.41709232363,6862.70550885177,9137.97123060965,9167.02854145448
55686.5768453014,7039.5925669042,6862.73940604792,9130.46706778478,9134.06904564907
55707.776912627,7080.32430402857,6863.78112894739,9121.98079320234,9100.38940375969
55728.9769799526,7121.59086439699,6865.83229150234,9112.51498416198,9066.00678134118
55750.1770472782,7163.37042533987,6868.89393584202,9102.07278813767,9030.93880778635
55771.3771146038,7205.64079033466,6872.96652767206,9090.65792503406,8995.20356970944
55792.5771819294,7248.37939884174,6878.04995199132,9078.27468910563,8958.81960398575
55813.777249255,7291.56333645942,6884.14350913609,9064.92795053005,8921.80589044472
55834.9773165806,7335.1693453983,6891.24591116194,9050.62315662671,8884.18184421403
55856.1773839062,7379.1738352747,6899.35527857273,9035.36633271205,8845.96730771185
55877.3774512318,7423.55289422374,6908.46913740691,9019.16408258276,8807.18254228485
55898.5775185574,7468.28230033196,6918.58441669069,9002.02358861855,8767.84821948915
55919.777585883,7513.33753338939,6929.69744626754,8983.95261149597,8727.98541201194
55940.9776532086,7558.69378696161,6941.80395501387,8964.95948950485,8687.6155842309
55962.1777205342,7604.32598078155,6954.8990694498,8945.05313745937,8646.7605824092
55983.3777878598,7650.20877346128,6968.97731275477,8924.24304519545,8605.44262452342
56004.5778551854,7696.316575524,6984.03260419649,8902.53927564661,8563.684289722
56025.777922511,7742.62356275605,7000.05825898261,8879.95246249049,8521.50850741188
56046.9779898367,7789.10368987916,7017.04698854352,8856.49380735847,8478.93854597108
56068.1780571623,7835.7307045427,7034.99090125484,8832.17507660092,8435.99800108507
56089.3781244879,7882.47816163587,7053.88150360797,8807.00859760103,8392.71078370486
56110.5781918135,7929.31943791932,7073.70970183648,8781.00725463005,8349.10110762514
56131.7782591391,7976.22774697574,7094.46580400647,8754.18448423764,8305.19347668081
56152.9783264647,8023.17615447848,7116.13952257783,8726.55427017078,8261.01267156072
56174.1783937903,8070.13826439584,7138.72012510877,8698.13087888362,8216.5831529256
56195.3784611159,8117.08759396001,7162.19631667772,8668.92909277568,8171.92959052291
56216.5785284415,8163.99686090443,7186.55607227661,8638.96447851395,8127.077501966
56237.7785957671,8210.83871422378,7211.78678952909,8608.25311713861,8082.05261418618
56258.9786630927,8257.58573212056,7237.87528985065,8576.81160552791,8036.88086273962
56280.1787304183,8304.21043852302,7264.80782374927,8544.6570487291,7991.58837684668
56301.3787977439,8350.68532033754,7292.57007672071,8511.8070515931,7946.20146371434
56322.5788650695,8396.98284501944,7321.14717566182,8478.27970989606,7900.74659246377
56343.7789323951,8443.07547844926,7350.5236958046,8444.09360094927,7855.25037767195
56364.9789997207,8488.93570310904,7380.6836681742,8409.26777369519,7809.7395625313
56386.1790670463,8534.536036551,7411.61058757392,8373.82173828885,7764.24100163223
56407.3791343719,8579.84905015061,7443.28742109893,8337.77545516444,7718.78164337497
56428.5792016975,8624.84738813404,7475.69661717995,8301.14932358795,7673.38851201849
56449.7792690231,8669.50378686866,7508.82011515752,8263.96416969767,7628.08868937531
56470.9793363487,8713.79109440353,7542.63935538582,8226.24123403577,7582.90929616335
56492.1794036743,8757.68229024543,7577.13528986505,8188.00215857472,7537.87747302676
56513.3794709999,8801.1505053536,7612.28839339954,8149.26897324415,7493.02036124016
56534.5795383255,8844.16904233511,7648.07867527809,8110.06408196474,7448.36508311201
56555.7796056511,8886.71139582058,7684.48569147204,8070.4102481969,7403.93872210475
56576.9796729767,8928.75127299808,7721.48855734494,8030.33058001367,7359.76830269157
56598.1797403023,8970.26261428106,7759.06596086712,7989.84851470848,7315.88076997109
56619.3798076279,9011.21961408441,7797.1961763268,7948.98780294977,7272.30296906341
56640.5798749535,9051.59674168042,7835.85707852813,7907.77249249628,7229.06162431314
56661.7799422791,9091.36876210499,7875.02615746564,7866.22691148773,7186.18331832636
56682.9800096047,9130.5107570822,7914.68053346286,7824.37565132769,7143.69447087074
56704.1800769303,9168.99814593377,7954.79697276171,7782.2435491764,7101.6213176698
56725.3801442559,9206.80670643836,7995.35190354806,7739.85567007309,7059.98988912378
56746.5802115815,9243.91259560385,8036.32143239743,7697.23728870857,7018.82598899145
56767.7802789071,9280.29237031457,8077.68136112337,7654.41387087047,6978.15517306861
56788.9803462327,9315.92300781413,8119.40720401021,7611.41105458457,6938.00272790023
56810.1804135583,9350.78192800829,8161.47420586007,7568.25463019038,6898.39364780358
56831.3804808839,9384.84776661831,8203.85753216432,7524.97022801049,6859.35195362184
56852.5805482095,9418.09946596618,8246.53209415921,7481.58364797215,6820.90147637611
56873.7806155351,9450.51587604413,8289.47246134499,7438.12100307589,6783.06621431232
56894.9806828607,9482.07637706333,8332.65300943644,7394.60847545451,6745.86978270545
56916.1807501863,9512.76088262956,8376.04793580506,7351.07230310951,6709.33540642924
56937.3808175119,9542.54985759618,8419.63127861493,7307.5387599019,6673.48590030763
56958.5808848375,9571.42433574268,8463.37693622751,7264.03413532768,6638.34364955219
56979.7809521631,9599.36593694022,8507.25868678097,7220.58471423715,6603.9305905739
57000.9810194887,9626.35688375873,8551.25020791544,7177.21675653197,6570.26819221377
57022.1810868143,9652.38001747663,8595.32509661545,7133.95647687198,6537.37743743197
57043.3811541399,9677.41881345538,8639.4568891409,7090.83002442408,6505.27880549354
57064.5812214655,9701.45739584355,8683.61908101748,7047.86346268496,6473.99225468768
57085.7812887911,9724.48055157599,8727.78514705719,7005.08274940971,6443.53720561617
57106.9813561167,9746.4737436367,8771.92856137948,6962.51371667789,6413.93252508458
57128.1814234423,9767.42312355565,8816.02281740384,6920.18205112808,6385.19651062834
57149.3814907679,9787.31554311266,8860.04144778444,6878.11327439131,6357.34687570311
57170.5815580935,9806.13856522405,8903.95804425797,6836.33272375346,6330.40073556738
57191.7816254191,9823.88047399041,8947.74627737616,6794.86553307513,6304.37459388213
57212.9816927447,9840.530283887,8991.37991609479,6753.73661399721,6279.2843300502
57234.1817600704,9856.07774808131,9034.8328471919,6712.97063745884,6255.14518731536
57255.3818273959,9870.51336586512,9078.07909448831,6672.59201555344,6231.9717616383
57276.5818947216,9883.82838919187,9121.09283784457,6632.62488374719,6209.77799136391
57297.7819620472,9896.01482831322,9163.84843190937,6593.09308348283,6188.57714769134
57318.9820293728,9907.06545651173,9206.32042459501,6554.02014519072,6168.38182595602
57340.1820966984,9916.97381392984,9248.48357525736,6515.42927172656,6149.20393772896
57361.382164024,9925.73421049827,9290.31287255799,6477.34332225506,6131.05470373687
57382.5822313496,9933.34172797018,9331.78355198794,6439.78479659588,6113.9446476034
57403.7822986752,9939.79222106985,9372.87111303354,6402.77582004753,6097.88359040905
57424.9823660008,9945.08231776808,9413.55133596604,6366.33812870284,6082.88064606486
57446.1824333264,9949.20941869831,9453.80029823803,6330.49305526821,6068.94421749267
57467.382500652,9952.17172154821,9493.59439654742,6295.26150541632,6056.0819707172
57488.5825679776,9953.96912501443,9532.9105789915,6260.66358921769,6044.3000306949
57509.7826353032,9954.60175742295,9571.72602874585,6226.71916500842,6033.60427651959
57530.9827026288,9954.07006152288,9610.0181899847,6193.44780555028,6024.00026060102
57552.1827699544,9952.37524318352,9647.76488074661,6160.86861547066,6015.49281177975
57573.38283728,9949.51925660218,9684.94430400954,6129.00022408766,6008.08604482828
57594.5829046056,9945.50479834914,9721.53506089705,6097.86077501191,6001.78336186973
57615.7829719312,9940.33530093161,9757.51616345968,6067.46791621537,5996.58745429561
57636.9830392568,9934.01492572687,9792.8670469782,6037.83879063537,5992.50030532478
57658.1831065824,9926.54855530934,9827.56758178331,6008.99002731425,5989.52319318512
57679.383173908,9917.9417852004,9861.59808458823,5980.93773307189,5987.65669489525
57700.5832412336,9908.20091506985,9894.9393293319,5953.69748470815,5986.90069062304
57721.7833085592,9897.33293941828,9927.5725575309,5927.28432173082,5987.25436859754
57742.9833758848,9885.34553776986,9959.4794881402,5901.71273960422,5988.71623055024
57764.1834432104,9872.24706440437,9990.64232692248,5876.9966835125,5991.28409766192
57785.383510536,9858.04653765773,10021.0437753277,5853.14954263131,5994.95511699081
57806.5835778616,9842.75362881937,10050.6670388848,5830.18414490049,5999.72576835844
57827.7836451872,9826.37865065467,10079.4958351081,5808.11275229039,6005.59187166919
57848.9837125128,9808.93254557968,10107.514400922,5786.94705655347,6012.54859464049
57870.1837798384,9790.4268735154,10134.7074996081,5766.69817545265,6020.5904609203
57891.383847164,9770.87379944716,10161.0604272796,5747.37664945737,6029.71135856967
57912.5839144896,9750.28608071456,10186.5590188876,5728.99243889819,6039.90454888819
57933.7839818152,9728.67705405642,10211.1896537653,5711.55492157027,6051.16267556098
57954.9840491408,9706.06062243397,10234.9392607163,5695.07289077598,6063.4777741065
57976.1841164664,9682.4512416549,10257.7953226541,5679.55455379673,6076.841281605
57997.384183792,9657.86390681968,10279.7458807983,5665.00753078385,6091.24404668837
58018.5842511176,9632.31413861072,10300.7795384359,5651.43885405845,6106.6763397726
58039.7843184432,9605.81796944403,10320.8854642549,5638.8549678099,6123.12786351495
58060.9843857688,9578.39192950157,10340.0533952575,5627.26172818273,6140.58776347886
58082.1844530944,9550.05303266225,10358.2736392622,5616.66440374171,6159.0446389898
58103.38452042,9520.81876234789,10375.5370770007,5607.06767630461,6178.48655416685
58124.5845877456,9490.7070573,10391.8351638201,5598.47564213277,6198.90104911459
58145.7846550712,9459.73637221991,10407.1599492079,5590.89178464346,6220.27508406921
58166.9847223968,9427.9263233659,10421.5042396597,5584.31871435428,6242.59446522551
58188.1847897224,9395.29627239462,10434.8612703868,5578.75870710316,6265.84510354069
58209.384857048,9361.86577832865,10447.2248109956,5574.21354039579,6290.01260392794
58230.5849243736,9327.65478870929,10458.5892087523,5570.68441648581,6315.082100752
58251.7849916992,9292.68362158567,10468.9493869871,5568.17196675814,6341.03827337373
58272.9850590248,9256.97295117392,10478.3008442992,5566.67625510818,6367.86535810272
58294.1851263504,9220.54379360002,10486.639653455,5566.19678157945,6395.54716015481
58315.385193676,9183.41749266782,10493.962459967,5566.73248627383,6424.06706567314
58336.5852610016,9145.61570565988,10500.2664803631,5568.28175352575,6453.4080538043
58357.7853283272,9107.16038917898,10505.549500153,5570.84241633095,6483.5527088209
58378.9853956528,9068.07378503846,10509.8098715029,5574.41176102104,6514.4832322817
58400.1854629785,9028.37840620811,10513.0465106238,5578.98653217491,6546.18145522158
58421.3855303041,8988.09702282272,10515.2588948858,5584.56293775813,6578.62885036322
58442.5855976297,8947.25264825951,10516.4470596631,5591.13665448198,6611.80654434347
58463.7856649553,8905.86852529015,10516.6115949207,5598.70283337346,6645.69532994715
58484.9857322809,8863.96811231328,10515.7536415503,5607.25610554795,6680.27567834166
58506.1857996065,8821.57506967224,10513.8748874636,5616.7905881765,6715.52775130619
58527.3858669321,8778.71324606324,10510.9775634507,5627.29989063951,6751.43141344914
58548.5859342577,8735.40666503813,10507.0644388134,5638.77712085909,6787.96624440832
58569.7860015833,8691.67951160625,10502.1388167785,5651.21489180214,6825.11155102814
58590.9860689089,8647.55611893899,10496.2045297023,5664.60532814687,6862.84637950879
58612.1861362345,8603.06095518096,10489.265934071,5678.94007310498,6901.14952752212
58633.3862035601,8558.21861037095,10481.3279053067,5694.21029539253,6939.99955628976
58654.5862708857,8513.05378347591,10472.3958323859,5710.4066963421,6979.37480261873
58675.7863382113,8467.59126954081,10462.4756122767,5727.51951714954,7019.25339089047
58696.9864055369,8421.85594695714,10451.5736442044,5745.53854624826,7059.61324499886
58718.1864728625,8375.87276485227,10439.6968237502,5764.45312680472,7100.43210023373
58739.3865401881,8329.66673060234,10426.8525367905,5784.25216432829,7141.68751510593
58760.5866075137,8283.26289747034,10413.0486532855,5804.92413438951,7183.35688311057
58781.7866748393,8236.68635237141,10398.2935209206,5826.45709044048,7225.41744442519
58802.9867421649,8189.96220376718,10382.5959586093,5848.83867173138,7267.84629753976
58824.1868094905,8143.11556969038,10365.9652498637,5872.05611131748,7310.62041081545
58845.3868768161,8096.17156590134,10348.4111360379,5896.09624415086,7353.71663396969
58866.5869441417,8049.1552941773,10329.9438094503,5920.9455152517,7397.11170948484
58887.7870114673,8002.09183073576,10310.5739063923,5946.58998795349,7440.78228393811
58908.9870787929,7955.00621479256,10290.3125000266,5973.01535221754,7484.70491925054
58930.1871461185,7907.92343725551,10269.171093182,6000.20693301163,7528.85610385309
58951.3872134441,7860.86842955393,10247.1616110504,6028.14969874819,7573.21226376787
58972.5872807697,7813.86605260483,10224.2963937898,6056.82826977754,7617.74977360289
58993.7873480953,7766.94108591561,10200.5881890389,6086.22692693186,7662.44496745879
59014.9874154209,7720.11821682367,10176.0501443479,6116.32962011573,7707.27414974626
59036.1874827465,7673.42202987295,10150.6957995308,6147.11997693941,7752.21360591266
59057.3875500721,7626.87699632701,10124.5390789419,6178.58131139088,7797.23961307721
59078.5876173977,7580.50746381865,10097.5942836828,6210.6966325434,7842.32845057345
59099.7876847233,7534.33764613558,10069.8760837412,6243.44865329492,7887.45641039836
59120.9877520489,7488.39161314183,10041.3995100687,6276.81979913635,7932.5998075676
59142.1878193745,7442.6932808339,10012.1799465977,6310.79221694557,7977.73499037623
59163.3878867001,7397.26640153149,9982.23312220357,6345.34778380443,8022.83835056456
59184.5879540257,7352.1345542016,9951.57510261333,6380.46811583617,8067.88633338915
59205.7880213513,7307.32113491532,9920.22228226548,6416.13457706053,8112.85544759842
59226.9880886769,7262.84934743633,9888.1913761226,6452.32828826474,8157.72227531332
59248.1881560025,7218.74219394001,9855.49941144005,6489.03013588783,8202.4634818129
59269.3882233281,7175.02246586201,9822.16371949299,6526.22078091668,8247.05582522519
59290.5882906537,7131.71273487528,9788.20192726408,6563.88066779185,8291.47616612357
59311.7883579793,7088.83534399411,9753.63194909409,6601.99003332178,8335.70147702918
59332.9884253049,7046.41239880388,9718.47197829701,6640.52891560385,8379.70885181999
59354.1884926305,7004.46575881544,9682.7404787419,6679.47716295096,8423.47551504673
59375.3885599561,6963.01702894236,9646.45617640259,6718.8144428229,8466.97883115691
59396.5886272817,6922.08755110002,9609.63805087697,6758.52025076107,8510.1963136273
59417.7886946073,6881.69839592479,9572.30532687706,6798.57391932614,8553.10563400575
59438.9887619329,6841.87035461201,9534.4774656908,6838.95462703792,8595.68463086337
59460.1888292585,6802.62393087126,9496.17415661663,6879.64140731682,8637.91131865783
59481.3888965841,6763.97933299757,9457.4153083717,6920.61315742664,8679.76389650879
59502.5889639097,6725.95646605691,9418.22104047412,6961.84864741839,8721.22075688642
59523.7890312353,6688.57492418471,9378.61167459987,7003.32652907512,8762.26049421417
59544.9890985609,6651.85398299593,9338.60772591483,7045.02534485765,8802.86191338653
59566.1891658865,6615.81259210528,9298.22989438187,7086.92353685124,8843.00403820314
59587.3892332121,6580.46936775628,9257.49905604336,7128.99945571371,8882.66611972008
59608.5893005377,6545.84262448112,9216.43626328074,7171.23135476984,8921.82761000648
59629.7893678633,6511.95036960537,9175.06273719151,7213.59739715192,8960.4681691702
59650.989435189,6478.81017695994,9133.39983181343,7256.07571057198,8998.56777821745
59672.1895025146,6446.43925832042,9091.46904227164,7298.6443672548,9036.10667800331
59693.3895698402,6414.85445699868,9049.29199584992,7341.28139270579,9073.0653770324
59714.5896371658,6384.07224102654,9006.890443102,7383.96477470087,9109.42465940401
59735.7897044914,6354.10869651295,8964.28624895597,7426.67247225505,9145.16559261234
59756.989771817,6324.97952110299,8921.50138379101,7469.38242459633,9180.26953526974
59778.1898391426,6296.70001753721,8878.55791448585,7512.07256014606,9214.71814475509
59799.3899064682,6269.28508731019,8835.47799543771,7554.7208055068,9248.49338478803
59820.5899737938,6242.74922442854,8792.2838595511,7597.3050944584,9281.5775329292
59841.7900411194,6217.10650926768,8748.9978091955,7639.80337696315,9313.9531880072
59862.990108445,6192.37060252748,8705.64220713106,7682.19362818095,9345.60327747242
59884.1901757706,6168.55473928685,8662.23946740131,7724.45385749528,9376.51106467789
59905.3902430962,6145.67172315744,8618.81204619192,7766.56211755078,9406.6601560872
59926.5903104218,6123.73392053667,8575.38243265462,7808.49651330337,9436.03450840952
59947.7903777474,6102.75325496099,8531.97313969534,7850.23521108342,9464.6184356613
59968.990445073,6082.7412015597,8488.60669472553,7891.75644767296,9492.39661615441
59990.1905123986,6063.70878161032,8445.30563037583,7933.03853939745,9519.35409941026
60011.3905797242,6045.66655719678,8402.09247517129,7974.05989123263,9545.47631299909
60032.5906470498,6028.62462597131,8358.98974416714,8014.7990059271,9570.74906930361
60053.7907143754,6012.59261602179,8316.01992954461,8055.23449314106,9595.15857220612
60074.990781701,5997.5796808459,8273.20549116582,8095.34507860134,9618.6914236978
60096.1908490266,5983.59449443421,8230.56884708738,8135.10961327323,9641.33463040887
60117.3909163522,5970.64524646392,8188.13236403197,8174.5070825489,9663.07561005794
60138.5909836778,5958.73963760559,8145.91834781768,8213.51661545277,9683.90219781916
60159.7910510034,5947.88487494533,8103.94903374459,8252.11749386329,9703.80265260483
60180.991118329,5938.08766752499,8062.24657693853,8290.28916175118,9722.76566326163
60202.1911856546,5929.35422200321,8020.83304265197,8328.01123443338,9740.78035467805
60223.3912529802,5921.69023844021,7979.73039652195,8365.26350784238,9757.8362938006
60244.5913203058,5915.10090620982,7938.96049478558,8402.0259678099,9773.92349555582
60265.7913876314,5909.59090004187,7898.54507445307,8438.27879936423,9789.03242867562
60286.991454957,5905.16437619874,7858.50574343934,8474.00239603976,9803.15402142231
60308.1915222826,5901.82496878976,7818.86397065456,8509.17736919772,9816.27966721043
60329.3915896082,5899.57578622749,7779.64107605472,8543.78455735626,9828.40123012153
60350.5916569338,5898.41940783018,7740.85822065339,8577.80503552843,9839.51105030846
60371.7917242594,5898.35788057453,7702.53639649592,8611.22012456573,9849.60194928487
60392.991791585,5899.39271600338,7664.69641659769,8644.01140050545,9858.66723509618
60414.1918589106,5901.52488729322,7627.35890484816,8676.16070391901,9866.70070736736
60435.3919262362,5904.75482648599,7590.54428588284,8707.65014925885,9873.69666222334
60456.5919935618,5909.08242189052,7554.27277492521,8738.462134201,9879.64989707702
60477.7920608874,5914.50701565858,7518.5643676014,8768.57934897992,9884.55571528016
60498.992128213,5921.02740154087,7483.4388297301,8797.98478571265,9888.40993063217
60520.1921955386,5928.64182282834,7448.915687091,8826.66174770814,9891.20887174142
60541.3922628642,5937.34797048441,7415.01421517476,8854.59385875829,9892.94938623385
60562.5923301898,5947.14298147363,7381.75342891833,8881.76507240624,9893.62884480314
60583.7923975154,5958.02343729249,7349.15207242931,8908.15968118765,9893.24514509702
60604.992464841,5969.98536270828,7317.22860870356,8933.76232584016,9891.79671543367
60626.1925321666,5983.02422471168,7286.00120934035,8958.55800447626,9889.28251834245
60647.3925994922,5997.13493168907,7255.48774425989,8982.53208171419,9885.70205392285
60668.5926668178,6012.31183282047,7225.70577142811,9005.67029776155,9881.05536301558
60689.7927341434,6028.54871770909,7196.672526594,9027.95877744569,9875.34303017932
60710.992801469,6045.83881624827,7168.40491304511,9049.38403918522,9868.56618646722
60732.1928687946,6064.1747987321,7140.91949138699,9069.93300389599,9860.72651199638
60753.3929361202,6083.54877621518,7114.23246935283,9089.59300382552,9851.82623830422
60774.5930034459,6103.95230112777,7088.35969164954,9108.35179130868,9841.8681504849
60795.7930707714,6125.37636815196,7063.31662984724,9126.197547438,9830.85558909969
60816.993138097,6147.81141536461,7039.11837231895,9143.11889064126,9818.79245185455
60838.1932054226,6171.24732565279,7015.77961423785,9159.10488515887,9805.68319503841
60859.3932727483,6195.67342840715,6993.3146476397,9174.14504941352,9791.53283471578
60880.5933400739,6221.07850149864,6971.73735155807,9188.22936426417,9776.3469476672
60901.7934073995,6247.4507735441,6951.0611822408,9201.34828113619,9760.13167207109
60922.9934747251,6274.77792646542,6931.29916345557,9213.49273001965,9742.89370792073
60944.1935420507,6303.04709834775,6912.4638768936,9224.65412732691,9724.64031716987
60965.3936093763,6332.24488660101,6894.56745267993,9234.82438360146,9705.37932360131
60986.5936767019,6362.35735142978,6877.6215599996,9243.99591106854,9685.11911241165
61007.7937440275,6393.37001961564,6861.63739784896,9252.161631019,9663.86862950683
61028.9938113531,6425.2678886163,6846.62568592134,9259.31498101734,9641.63738050233
61050.1938786787,6458.03543098536,6832.59665563703,9265.4499219245,9618.43542942235
61071.3939460043,6491.65659911651,6819.5600413273,9270.56094472617,9594.27339709244
61092.5940133299,6526.11483031562,6807.5250715825,9274.64307715713,9569.16245922017
61113.7940806555,6561.39312159093,6796.50047550237,9277.69186344,9543.11428430665
61134.9941479811,6597.47468495566,6786.49461975972,9279.70312092239,9516.1404622294
61156.1942153067,6634.34168146109,6777.51523682503,9280.67342347041,9488.25360289565
61177.3942826323,6671.97560345614,6769.56948469023,9280.59996650998,9459.46701874275
61198.5943499579,6710.35746347108,6762.66397732935,9279.48050878138,9429.79455842705
61219.7944172835,6749.46779749709,6756.80477651504,9277.31337925102,9399.25060589369
61240.9944846091,6789.28667224965,6751.99738458583,9274.09748209679,9367.85007628226
61262.1945519347,6829.79369283583,6748.2467374705,9269.83230138692,9335.60841144141
61283.3946192603,6870.96801075844,6745.55719796702,9264.51790547363,9302.54157510094
61304.5946865859,6912.78833225644,6743.93254928665,9258.15495109243,9268.66604769922
61325.7947539115,6955.23292698196,6743.37598887366,9250.74468715791,9233.99882086306
61346.9948212371,6998.27963701404,6743.89012251161,9242.28895824638,9198.55739153708
61368.1948885627,7041.90588620911,6745.47695872647,9232.79020775623,9162.35975575979
61389.3949558883,7086.08868988821,6748.13790349752,9222.25148073658,9125.42440208393
61410.5950232139,7130.80466486026,6751.87375528636,9210.67642637511,9087.77030463857
61431.7950905395,7176.0300397815,6756.68470039473,9198.06930013572,9049.41691583051
61452.9951578651,7221.74066585011,6762.57030866149,9184.43496553721,9010.38415868285
61474.1952251907,7267.91202783557,6769.52952950918,9169.77889556371,8970.69241880865
61495.3952925163,7314.51925544212,6777.56068835047,9154.10717369817,8930.36253601738
61516.5953598419,7361.5371350053,6786.6614833647,9137.42649456993,8889.41579555256
61537.7954271675,7408.94012152101,6796.82898265457,9119.74416420786,8847.87391895822
61558.9954944931,7456.70235100601,6808.05962179298,9101.06809989037,8805.75905457282
61580.1955618187,7504.79765318901,6820.34920176979,9081.40682958386,8763.09376764848
61601.3956291443,7553.19956453136,6833.69288734816,9060.76949096145,8719.90103009414
61622.5956964699,7601.88134157633,6848.08520584012,9039.16582999368,8676.20420984069
61643.7957637955,7650.81597462607,6863.52004631051,9016.60619910329,8632.0270598268
61664.9958311211,7699.97620174496,6879.99065921852,8993.10155487627,8587.39370660383
61686.1958984467,7749.3345230884,6897.48965650576,8968.66345532165,8542.32863855832
61707.3959657723,7798.86321555575,6916.00901213948,8943.30405667251,8496.85669375118
61728.5960330979,7848.53434776614,6935.5400631196,8917.0361097212,8451.00304737195
61749.7961004235,7898.31979535576,6956.07351095743,8889.87295568183,8404.79319880749
61770.9961677491,7948.191256595,6977.59942363419,8861.82852157334,8358.2529583242
61792.1962350747,7998.12026832383,7000.10723804704,8832.9173151171,8311.40843336326
61813.3963024003,8048.07822220316,7023.58576294954,8803.15441914273,8264.28601444855
61834.5963697259,8098.03638173039,7048.02318248904,8772.55548532147,8216.9123603217
61855.7964370515,8147.96662094686,7073.40721918089,8741.13644864745,8169.31375534383
61876.9965043771,8197.84064318172,7099.72498345752,8708.91382033312,8121.51677343513
61898.1965717027,8247.6294301485,7126.96284041864,8675.90489374665,8073.54877740127
61919.3966390283,8297.30391807637,7155.10655225023,8642.1274947801,8025.4373267782
61940.5967063539,8346.834998001,7184.14128065339,8607.59998160667,7977.21017504795
61961.7967736795,8396.19353358406,7214.05159320685,8572.34123583813,7928.89525333799
61982.9968410051,8445.35037959363,7244.82147033686,8536.37065299223,7880.52065345684
62004.1969083307,8494.27640068556,7276.43431282905,8499.70813242964,7832.11461054295
62025.3969756564,8542.9424904729,7308.87294988435,8462.37406676179,7783.70548533586
62046.597042982,8591.31959087592,7342.11964772122,8424.38933072921,7735.32174607538
62067.7971103076,8639.37871174408,7376.15611872562,8385.77526955066,7686.99195003523
62088.9971776332,8687.09095074014,7410.96353115007,8346.55368674387,7638.7447246988
62110.1972449588,8734.42751347512,7446.5225193613,8306.74683142049,7590.60874858646
62131.3973122844,8781.35973388119,7482.81319463597,8266.37738505829,7542.61273174492
62152.59737961,8827.85909480831,7519.81515650248,8225.46844775471,7494.78539591068
62173.7974469356,8873.89724882827,7557.50750462614,8184.04352396787,7447.15545436183
62194.9975142612,8919.44603922862,7595.86885123387,8142.12650775108,7399.75159147323
62216.1975815868,8964.4775211765,7634.87733407354,8099.74166748947,7352.6024419927
62237.3976489124,9008.96398303128,7674.51062990176,8056.91363014771,7305.7365700572
62258.597716238,9052.87796778231,7714.7459684931,8013.66736503982,7259.18244797001
62279.7977835636,9096.19229458667,7755.56014716213,7970.02816713305,7212.96843476176
62300.9978508892,9138.88008037972,7796.92954578871,7926.02163989948,7167.12275455998
62322.1979182148,9180.9147615295,7838.83014233558,7881.67367773032,7121.67347479376
62343.3979855404,9222.27011550379,7881.23752884595,7837.01044792958,7076.64848426215
62364.598052866,9262.92028251764,7924.12692790751,7792.05837230482,7032.07547109633
62385.7981201916,9302.83978712652,7967.47320956825,7746.84410837455,6987.98190064764
62406.9981875172,9342.00355972945,8011.25090868753,7701.39453021328,6944.39499333516
62428.1982548428,9380.38695794458,8055.43424270517,7655.73670895624,6901.34170248804
62449.3983221684,9417.96578781836,8099.9971298098,7609.89789298765,6858.84869221921
62470.598389494,9454.71632482848,8144.91320748619,7563.90548783734,6816.94231536837
62491.7984568196,9490.6153401847,8190.15585265446,7517.78703365773,6775.64858672895
62512.9985241452,9525.64091298883,8235.69838226662,7471.569876567,6734.99246706028
62534.1985914708,9559.77138173092,8281.51384800385,7425.28155090907,6694.99876867504
62555.3986587964,9592.98509703638,8327.57498324772,7378.94986388653,6655.69237963828
62576.598726122,9625.26098889659,8373.85434042624,7332.60267159598,6617.09776128366
62597.7987934476,9656.57857194864,8420.32430813914,7286.26786379393,6579.23893872729
62618.9988607732,9686.91796359018,8466.95713154379,7239.97334274572,6542.1394806805
62640.1989280988,9716.25990183199,8513.72493298408,7193.74700190026,6505.822479425
62661.3989954244,9744.58576259301,8560.59973277635,7147.61670453227,6470.3105312038
62682.59906275,9771.8775763929,8607.55347012271,7101.61026238656,6435.62571707148
62703.7991300756,9798.11804440358,8654.55802412176,7055.75541435768,6401.78958424406
62724.9991974012,9823.2905538224,8701.58523484715,7010.07980523772,6368.82312798628
62746.1992647268,9847.37919253149,8748.60692446357,6964.61096456534,6336.74677407342
62767.3993320524,9870.36876300993,8795.59491834976,6919.3762856086,6305.58036186325
62788.599399378,9892.24479546704,8842.52106619841,6874.40300451417,6275.34312801156
62809.7994667036,9912.99356016819,8889.35726306243,6829.71817965451,6246.05369086306
62830.9995340292,9932.60207892637,8936.07547031728,6785.34867120436,6217.7300355473
62852.1996013548,9951.05813573613,8982.64773651016,6741.32112097684,6190.3894998067
62873.3996686804,9968.35028652862,9029.04621806604,6697.66193254876,6164.04876058153
62894.599736006,9984.46786803033,9075.24319982209,6654.3972517035,6138.72382137415
62915.7998033316,9999.40100571028,9121.21111536231,6611.55294721871,6114.43000041183
62936.9998706572,10013.1406208044,9166.92256712473,6569.15459202522,6091.1819196251
62958.1999379828,10025.678436408,9212.35034625497,6527.22744476144,6068.99349445532
62979.4000053084,10037.0069826324,9257.46745218022,6485.796431747,6047.87792450267
63000.600072634,10047.119600821,9302.24711187921,6444.88612939718,6027.84768502269
63021.8001399596,10056.0104468296,9346.66279882466,6404.52074709851,6008.91451927659
63043.0002072852,10063.6744933712,9390.68825157596,6364.72411056434,5991.08943173777
63064.2002746108,10070.1075314355,9434.29749200071,6325.51964568727,5974.38268215436
63085.4003419364,10075.306170791,9477.46484310564,6286.93036290407,5958.80378046448
63106.600409262,10079.267839584,9520.1649464581,6248.97884208666,5944.36148255879
63127.8004765876,10081.9907830492,9562.37277918108,6211.68721797146,5931.06378688196
63149.0005439132,10083.4740989243,9604.0636793646,6175.07715162334,5918.91789852821
63170.2006112388,10083.71864818,9645.21358106485,6139.1694582764,5907.92941861894
63191.4006785644,10082.7254870094,9685.79867529132,6103.98468806011,5898.10372559849
63212.60074589,10080.4960741778,9725.7954650065,6069.54304503911,5889.44578525855
63233.8008132156,10077.032670676,9765.18086753812,6035.8642225414,5881.95979716078
63255.0008805413,10072.3383254449,9803.93222640658,6002.96739522608,5875.64920352228
63276.2009478669,10066.4168685671,9842.02732490134,5970.87120852244,5870.51669123613
63297.4010151925,10059.2729039309,9879.44439919241,5939.59376857964,5866.56419443957
63318.6010825181,10050.911801243,9916.16215093006,5909.15263278489,5863.79289774877
63339.8011498437,10041.3396874177,9952.15975932821,5879.56480084911,5862.20324013972
63361.0012171693,10030.5634373702,9987.4168927277,5850.84670645769,5861.79491945195
63382.2012844949,10018.5906642465,10021.9137196377,5823.0142094824,5862.56689749101
63403.4013518205,10005.4297091188,10055.6309192535,5796.08258874991,5864.51740570485
63424.6014191461,9991.08963017663,10088.5496914517,5770.06653536125,5867.64395140955
63445.8014864717,9975.58019144543,10120.6517662617,5744.980146556,5871.94332453942
63467.0015537973,9958.91185106063,10151.9194128171,5720.83692011409,5877.4116048962
63488.2016211229,9941.09574912851,10182.3354477882,5697.64974928751,5884.04416987292
63509.4016884485,9922.14369520192,10211.8832432988,5675.43091825374,5891.83570262727
63530.6017557741,9902.06815539988,10240.5467343323,5654.19209808196,5900.78020068063
63551.8018230997,9880.88223919863,10268.3104256306,5633.94434320306,5910.87098491831
63573.0018904253,9858.5996859214,10295.1593980909,5614.69808837342,5922.10070896782
63594.2019577509,9835.23485095283,10321.0793146677,5596.46314612301,5934.46136893222
63615.4020250765,9810.80269170373,10346.0564257842,5579.24870467707,5947.94431345601
63636.6020924021,9785.31875335022,10370.0775742614,5563.06332634123,5962.540254102
63657.8021597277,9758.79915437082,10393.1301997713,5547.91494633935,5978.23927601824
63679.0022270533,9731.26057190405,10415.2023428217,5533.81087209306,5995.03084887447
63700.2022943789,9702.72022694763,10436.2826482809,5520.75778293249,6012.90383804886
63721.4023617045,9673.19586942002,10456.3603684504,5508.76173022682,6031.84651604589
63742.6024290301,9642.70576310348,10475.425365693,5497.82813792384,6051.84657412765
63763.8024963557,9611.26867048704,10493.468114627,5487.96180348755,6072.89113414114
63785.0025636813,9578.90383752704,10510.4797038923,5479.16689922262,6094.96676052504
63806.2026310069,9545.63097834122,10526.4518375014,5471.44697397486,6118.05947248023
63827.4026983325,9511.47034760965,10541.376857148,5464.8049214635,6142.15467750739
63848.6027656581,9476.44336504819,10555.2479000803,5459.24272810072,6167.23661627261
63869.8028329837,9440.57117915914,10568.0585653355,5454.76201950687,6193.28963953435
63891.0029003093,9403.87516546715,10579.8030303743,5451.36387944164,6220.29775578471
63912.2029676349,9366.37709507821,10590.4760888896,5449.04878148224,6248.244487063
63933.4030349605,9328.09911605052,10600.0731488624,5447.81659384073,6277.11288508371
63954.6031022861,9289.06373802054,10608.5902312837,5447.66658335796,6306.88554416152
63975.8031696117,9249.29381691313,10616.0239685509,5448.59741977154,6337.54461414618
63997.0032369373,9208.81253968571,10622.37160253,5450.60718026848,6369.07181341778
64018.2033042629,9167.64340911469,10627.6309822924,5453.69335431269,6401.44844193326
64039.4033715885,9125.81022863274,10631.8005615356,5457.85284873762,6434.65539431487
64060.6034389141,9083.33708722523,10634.8793956976,5463.08199309441,6468.6731729714
64081.8035062397,9040.24834439313,10636.8671387735,5469.37654524604,6503.48190124352
64103.0035735653,8996.56861519002,10637.7640398437,5476.731697198,6539.06133656504
64124.2036408909,8952.32275533961,10637.5709393234,5485.14208115629,6575.39088363214
64145.4037082165,8907.53584643996,10636.2892649415,5494.60177580374,6612.44960757327
64166.6037755421,8862.23318126058,10633.9210274592,5505.1043127856,6650.2162471124
64187.8038428677,8816.44024913754,10630.4688161349,5516.6426833957,6688.66922771895
64209.0039101933,8770.18272147196,10625.9357939472,5529.20934545456,6727.7866747379
64230.2039775189,8723.48643733641,10620.3256925819,5542.79623037099,6767.54642649406
64251.4040448445,8676.37738919387,10613.642807193,5557.39475037889,6807.92604736437
64272.6041121701,8628.88170873323,10605.8919909463,5572.99580594115,6848.9028408129
64293.8041794957,8581.02565282509,10597.0786493525,5589.58979331269,6890.45386238328
64315.0042468213,8532.83558960175,10587.2087343992,5607.16661225494,6932.5559326432
64336.2043141469,8484.33798466419,10576.2887384902,5625.715673894,6975.18565007667
64357.4043814725,8435.55938741937,10564.3256881975,5645.22590871519,7018.31940391909
64378.6044487981,8386.52641755068,10551.3271378371,5665.6857746868,7061.93338693099
64399.8045161238,8337.26575162377,10537.3011628739,5687.08326550579,7106.00360810655
64421.0045834493,8287.80410983055,10522.2563531626,5709.40591895875,7150.5059053126
64442.2046507749,8238.16824287294,10506.2018060351,5732.64082539132,7195.41595785495
64463.4047181006,8188.38491898872,10489.1471192368,5756.77463627964,7240.70929896843
64484.6047854262,8138.48091112093,10471.1023837231,5781.79357289752,7286.36132822726
64505.8048527518,8088.48298423249,10452.0781763196,5807.6834350731,7332.34732387302
64527.0049200774,8038.41788276704,10432.0855522544,5834.42961002929,7378.64245505736
64548.204987403,7988.31231825769,10411.1360375679,5862.01708130208,7425.22179399668
64569.4050547286,7938.19295708405,10389.2416214067,5890.43043773123,7472.06032803649
64590.6051220542,7888.08640837869,10366.4147482075,5919.65388251815,7519.13297162323
64611.8051893798,7838.01921208362,10342.6683097764,5949.67124234568,7566.41457818143
64633.0052567054,7788.01782715713,10318.0156372696,5980.46597655487,7613.87995189441
64654.205324031,7738.10861993137,10292.4704930813,6012.02118637418,7661.50385938678
64675.4053913566,7688.31785262086,10266.0470626423,6044.31962419636,7709.26104130727
64696.6054586822,7638.67167198185,10238.7599461364,6077.34370289887,7757.12622381058
64717.8055260078,7589.19609812257,10210.624150138,6111.07550520371,7805.07412993691
64739.0055933334,7539.91701346382,10181.6550791759,6145.49679307258,7853.07949088845
64760.205660659,7490.86015184988,10151.8685272276,6180.58901713397,7901.11705720165
64781.4057279846,7442.05108780887,10121.2806691482,6216.33332613828,7949.16160981483
64802.6057953102,7393.51522596221,10089.9080520382,6252.7105764381,7997.18797103042
64823.8058626358,7345.27779058215,10057.7675865538,6289.70134149017,8045.17101537159
64845.0059299614,7297.36381529684,10024.8765381626,6327.28592137631,8093.08568033274
64866.205997287,7249.79813294173,9991.2525183492,6365.4443523406,8140.90697702408
64887.4060646126,7202.60536555627,9956.91347577296,6404.15641634025,8188.61000070998
64908.6061319382,7155.80991452492,9921.87768738147,6443.40165060783,8236.16994124142
64929.8061992638,7109.43595086119,9886.16374948188,6483.15935722273,8283.56209338267
64951.0062665894,7063.50740563329,9849.79056877314,6523.40861268996,8330.76186703262
64972.206333915,7018.04796053021,9812.77735334131,6564.1282775244,8377.7447973412
64993.4064012406,6973.08103856671,9775.14360362002,6605.29700583907,8424.48655472147
65014.6064685662,6928.62979492584,9736.90910331837,6646.8932549358,8470.96295475793
65035.8065358918,6884.71710793727,9698.09391031771,6688.89529489729,8517.14996801197
65057.0066032174,6841.36557019021,9658.71834753911,6731.28121817925,8563.02372972504
65078.206670543,6798.59747977903,9618.80299378287,6774.02894920193,8608.56054942069
65099.4067378686,6756.43483168014,9578.36867454145,6817.11625394007,8653.73692040613
65120.6068051942,6714.89930925856,9537.43645278671,6860.52074951076,8698.52952917454
65141.8068725198,6674.01227590238,9496.02761973265,6904.21991375877,8742.91526470906
65163.0069398454,6633.7947667838,9454.16368557404,6948.19109483899,8786.87122768951
65184.207007171,6594.26748074479,9411.86637020201,6992.41152079577,8830.37473960311
65205.4070744966,6555.45077230619,9369.15759389662,7036.85830913904,8873.4033517601
65226.6071418222,6517.36464379841,9326.05946799706,7081.50847641744,8915.93485421556
65247.8072091478,6480.02873761235,9282.59428554939,7126.33894778844,8957.94728459853
65269.0072764734,6443.46232856918,9238.7845119321,7171.32656658581,8999.41893684954
65290.207343799,6407.68435880421,9194.65278526864,7216.44808769657,9040.32833227738
65311.4074111246,6372.71342234309,9150.22190595698,7261.68018896418,9080.65423553981
65332.6074784502,6338.56764688025,9105.51480208021,7306.99952351447,9120.37576048861
65353.8075457758,6305.2647635906,9060.55453659315,7352.38270077546,9159.47231075957
65375.0076131014,6272.82209982622,9015.36429760927,7397.80629610368,9197.92358850431
65396.207680427,6241.25657210788,8969.96738887114,7443.24686036788,9235.70960266165
65417.4077477526,6210.58467929024,8924.38722021323,7488.68092951129,9272.81067708436
65438.6078150782,6180.82249583821,8878.64729799926,7534.08503411587,9309.20745858105
65459.8078824038,6151.98566521287,8832.77121553297,7579.43570896962,9344.88092487475
65481.0079497294,6124.08939336614,8786.78264344139,7624.70950263804,9379.81239247915
65502.208017055,6097.14844234416,8740.70532002972,7669.88298704059,9413.98352449267
65523.4080843806,6071.177123999,8694.56304160697,7714.93276703283,9447.37633831099
65544.6081517062,6046.18929380853,8648.37965278124,7759.83548999555,9479.9732132581
65565.8082190318,6022.19834480486,8602.17903672384,7804.56785543128,9511.75689813619
65587.0082863574,5999.21720161129,8555.98510540109,7849.10662456948,9542.71051869423
65608.208353683,5977.25831458848,8509.82178977292,7893.42862998084,9572.81758501517
65629.4084210086,5956.33365409032,8463.71302995735,7937.51078520169,9602.06199882147
65650.6084883343,5936.45470483028,8417.68276535977,7981.33009436908,9630.42806069851
65671.8085556599,5917.63246035934,8371.75492476624,8024.86366186733,9657.90047723516
65693.0086229854,5899.87741765664,8325.95341639984,8068.08870198646,9684.46436808101
65714.2086903111,5883.19957183421,8280.3021179394,8110.98254859301,9710.10527291888
65735.4087576367,5867.6084109575,8234.82486649988,8153.52266481363,9734.80915835186
65756.6088249623,5853.11291098322,8189.54544857333,8195.68665273184,9758.56242470331
65777.8088922879,5839.72153081688,8144.48758993077,8237.45226309779,9781.35191272833
65799.0089596135,5827.44220749192,8099.67494548341,8278.79740505143,9803.16491023515
65820.2090269391,5816.28235147312,8055.13108910383,8319.70015585858,9823.98915861415
65841.4090942647,5806.24884208659,8010.87950340621,8360.13877066004,9843.81285927284
65862.6091615903,5797.34802307968,7966.94356948596,8400.09169223289,9862.62467997396
65883.8092289159,5789.58569831338,7923.34655661853,8439.53756076377,9880.41376107474
65905.0092962415,5782.96712759086,7880.11161191776,8478.45522363311,9897.16972166371
65926.2093635671,5777.4970226255,7837.26174995406,8516.82374520945,9912.88266559318
65947.4094308927,5773.179543152,7794.81984233299,8554.6224166527,9927.54318740303
65968.6094982183,5770.01829318482,7752.80860723506,8591.83076572498,9941.14237813333
65989.8095655439,5768.01631742765,7711.25059891749,8628.42856660752,9953.67183102157
66011.0096328695,5767.17609783856,7670.16819717938,8664.39584972163,9965.12364708091
66032.2097001951,5767.49955035516,7629.58359679129,8699.71291155205,9975.49044055534
66053.4097675207,5768.98802178447,7589.51879689108,8734.36032447019,9984.76534424739
66074.6098348463,5771.64228686254,7549.99559034784,8768.31894655476,9992.94201471405
66095.8099021719,5775.46254548862,7511.03555309571,8801.56993140726,10000.0146373261
66117.0099694975,5780.44842013928,7472.66003344025,8834.09473795915,10005.977931186
66138.2100368231,5786.59895346782,7434.89014133972,8865.87514026751,10010.8271538992
66159.4101041487,5793.91260609449,7397.7467376642,8896.89323729566,10014.5581061936
66180.6101714743,5802.38725459308,7361.25042343567,8927.13146267499,10017.1671363819
66201.8102387999,5812.02018967979,7325.42152905238,8956.57259444401,10018.6511446611
66223.0103061255,5822.80811461027,7290.2801035014,8985.19976476006,10019.007587243
66244.2103734511,5834.74714379078,7255.84590356307,9012.9964695794,10018.2344803103
66265.4104407767,5847.83280160951,7222.13838301186,9039.94657830055,10016.3304037918
66286.6105081023,5862.06002149439,7189.17668181802,9066.03434336585,10013.294504951
66307.8105754279,5877.42314520334,7156.97961535518,9091.24440981581,10009.1265017808
66329.0106427535,5893.91592235357,7125.56566361867,9115.56182479042,10003.8266861987
66350.2107100791,5911.53151019589,7094.95296046058,9138.97204697158,9997.39592703584
66371.4107774047,5930.26247364063,7065.15928284687,9161.46095596036,9989.83567281221
66392.6108447303,5950.10078554115,7036.20204014302,9183.01486158242,9981.14795429289
66413.8109120559,5971.03782724157,7008.09826343434,9203.62051311501,9971.33538681719
66435.0109793815,5993.06438939468,6980.86459488799,9223.26510842832,9960.40117239448
66456.2110467071,6016.17067305646,6954.51727716342,9241.9363030339,9948.3491015596
66477.4111140327,6040.346291063,6929.07214287875,9259.62221903277,9935.1835549811
66498.6111813583,6065.58026969631,6904.54460414075,9276.31145395489,9920.90950481529
66519.8112486839,6091.86105064443,6880.94964214616,9291.99308948276,9905.53251579927
66541.0113160095,6119.1764932621,6858.3017968627,9306.65670005001,9889.05874607605
66562.2113833351,6147.51387713732,6836.61515679826,9320.29236130707,9871.49494774492
66583.4114506607,6176.85990496941,6815.90334886693,9332.89065844502,9852.8484671305
66604.6115179863,6207.20070576392,6796.17952836091,9344.4426943687,9833.12724476349
66625.8115853119,6238.52183834958,6777.45636903768,9354.94009770996,9812.33981506683
66647.0116526375,6270.80829522194,6759.74605333178,9364.37503067198,9790.4953057405
66668.2117199631,6304.04450671887,6743.06026270111,9372.74019669483,9767.60343683898
66689.4117872887,6338.21434553188,6727.41016811753,9380.02884793329,9743.67451953474
66710.6118546143,6373.30113155796,6712.80642071215,9386.23479253646,9718.71945456196
66731.8119219399,6409.28763709556,6699.25914258554,9391.35240172007,9692.74973033448
66753.0119892655,6446.15609238862,6686.77791779343,9395.3766166209,9665.77742073223
66774.2120565911,6483.88819152206,6675.37178351868,9398.30295492371,9637.81518255058
66795.4121239167,6522.46518750347,6665.04924028632,9400.12748306628,9608.87617603012
66816.6121912424,6561.86852099915,6655.81838373415,9400.84658310271,9578.97351595245
66837.812258568,6602.07852311016,6647.68662500842,9400.45744857728,9548.12139813826
66859.0123258935,6643.07486805702,6640.66076507212,9398.95792325255,9516.33472085895
66880.2123932191,6684.83673300275,6634.7470190781,9396.34645391468,9483.62894362095
66901.4124605448,6727.3428029086,6629.9510082893,9392.62209686653,9450.02008495003
66922.6125278704,6770.57127879235,6626.27775284615,9387.78452272885,9415.52471748001
66943.812595196,6814.49988640088,6623.73166481615,9381.83402091191,9380.15996263448
66965.0126625216,6859.10588524088,6622.31654152597,9374.77150377345,9343.9434849414
66986.2127298472,6904.36607796669,6622.03555918727,9366.59851045342,9306.89348597846
67007.4127971728,6950.25682012535,6622.89126682741,9357.31721037584,9269.02869794648
67028.6128644984,6996.75403025832,6624.88558053619,9346.93040640796,9230.36837686819
67049.812931824,7043.83320035935,6628.01977803981,9335.44153766706,9190.93229541012
67071.0129991496,7091.4694066877,6632.29449361301,9322.85468196533,9150.74073532539
67092.2130664752,7139.63732093585,6637.7097133405,9309.17455788328,9109.81447951525
67113.4131338008,7188.31122175041,6644.2647707386,9294.40652646247,9068.17480370773
67134.6132011264,7237.46500660504,6651.95834274791,9278.55659250801,9025.84346775147
67155.813268452,7287.07220402399,6660.78844610754,9261.63140549204,8982.84270652332
67177.0133357776,7337.10598615445,6670.75243412186,9243.6382600489,8939.19522044819
67198.2134031032,7387.5391816864,6681.84699382982,9224.58509605333,8894.92416562994
67219.4134704288,7438.34428911784,6694.06814358739,9204.48049827292,8850.053143592
67240.6135377544,7489.49349036375,6707.41123107311,9183.33369558633,8804.60619062682
67261.81360508,7540.95866470671,6721.8709317267,9161.15455975888,8758.60776675302
67283.0136724056,7592.71140308725,6737.44124763056,9137.95360376742,8712.08274427949
67304.2137397312,7644.72302273159,6754.11550684348,9113.74197966657,8665.05639597587
67325.4138070568,7696.96458211502,6771.88636319616,9088.53147598833,8617.55438284845
67346.6138743824,7749.40689625809,6790.74579655717,9062.33451466807,8569.60274152128
67367.813941708,7802.02055235376,6810.68511357862,9035.16414748912,8521.2278712222
67389.0140090336,7854.77592572267,6831.69494892961,9007.03405203932,8472.45652037327
67410.2140763592,7907.64319609422,6853.76526702597,8977.95852717272,8423.315772786
67431.4141436848,7960.59236421047,6876.88536426402,8947.95248797009,8373.83303346127
67452.6142110104,8013.59326875008,6901.04387176599,8917.03146019212,8324.03601399448
67473.814278336,8066.6156035692,6926.22875864427,8885.2115742198,8273.95271758669
67495.0143456616,8119.62893525556,6952.42733579119,8852.50955847651,8223.61142366264
67516.2144129872,8172.60272331345,6979.62626069174,8818.94273142232,8173.04067010961
67537.4144803128,8225.50710657893,7007.81171168925,8784.52869685521,8122.26856904945
67558.6145476384,8278.31197098203,7036.96920567142,8749.28569447204,8071.32360117279
67579.814614964,8330.98655936568,7067.08349901192,8713.23274384154,8020.23497652438
67601.0146822896,8383.50009162237,7098.13871939259,8676.38941555258,7969.03208993496
67622.2147496152,8435.82176798283,7130.11836963036,8638.77582902072,7917.74451558453
67643.4148169408,8487.92078813119,7163.00533509928,8600.41264247557,7866.4019893668
67664.6148842664,8539.76637091568,7196.7818917745,8561.32104226113,7815.03439063641
67685.814951592,8591.32777434315,7231.42971484244,8521.52273158773,7763.67172357691
67707.0150189176,8642.57431584402,7266.92988787828,8481.03991873767,7712.34409819962
67728.2150862432,8693.47539279876,7303.26291259203,8439.89530472565,7661.08171098025
67749.4151535688,8744.00050331576,7340.40871914385,8398.1120704149,7609.91482514128
67770.6152208944,8794.1192672491,7378.34667702803,8355.71386309193,7558.87375058977
67791.81528822,8843.80144744372,7417.05560652485,8312.7247825031,7507.98882352064
67813.0153555456,8893.01697119358,7456.51379071791,8269.16936635771,7457.29038569817
67834.2154228712,8941.73595189699,7496.69898807412,8225.07257530317,7406.80876342905
67855.4154901968,8989.92871089174,7537.58844558204,8180.45977737943,7356.57424624237
67876.6155575224,9037.56579945079,7579.1589124436,8135.35673196049,7306.61706529353
67897.815624848,9084.6180209176,7621.38665431274,8089.78957319272,7256.96737151078
67919.0156921736,9131.05645295842,7664.24746807369,8043.78479294071,7207.6552135049
67940.2157594992,9176.85246990687,7707.71669715023,7997.36922325276,7158.71051526429
67961.4158268248,9221.97776517424,7751.76924733595,7950.57001835993,7110.1630536598
67982.6158941504,9266.40437369771,7796.37960313457,7903.41463622313,7062.04243578509
68003.8159614761,9310.10469439569,7841.52184459776,7855.93081964549,7014.37807616057
68025.0160288016,9353.05151259905,7887.16966464686,7808.14657696734,6967.19917383044
68046.2160961272,9395.21802242416,7933.29638686342,7760.09016236362,6920.53468938432
68067.4161634529,9436.57784905279,7979.87498373219,7711.7900557645,6874.41332193641
68088.6162307785,9477.10507088196,8026.87809531903,7663.2749424214,6828.86348609719
68109.8162981041,9516.77424150559,8074.27804836459,7614.5736921425,6783.91328897354
68131.0163654296,9555.56041148856,8122.04687577364,7565.71533822224,6739.59050723505
68152.2164327553,9593.43914989252,8170.15633647844,7516.72905609177,6695.92256428527
68173.4165000809,9630.38657670538,8218.57793814719,7467.64413736936,6652.93649783527
68194.6165674065,9666.38020565686,8267.28314638108,7418.48964809794,6610.65821642626
68215.8166347321,9701.39776879714,8316.24315170179,7369.29485888323,6569.11351625992
68237.0167020577,9735.41711266432,8365.42884923819,7320.08927388741,6528.32817963221
68258.2167693833,9768.41671238245,8414.81096592758,7270.90242596271,6488.32751831869
68279.4168367089,9800.37567898888,8464.36007931004,7221.76385948254,6449.13636206954
68300.6169040345,9831.27377780733,8514.0466391648,7172.70310804922,6410.77903788617
68321.8169713601,9861.09144647718,8563.84098936454,7123.74967206619,6373.27934953187
68343.0170386857,9889.80981238041,8613.7133898699,7074.93299630102,6336.66055749898
68364.2171060113,9917.41070942226,8663.63403883237,7026.28244747514,6300.94535947664
68385.4171733369,9943.87669412709,8713.57309477522,6977.82729191418,6266.15587135864
68406.6172406625,9969.1910610126,8763.50069882131,6929.59667329265,6232.31360882989
68427.8173079881,9993.33785720705,8813.38699693644,6881.61959050723,6199.43946956834
68449.0173753137,10016.3018962765,8863.2021621569,6833.92487571181,6167.55371609798
68470.2174426393,10038.0687712313,8912.91641676971,6786.54117254767,6136.67595932626
68491.4175099649,10058.6248666829,8962.5000544145,6739.49691460131,6106.82514279763
68512.6175772905,10077.9573701254,9011.9234620757,6692.82030412176,6078.01952769242
68533.8176446161,10096.0542823193,9061.15714193466,6646.53929102841,6050.2766785981
68555.0177119417,10112.9044267556,9110.17173305135,6600.68155223953,6023.61345007736
68576.2177792673,10128.4974581854,9158.93803284605,6555.27447135037,5998.04597405486
68597.4178465929,10142.8238701985,9207.42701835241,6510.34511868854,5973.58964804159
68618.6179139185,10155.8750018424,9255.60986721331,6465.92023177358,5950.25912421342
68639.8179812441,10167.6430432723,9303.45797839299,6422.02619620519,5928.06829935674
68661.0180485697,10178.1210404281,9350.94299257864,6378.68902700451,5907.03030569233
68682.2181158953,10187.3028987387,9398.03681224687,6335.93435042989,5887.15750258421
68703.4181832209,10195.1833858526,9444.71162137072,6293.78738628816,5868.46146913897
68724.6182505465,10201.7581334029,9490.93990474477,6252.27293075998,5850.95299769657
68745.8183178721,10207.023637813,9536.69446690664,6211.41533975668,5834.64208821216
68767.0183851977,10210.9772601547,9581.94845063499,6171.23851282392,5819.5379435248
68788.2184525233,10213.6172250719,9626.67535500491,6131.76587760622,5805.64896550675
68809.4185198489,10214.9426187878,9670.84905298364,6093.02037488418,5792.98275208438
68830.6185871745,10214.953437873,9714.4438207498,6055.02442425415,5781.54604925182
68851.8186545001,10213.6514974574,9757.4345733535,6017.79955191198,5771.34394229116
68873.0187218257,10211.0387806828,9799.79650627001,5981.36700290421,5762.38131061616
68894.2187891513,10207.1177588079,9841.50517724792,5945.74761675633,5754.66253732409
68915.4188564769,10201.8917446775,9882.53659891848,5910.96167958484,5748.19119641634
68936.6189238025,10195.3648787867,9922.8672513345,5877.02891548399,5742.97006121571
68957.8189911281,10187.5421216172,9962.474095918,5843.96847580171,5739.00110699027
68979.0190584537,10178.4292454027,10001.3345889037,5811.79892896831,5736.28551417043
69000.2191257793,10168.0328252228,10039.4266942377,5780.53825092638,5734.82367225761
69021.4191931049,10156.3602294547,10076.7288959261,5750.20381616062,5734.61518440284
69042.6192604305,10143.4196096128,10113.2202098314,5720.81238932469,5735.6588726309
69063.8193277561,10129.2198896074,10148.8801949142,5692.38011746058,5737.95278368498
69085.0193950817,10113.7707544541,10183.6889639192,5664.92252280547,5741.4941954661
69106.2194624073,10097.0826384657,10217.6271935057,5638.4544961802,5746.27962404174
69127.4195297329,10079.1667129572,10250.6761338251,5612.99029095216,5752.30483119752
69148.6195970585,10060.0348734954,10282.8176175451,5588.54351756526,5759.56483250621
69169.8196643841,10039.6997267241,10314.0340683252,5565.12713862858,5768.05390588787
69191.0197317097,10018.1745767941,10344.3085087464,5542.75346455486,5777.76560063584
69212.2197990353,9995.47341142909,10373.6245677006,5521.43414973942,5788.69274688301
69233.4198663609,9971.61088765398,10401.9664872427,5501.18018926963,5800.82746548352
69254.6199336866,9946.60231721636,10429.3191289134,5482.00191615461,5814.16117828549
69275.8200010122,9920.4636517263,10455.6679795375,5463.90899906468,5828.6846187708
69297.0200683377,9893.21146754166,10480.9991565056,5446.91044056932,5844.38784303862
69318.2201356634,9864.86295042406,10505.2994125453,5431.01457586287,5861.26024111029
69339.420202989,9835.43587999009,10528.5561399904,5416.22907196633,5879.29054853323
69360.6202703146,9804.94861398047,10550.7573745573,5402.5609273937,5898.46685826309
69381.8203376402,9773.42007237047,10571.8917986339,5390.01647227154,5918.77663280336
69403.0204049658,9740.86972134177,10591.948744094,5378.60136889972,5940.20671658303
69424.2204722914,9707.31755713688,10610.9181946425,5368.32061274179,5962.74334855323
69445.420539617,9672.78408981482,10628.7907877033,5359.17853383311,5986.37217498474
69466.6206069426,9637.29032692649,10645.5578158577,5351.17879859511,6011.07826244923
69487.8206742682,9600.85775712696,10661.2112278445,5344.32441204388,6036.84611096726
69509.0207415938,9563.50843538498,10675.7436539206,5338.61768134486,6063.65957597822
69530.2208089194,9525.26558217707,10689.1485577098,5334.05997305855,6091.50133604117
69551.420876245,9486.15213337354,10701.4198984844,5330.6522656438,6120.35418220488
69572.6209435706,9446.19128052034,10712.5522577436,5328.3949525272,6150.2005279369
69593.8210108962,9405.40661795864,10722.5408718422,5327.28778194794,6181.02228421239
69615.0210782218,9363.82212353002,10731.3816296881,5327.32986222833,6212.80087626513
69636.2211455474,9321.46214216855,10739.0710709828,5328.51966638111,6245.51725748515
69657.421212873,9278.35136957834,10745.6063841182,5330.85503700621,6279.15192333028
69678.6212801986,9234.51483595388,10750.9854037237,5334.33319148389,6313.68492529512
69699.8213475242,9189.9778897521,10755.2066078728,5338.95072745405,6349.09588492737
69721.0214148498,9144.76618152523,10758.2691149599,5344.70362857108,6385.36400788181
69742.2214821754,9098.90564782322,10760.1726802562,5351.58727052408,6422.46809800209
69763.421549501,9052.42249517368,10760.9176921557,5359.59642731209,6460.38657142125
69784.6216168266,9005.34318414694,10760.5051681209,5368.72527776452,6499.09747067206
69805.8216841522,8957.69441351337,10758.9367503368,5378.96741229669,6538.57847879905
69827.0217514778,8909.50310449958,10756.2147010851,5390.31583989097,6578.80693346415
69848.2218188034,8860.7963851496,10752.3418978456,5402.76299529379,6619.7598410385
69869.421886129,8811.60157479694,10747.3218281368,5416.30074641942,6661.41389067305
69890.6219534546,8761.94616865294,10741.1585841025,5430.92040195103,6703.74546834129
69911.8220207802,8711.85782251617,10733.8568568565,5446.61271913032,6746.73067084753
69933.0220881058,8661.36433760796,10725.4219305915,5463.36791172666,6790.34531979444
69954.2221554314,8610.49364553799,10715.8596764637,5481.17565817722,6834.56497550415
69975.422222757,8559.27379340427,10705.17654626,5500.02510988971,6879.3649508871
69996.6222900826,8507.73292903103,10693.3795658586,5519.90489969916,6924.7203252535
70017.8223574082,8455.89928634807,10680.4763284884,5540.80315047113,6970.60595806222
70039.0224247338,8403.80117091458,10666.4749877995,5562.70748384296,7016.99650260248
70060.2224920594,8351.4669455905,10651.3842507494,5585.60502909589,7063.86641960371
70081.422559385,8298.9250163579,10635.213370315,5609.48243215016,7111.18999076935
70102.6226267106,8246.20381829487,10617.9721380381,5634.32586467599,7158.94133223054
70123.8226940362,8193.33180170397,10599.6708764106,5660.12103331337,7207.09440791605
70145.0227613618,8140.33741839738,10580.3204311092,5686.85318899375,7255.62304283462
70166.2228286874,8087.24910814019,10559.9321630846,5714.50713635704,7304.50093626673
70187.422896013,8034.09528525358,10538.5179405142,5743.06724325728,7353.70167486232
70208.6229633386,7980.90432537892,10516.0901306234,5772.51745035102,7403.19874564199
70229.8230306642,7927.70455240432,10492.6615913839,5802.84128076214,7452.96554889849
70251.0230979898,7874.52422555408,10468.2456630945,5834.0218498174,7502.97541099652
70272.2231653154,7821.39152664202,10442.8561598507,5866.04187484719,7553.20159706832
70293.423232641,7768.33454748932,10416.5073609096,5898.88368504593,7603.61732360285
70314.6232999666,7715.38127750687,10389.2140019557,5932.52923138717,7654.19577092717
70335.8233672922,7662.55959144295,10360.9912662736,5966.96009658817,7704.91009557761
70357.0234346178,7609.89723729565,10331.8547758318,6002.15750511965,7755.73344256011
70378.2235019434,7557.4218243904,10301.8205822853,6038.10233325569,7806.6389574975
70399.4235692691,7505.16081162209,10270.9051578992,6074.77511915992,7857.59979866329
70420.6236365946,7453.14149586151,10239.1253863997,6112.15607300376,7908.5891489008
70441.8237039203,7401.39100052561,10206.4985537573,6150.22508711278,7959.58022742658
70463.0237712458,7349.93626431076,10173.0423389052,6188.9617461377,8010.54630151783
70484.2238385714,7298.80403008834,10138.7748043984,6228.34533724657,8061.46069808326
70505.4239058971,7248.02083396179,10103.7143870167,6268.35486033473,8112.29681511691
70526.6239732227,7197.61299448395,10067.8798883152,6308.96903824993,8163.02813303499
70547.8240405483,7147.60660203379,10031.2904651262,6350.16632702938,8213.62822589552
70569.0241078739,7098.02750835107,9993.96562001609,6391.92492614655,8264.07077250105
70590.2241751995,7048.90131622778,9955.92519169864,6434.22278876501,8314.32956738451
70611.4242425251,7000.25336935502,9917.18934540974,6477.03763199738,8364.37853167872
70632.6243098507,6952.10874232356,9877.77856324471,6520.34694716717,8414.19172386991
70653.8243771763,6904.49223077704,9837.71363446107,6564.12801007202,8463.74335043587
70675.0244445019,6857.42834171563,9797.01564574899,6608.35789124636,8513.0077763695
70696.2245118275,6810.94128394909,9755.70597147159,6653.01346622244,8561.95953558834
70717.4245791531,6765.05495869704,9713.80626387653,6698.0714257882,8610.57334123115
70738.6246464787,6719.79295033523,9671.338443281,6743.50828624107,8658.82409584228
70759.8247138043,6675.17851728547,9628.32468823116,6789.3003996368,8706.68690144507
70781.0247811299,6631.23458304809,9584.78742563752,6835.4239640324,8754.13706950516
70802.2248484555,6587.98372737469,9540.74932088733,6881.85503372297,8801.15013078477
70823.4249157811,6545.44817757969,9496.23326793481,6928.56952947156,8847.70184508946
70844.6249831067,6503.64979998883,9451.26237937003,6975.5432487321,8893.76821090808
70865.8250504323,6462.61009152281,9405.85997646698,7022.75187586515,8939.3254749477
70887.0251177579,6422.35017141463,9360.04957921139,7070.17099234635,8984.35014156413
70908.2251850835,6382.89077305861,9313.85489630833,7117.77608696792,9028.81898208983
70929.4252524091,6344.25223598986,9267.29981517004,7165.54256603308,9072.70904406011
70950.6253197347,6306.45449799225,9220.4083918837,7213.44576354414,9115.99766033904
70971.8253870603,6269.51713335434,9173.20485181187,7261.46093380442,9158.66241734544
70993.0254543859,6233.45932691913,9125.713576135,7309.56326731506,9200.68118051752
71014.2255217115,6198.29976481396,9077.95906865039,7357.72794031711,9242.03219236156
71035.4255890371,6164.05670204274,9029.96596186506,7405.93009712194,9282.69401520399
71056.6256563627,6130.74795443427,8981.75900653041,7454.14486054175,9322.64554072498
71077.8257236883,6098.39089143824,8933.36306147035,7502.34734206865,9361.86599855926
71099.0257910139,6067.00242909613,8884.80308340166,7550.51265203206,9400.33496475167
71120.2258583395,6036.59902313258,8836.10411673074,7598.61590975453,9438.03237011969
71141.4259256651,6007.19666216572,8787.29128332565,7646.63225370739,9474.93850852449
71162.6259929907,5978.81086103564,8738.38977226258,7694.53685166728,9511.03404505136
71183.8260603163,5951.45665425095,8689.42482954566,7742.30491087426,9546.30002409975
71205.0261276419,5925.14858955299,8640.42174779931,7789.91168819258,9580.71787738344
71226.2261949675,5899.90072159793,8591.40585593195,7837.33250027508,9614.26943184119
71247.4262622931,5875.72660575669,8542.40250877022,7884.54273373189,9646.93691745765
71268.6263296187,5852.63929203301,8493.43707666247,7931.51785530459,9678.70297499485
71289.8263969443,5830.65131910048,8444.53493505081,7978.23342204639,9709.55066363375
71311.0264642699,5809.77470845884,8395.72145401053,8024.66509150923,9739.46346852578
71332.2265315955,5790.02095871074,8347.02198775594,8070.78863193851,9768.42530825357
71353.4265989211,5771.40103996002,8298.46186411186,8116.57993247587,9796.42054220036
71374.6266662467,5753.92538833272,8250.06637394975,8162.01501337089,9823.43397782706
71395.8267335723,5737.60390062247,8201.86076058781,8207.07003620183,9849.45087785598
71417.0268008979,5722.44592906206,8153.87020915441,8251.72131410583,9874.45696735981
71438.2268682235,5708.46027622292,8106.11983591387,8295.94532201894,9898.43844075454
71459.4269355491,5695.65519004498,8058.63467755462,8339.71870692574,9921.38196869448
71480.6270028747,5684.03835899922,8011.43968043885,8383.01829811875,9943.27470486748
71501.8270702003,5673.61690738547,7964.55968981375,8425.82111746726,9964.10429268836
71523.0271375259,5664.39739076848,7918.01943898381,8468.10438969528,9983.85887188804
71544.2272048515,5656.38579155524,7871.84353844465,8509.84555266791,10002.5270849959
71565.4272721771,5649.58751471693,7826.05646497815,8551.02226768563,10020.0980837125
71586.6273395028,5644.00738365912,7780.68255070935,8591.61242978534,10036.5615351699
71607.8274068283,5639.64963624377,7735.7459721258,8631.59417804707,10051.9076280757
71629.0274741539,5636.51792096734,7691.27073905978,8670.94590590524,10066.1270787382
71650.2275414796,5634.61529329897,7647.28068363459,8709.64627146248,10079.211136968
71671.4276088052,5633.94421218319,7603.79944917583,8747.67420780464,10091.1515918533
71692.6276761308,5634.50653671201,7560.85047908912,8785.00893331464,10101.9407774031
71713.8277434564,5636.30352297097,7518.4570057059,8821.62996198307,10111.5715780556
71735.027810782,5639.33582106431,7476.64203909898,8857.51711371301,10120.0374340462
71756.2278781076,5643.60347232447,7435.42835587023,8892.65052461605,10127.3323466301
71777.4279454332,5649.10590671134,7394.83848791231,8927.01065729683,10133.4508831552
71798.6280127588,5655.84194040679,7354.89471114757,8960.57831112242,10138.3881819797
71819.8280800844,5663.80977361039,7315.61903424666,8993.33463247318,10142.1399572284
71841.02814741,5673.00698854185,7277.03318733022,9025.26112497109,10144.7025033831
71862.2282147356,5683.43054765665,7239.15861065701,9056.33965968147,10146.0726997
71883.4282820612,5695.07679208079,7202.0164433025,9086.55248528346,10146.2480144494
71904.6283493868,5707.94144027086,7165.62751183163,9115.88223820479,10145.2265089702
71925.8284167124,5722.01958690612,7130.01231897059,9144.31195271562,10143.0068415336
71947.028484038,5737.30570201864,7095.19103228203,9171.825070976,10139.5882710096
71968.2285513636,5753.79363036845,7061.18347284875,9198.4054530317,10134.9706603288
71989.4286186892,5771.47659107005,7028.0091039715,9224.03738675203,10129.1544797336
72010.6286860148,5790.34717747692,6995.68701988622,9248.70559770378,10122.1408098115
72031.8287533404,5810.39735733084,6964.23593450701,9272.39525895466,10113.9313443029
72053.028820666,5831.61847318255,6933.67417020098,9295.09200079942,10104.5283926781
72074.2288879916,5854.00124309052,6904.01964660186,9316.78192040145,10093.934882474
72095.4289553172,5877.5357616043,6875.28986946901,9337.4515913429,10082.1543613849
72116.6290226428,5902.21150103921,6847.50191959962,9357.08807307519,10069.1909990994
72137.8290899684,5928.01731304869,6820.67244180125,9375.67892026235,10055.049588877
72159.029157294,5954.94143050099,6794.81763393298,9393.21219200891,10039.735548855
72180.2292246196,5982.97146966615,6769.95323602326,9409.67646096394,10023.2549230817
72201.4292919452,6012.09443271993,6746.09451947316,9425.06082229248,10005.614382265
72222.6293592708,6042.29671057028,6723.25627635372,9439.35490250567,9986.82122423184
72243.8294265964,6073.5640860126,6701.45280880666,9452.54886814025,9966.8833740904
72265.029493922,6105.88173721924,6680.69791855782,9464.63343427824,9945.80938408737
72286.2295612476,6139.23424156906,6661.00489655306,9475.59987289715,9923.6084331543
72307.4296285732,6173.60557982196,6642.38651272659,9485.44002104107,9900.29032613551
72328.6296958988,6208.97914064381,6624.85500591191,9494.14628880273,9875.86549269093
72349.8297632244,6245.3377254864,6608.42207390581,9501.71166710635,9850.34498586721
72371.02983055,6282.66355382705,6593.09886369616,9508.12973528128,9823.7404803308
72392.2298978756,6320.93826877219,6578.89596186426,9513.39466841573,9796.06427025641
72413.4299652012,6360.14294302876,6565.82338517295,9517.50124448064,9767.329266865
72434.6300325268,6400.25808524742,6553.89057135172,9520.44485121247,9737.5489956051
72455.8300998524,6441.26364674063,6543.10637009016,9522.22149274483,9706.73759297224
72477.030167178,6483.13913933542,6533.4790577411,9522.82775331314,9674.90970753495
72498.2302345036,6525.86422777403,6525.0164617715,9522.26057812478,9642.07998189163
72519.4303018292,6569.41741577633,6517.72567627858,9520.51777613972,9608.26419460657
72540.6303691548,6613.77655933994,6511.61314892226,9517.59783622237,9573.47882889128
72561.8304364804,6658.91900015935,6506.68469973773,9513.49988998825,9537.74095422204
72583.030503806,6704.82157195575,6502.94551313306,9508.22371792251,9501.06822292742
72604.2305711316,6751.46060972812,6500.40013065411,9501.76975399978,9463.4788644623
72625.4306384572,6798.8119594308,6499.05244405691,9494.13908995068,9424.99167925757
72646.6307057828,6846.85098803062,6498.90568869066,9485.33347918603,9385.62603217793
72667.8307731084,6895.55259394225,6499.96243720312,9475.35534036904,9345.40184558571
72689.030840434,6944.89121784124,6502.22459357999,9464.2077606252,9304.33959200839
72710.2309077596,6994.84085385383,6505.69338752996,9451.89449837989,9262.46028640725
72731.4309750852,7045.37506112241,6510.36936922725,9438.41998581341,9219.78547804547
72752.6310424108,7096.46697574509,6516.25240442293,9423.78933092405,9176.33724195361
72773.8311097364,7148.08932308803,6523.34166993664,9408.00831918885,9132.13816999102
72795.031177062,7200.21443046841,6531.63564953995,9391.08341481302,9087.21136150173
72816.2312443876,7252.81424020616,6541.1321302426,9373.02176155817,9041.58041356371
72837.4313117133,7305.86032304205,6551.82819899256,9353.83118314033,8995.26941083051
72858.6313790389,7359.32389191998,6563.72023980099,9333.5201831885,8948.30291496432
72879.8314463644,7413.17581613055,6576.80393130245,9312.097944755,8900.70595366006
72901.0315136901,7467.38663581348,6591.0742447612,9289.57432936873,8852.5040092599
72922.2315810157,7521.92657681594,6606.52544253369,9265.95987562302,8803.72300695794
72943.4316483413,7576.76556590369,6623.15107699722,9241.26579728975,8754.38930259488
72964.6317156669,7631.87324632214,6640.94398995482,9215.50398095167,8704.52967004276
72985.8317829925,7687.21899370387,6659.89631252557,9188.68698314537,8654.17128817995
73007.0318503181,7742.77193231948,6679.99946552992,9160.82802700711,8603.34172745671
73028.2319176437,7798.50095166816,6701.24416037876,9131.94099841458,8552.0689360518
73049.4319849693,7854.3747234045,6723.62040047495,9102.04044161752,8500.38122562099
73070.6320522949,7910.3617185977,6747.11748313574,9071.14155435066,8448.30725663819
73091.8321196205,7966.43022531939,6771.72400204391,9039.26018242296,8395.8760233304
73113.0321869461,8022.5483665559,6797.4278502352,9006.41281377677,8343.116838208
73134.2322542717,8078.68411844073,6824.21622362942,8972.61657201207,8290.0593161916
73155.4323215973,8134.80532880266,6852.0756251118,8937.8892093702,8236.73335833793
73176.6323889229,8190.87973602476,6880.9918691711,8902.24909917276,8183.16913516655
73197.8324562485,8246.87499434653,6910.9500883983,8865.7152253172,8129.39706433619
73219.0325235741,8302.75950059317,6941.93491751745,8828.30686126472,8075.44709109215
73240.2325908997,8358.5013213385,6973.93028129839,8790.04397426422,8021.34960417894
73261.4326582253,8414.0679572259,7006.91932845906,8750.9473097681,7967.13566333364
73282.6327255509,8469.42690826149,7040.88455311954,8711.03818289507,7912.83650135205
73303.8327928765,8524.54568025323,7075.80780005187,8670.33847423871,7858.48351586518
73325.0328602021,8579.39180521718,7111.67027315947,8628.87061868781,7804.108250373
73346.2329275277,8633.93286232064,7148.45254459476,8586.65759355947,7749.74237470144
73367.4329948533,8688.13649909231,7186.13456446728,8543.72290616592,7695.41766508763
73388.6330621789,8741.97045288536,7224.69567114248,8500.09058081794,7641.16598390428
73409.8331295045,8795.40257258289,7264.11460213163,8455.78514526667,7587.01925903177
73431.0331968301,8848.40084053423,7304.36950557196,8410.83161658677,7533.0094628873
73452.2332641557,8900.93339470921,7345.43795229607,8365.2554865044,7479.16859112212
73473.4333314813,8952.96855105614,7387.29694848768,8319.082706175,7425.52864099899
73494.6333988069,9004.47482604793,7429.92294892102,8272.33967041656,7372.12158946338
73515.8334661325,9055.42095939892,7473.29187077898,8225.05320140577,7318.97937092365
73537.0335334581,9105.77593693385,7517.37910804509,8177.25053184502,7266.13385475709
73558.2336007837,9155.50901358821,7562.15954646255,8128.95928761006,7213.61682256003
73579.4336681093,9204.58973651782,7607.60757905274,8080.20746988915,7161.45994516225
73600.6337354349,9252.98796829359,7653.6971221845,8031.02343682589,7109.69475942775
73621.8338027605,9300.67391015583,7700.401632184,7981.43588467955,7058.3526448652
73643.0338700861,9347.61812530008,7747.69412247396,7931.47382851779,7007.46480007408
73664.2339374117,9393.79156216564,7795.54718122976,7881.1665824585,6957.06221905326
73685.4340047373,9439.16557769501,7843.93298953832,7830.54373947852,6907.1756674016
73706.6340720629,9483.71196053191,7892.82334004489,7779.6351508089,6857.83565844107
73727.8341393885,9527.40295412292,7942.18965607097,7728.47090493751,6809.07242929521
73749.0342067141,9570.21127968687,7992.00301118574,7677.0813062413,6760.91591695691
73770.2342740397,9612.11015901433,8042.23414921165,7625.49685327207,6713.39573438143
73791.4343413653,9653.07333705818,8092.85350464391,7573.74821672091,6666.54114664178
73812.6344086909,9693.07510427538,8143.83122346221,7521.8662170876,6620.38104718492
73833.8344760165,9732.09031867854,8195.13718431118,7469.88180208305,6574.94393422867
73855.0345433421,9770.09444664678,8246.74102428385,7417.82601637835,6530.25787071664
73876.2346106677,9807.06442746442,8298.61235476021,7365.72965017923,6486.34972111798
73897.4346779933,9842.97738445783,8350.72050358561,7313.62371206387,6443.24626783015
73918.6347453189,9877.81065527912,8403.03452549998,7261.53940592725,6400.97419185726
73939.8348126445,9911.54225555368,8455.52331976495,7209.50794414942,6359.55965978173
73961.0348799701,9944.15088810302,8508.15565059216,7157.56052856316,6319.02831036231
73982.2349472957,9975.61596157336,8560.90017003016,7105.72832702113,6279.40523327634
74003.4350146214,10005.9176086441,8613.72544104622,7054.04244986332,6240.71494816333
74024.635081947,10035.0367035894,8666.59996073065,7002.53392639923,6202.98138416609
74045.8351492725,10062.9548791493,8719.49218359126,6951.23368144088,6166.22786001316
74067.0352165981,10089.6545426724,8772.37054490607,6900.17251192178,6130.47706468238
74088.2352839238,10115.1188914938,8825.20348410225,6849.3810636367,6095.75103868393
74109.4353512494,10139.3319275123,8877.95946812856,6798.88980813695,6062.07115600001
74130.635418575,10162.2784709355,8930.60701478925,6748.72901981571,6029.45810671639
74151.8354859006,10183.9441731615,8983.11471600657,6698.92875321707,5997.93188037942
74173.0355532262,10204.315528769,9035.45126098011,6649.51882060245,5967.51175010975
74194.2356205518,10223.3798865919,9087.58545921065,6600.52876980655,5938.21625750187
74215.4356878774,10241.1254598534,9139.48626335716,6551.98786241501,5910.06319833638
74236.635755203,10257.5413353433,9191.12279189613,6503.92505229382,5883.06960912874
74257.8358225286,10272.6174816191,9242.46435155248,6456.36896450061,5857.25175453636
74279.0358898542,10286.3447562191,9293.48045947283,6409.34787460573,5832.62511564235
74300.2359571798,10298.7149118775,9344.14086511227,6362.88968845009,5809.20437913189
74321.4360245054,10309.7206017337,9394.41557180677,6317.02192236539,5787.00342737408
74342.636091831,10319.3553835335,9444.27485800458,6271.77168388066,5766.03532941914
74363.8361591566,10327.6137228203,9493.68929813098,6227.16565293743,5746.31233291796
74385.0362264822,10334.4909951211,9542.62978306209,6183.23006363441,5727.84585696791
74406.2362938078,10339.983487132,9591.06754018425,6139.99068652061,5710.64648588619
74427.4363611334,10344.088396912,9638.97415301764,6097.47281145436,5694.72396390884
74448.636428459,10346.8038330989,9686.32158038322,6055.70123104375,5680.08719081085
74469.8364957846,10348.1288131599,9733.08217509424,6014.70022468238,5666.74421844036
74491.0365631102,10348.0632606968,9779.22870215455,5974.49354319252,5654.70224815699
74512.2366304358,10346.6080699083,9824.7343725504,5935.10436782177,5643.96756866704
74533.4366977614,10343.7660019686,9869.57307737513,5896.5549415066,5634.54475741208
74554.636765087,10339.5399660247,9913.71901321543,5858.86720733358,5626.43819640396
74575.8368324126,10333.9334423251,9957.14678862536,5822.06264442281,5619.65168995078
74597.0368997382,10326.9507923011,9999.83150757174,5786.16213575156,5614.18819020698
74618.2369670638,10318.5972448125,10041.748782647,5751.18595892844,5610.04980525785
74639.4370343894,10308.8788876263,10082.8747493894,5717.15377530548,5607.23780234776
74660.637101715,10297.8026582842,10123.1860800604,5684.08461968364,5605.75261174438
74681.8371690406,10285.3763342799,10162.6599968444,5651.99689065247,5605.59383131961
74703.0372363662,10271.6085225748,10201.2742844652,5620.90834156212,5606.76023182424
74724.2373036918,10256.5086484845,10239.0073022171,5590.83607212403,5609.24976283083
74745.4373710174,10240.0869439679,10275.8379954086,5561.79652063574,5613.05955931903
74766.637438343,10222.3544353522,10311.7459062191,5533.80545682422,5618.18594887642
74787.8375056686,10203.3229305263,10346.7111839678,5506.87797530104,5624.62445948846
74809.0375729942,10183.0050056335,10380.7145947974,5481.02848962211,5632.36982789038
74830.2376403198,10161.4139912984,10413.7375307742,5456.27072694371,5641.41600845422
74851.4377076454,10138.5639584166,10445.7620184089,5432.61772326607,5651.75618258413
74872.637774971,10114.469703541,10476.7707266009,5410.08181925488,5663.38276859324
74893.8378422966,10089.1467338939,10506.7469740128,5388.67465663091,5676.28743203602
74915.0379096222,10062.6112520349,10535.6747358786,5368.40717511698,5690.46109646991
74936.2379769478,10034.8801402142,10563.5386502538,5349.28960993154,5705.89395462116
74957.4380442734,10005.9709444388,10590.3240237127,5331.33148981747,5722.57547992979
74978.638111599,9975.9018582795,10616.0168365018,5314.54163559443,5740.49443844956
74999.8381789246,9944.69170644451,10640.6037471557,5298.92815922307,5759.63890107938
75021.0382462502,9912.35992814526,10664.0720965848,5284.49846336884,5779.99625610316
75042.2383135758,9878.9265602785,10686.4099116436,5271.25924145326,5801.5532220164
75063.4383809014,9844.41222044803,10707.6059081883,5259.21647818036,5824.29586061764
75084.638448227,9808.838089848,10727.649493633,5248.37545052563,5848.2095903446
75105.8385155526,9772.22589602919,10746.5307690151,5238.74072917532,5873.27919983521
75127.0385828782,9734.59789556797,10764.2405305786,5230.31618040331,5899.48886169434
75148.2386502038,9695.9768566572,10780.7702708867,5223.10496837316,5926.82214644829
75169.4387175294,9656.38604163697,10796.1121794736,5217.10955785301,5955.26203666958
75190.6387848551,9615.84930606602,10810.2591715255,5212.33167259329,5984.79083641446
75211.8388521806,9574.39166846563,10823.205032668,5208.77206355471,6015.3896655733
75233.0389195062,9532.03785257668,10834.9440788236,5206.43106509136,6047.03975598698
75254.2389868319,9488.8128654761,10845.4712917215,5205.30838370498,6079.7219275016
75275.4390541575,9444.74212439573,10854.7823466182,5205.40304563358,6113.41648130044
75296.6391214831,9399.85143671927,10862.8736096293,5206.71340259169,6148.10321731375
75317.8391888087,9354.16698253991,10869.7421354895,5209.23713698982,6183.76144908895
75339.0392561343,9307.71529730518,10875.3856649525,5212.97126745819,6220.37001867843
75360.2393234599,9260.52325451368,10879.8026218242,5217.91215467884,6257.90731158145
75381.4393907855,9212.61804847267,10882.9921096417,5224.05550751503,6296.35127172997
75402.6394581111,9164.02717712659,10884.953908007,5231.39638942664,6335.67941650756
75423.8395254367,9114.77842496531,10885.6884685876,5239.92922516086,6375.86885179136
75445.0395927623,9064.89984602085,10885.1969107933,5249.64780770708,6416.89628700737
75466.2396600879,9014.41974696038,10883.4810171402,5260.54530550539,6458.73805018961
75487.4397274135,8963.36667028312,10880.5432283127,5272.61426989823,6501.37010303468
75508.6397947391,8911.76937762801,10876.3866379332,5285.84664281482,6544.76805594295
75529.8398620647,8859.65683319878,10871.0149870495,5300.23376467829,6588.9071830387
75551.0399293903,8807.05818731247,10864.4326583511,5315.76638252553,6633.76243716129
75572.2399967159,8754.00276007701,10856.6446701233,5332.43465832997,6679.30846482056
75593.4400640415,8700.52002520328,10847.6566699489,5350.22817751783,6725.51962110899
75614.6401313671,8646.63959395642,10837.4749281681,5369.13595766836,6772.3699845647
75635.8401986927,8592.391199251,10826.1063311054,5389.14645738899,6819.83337197857
75657.0402660183,8537.80467989429,10813.5583740725,5410.24758535642,6867.88335313988
75678.2403333439,8482.90996498144,10799.8391541579,5432.4267095148,6916.49326551476
75699.4404006695,8427.73705844625,10784.9573628105,5455.67066642261,6965.6362288522
75720.6404679951,8372.31602377062,10768.9222782267,5479.9657707398,7015.28515971259
75741.8405353207,8316.67696885599,10751.7437575508,5505.29782484703,7065.412785914
75763.0406026463,8260.85003105907,10733.4322288952,5531.6521285893,7115.99166089197
75784.2406699719,8204.86536239475,10713.9986831899,5559.01348913601,7166.99417796817
75805.4407372975,8148.75311490813,10693.4546658698,5587.36623095029,7218.39258452451
75826.6408046231,8092.54342621762,10671.8122684061,5616.69420586003,7270.15899607864
75847.8408719487,8036.26640523108,10649.0841196915,5646.98080322392,7322.26541025752
75869.0409392743,7979.95211803621,10625.2833772851,5678.20896018546,7374.68372066578
75890.2410065999,7923.63057396669,10600.4237185245,5710.36117200856,7427.38573064604
75911.4410739255,7867.33171184504,10574.5193315139,5743.41950248827,7480.3431669283
75932.6411412511,7811.08538640314,10547.5849059917,5777.36559443056,7533.52769316591
75953.8412085767,7754.92135488093,10519.6356240878,5812.18068019546,7586.91092335581
75975.0412759023,7698.86926380404,10490.6871509746,5847.84559229766,7640.46443514102
75996.2413432279,7642.95863594033,10460.7556254185,5884.34077405932,7694.15978299333
76017.4414105535,7587.21885743574,10429.8576502381,5921.64629030999,7747.96851127476
76038.6414778791,7531.67916512918,10398.0102826751,5959.74183812855,7801.86216717598
76059.8415452047,7476.36863404644,10365.2310246818,5998.60675762255,7855.81231353073
76081.0416125303,7421.31616507255,10331.5378131328,6038.22004274058,7909.79054150492
76102.2416798559,7366.55047280222,10296.9490099634,6078.5603521133,7963.76848315961
76123.4417471815,7312.10007356764,10261.4833922421,6119.6060199191,8017.71782388706
76144.6418145071,7257.99327364278,10225.1601421788,6161.33506677087,8071.61031471936
76165.8418818327,7204.25815762332,10187.9988370758,6203.72521062006,8125.41778450922
76187.0419491583,7150.92257698114,10150.019439224,6246.75387767485,8179.11215198259
76208.2420164839,7098.01413879217,10111.242285748,6290.39821332935,8232.66543766328
76229.4420838095,7045.56019463633,10071.6880784055,6334.63509310093,8286.04977566927
76250.6421511351,6993.58782966815,10031.3778733417,6379.44113357297,8339.23742538138
76271.8422184607,6942.1238518567,9990.3330708047,6424.79270334072,8392.20078298419
76293.0422857863,6891.19478139307,9948.57540482218,6470.66593395797,8444.91239287997
76314.2423531119,6840.82684026398,9906.12693284441,6517.03673088243,8497.3449589762
76335.4424204375,6791.04594198971,9863.01002535437,6563.88078441821,8549.47135584716
76356.6424877631,6741.87768152453,9819.24735544807,6611.17358065353,8601.2646397707
76377.8425550887,6693.34732531804,9774.86188838701,6658.89041239249,8652.69805964076
76399.0426224143,6645.47980153521,9729.87687112463,6707.00639007942,8703.74506775702
76420.2426897399,6598.2996904337,9684.31582180832,6755.49645271489,8754.37933049226
76441.4427570656,6551.83121489615,9638.20251925865,6804.3353787625,8804.57473883906
76462.6428243912,6506.09823111572,9591.56099242681,6853.4977970457,8854.30541883664
76483.8428917167,6461.124219433,9544.41550983175,6902.95819763405,8903.54574187929
76505.0429590424,6416.9322753222,9496.79056897747,6952.69094271864,8952.27033490766
76526.243026368,6373.54510052498,9448.71088575159,7002.67027747631,9000.45409048412
76547.4430936936,6330.98499432977,9400.20138380547,7052.87034092267,9048.07217675366
76568.6431610192,6289.27384499505,9351.28718391658,7103.26517675381,9095.10004729155
76589.8432283448,6248.4331213145,9301.99359333297,7153.8287441771,9141.51345083929
76611.0432956704,6208.48386432255,9252.34609510042,7204.53492873109,9187.28844092997
76632.243362996,6169.44667913845,9202.37033737176,7255.35755309505,9232.40138540465
76653.4434303216,6131.34177673979,9152.09213422971,7306.27036885934,9276.82893167854
76674.6434976472,6094.1889368967,9101.53744910428,7357.24707714361,9320.54804221091
76695.8435649728,6058.00740872494,9050.73236315969,7408.26137502211,9363.53608398723
76717.0436322984,6022.81597547591,8999.703080162,7459.2869393855,9405.77077394776
76738.243699624,5988.63294588078,8948.475915293,7510.29743812183,9447.23018919587
76759.4437669496,5955.47614674749,8897.07728433473,7561.26654089285,9487.8927759315
76780.6438342752,5923.36291573517,8845.53369284638,7612.16792988769,9527.73735823755
76801.8439016008,5892.31009425817,8793.8717253194,7662.97531057166,9566.74314676539
76823.0439689264,5862.33402051857,8742.11803430978,7713.66242243164,9604.88974732042
76844.244036252,5833.4505226661,8690.29932954648,7764.20304971894,9642.15716934883
76865.4441035776,5805.67491208567,8638.4423670151,7814.5710321906,9678.52583432587
76886.6441709032,5779.02197681198,8586.57393801574,7864.7402758502,9713.97658404582
76907.8442382288,5753.50597507138,8534.72085819386,7914.68476368892,9748.49068881424
76929.0443055544,5729.14062895111,8482.90995654333,7964.37856642807,9782.04985554233
76950.24437288,5705.93911819642,8431.16806438048,8013.79585326365,9814.63623574326
76971.4444402056,5683.91407413605,8379.52200428803,8062.91090261398,9846.23243343045
76992.6445075312,5663.07757373694,8327.99857902827,8111.69811287112,9876.82151291711
77013.8445748568,5643.44113378914,8276.62456042404,8160.13201315665,9906.38700651655
77035.0446421824,5625.01570522225,8225.42667820697,8208.1872740826,9934.91292214257
77056.244709508,5607.8116675547,8174.43160883194,8255.83871851783,9962.38375080851
77077.4447768336,5591.83882347768,8123.66596425718,8303.06133236038,9988.78447402429
77098.6448441592,5577.1063935755,8073.1562806891,8349.83027531611,10014.1005710896
77119.8449114848,5563.62301118474,8022.92900729141,8396.12089168356,10038.3180262818
77141.0449788104,5551.39671739439,7973.01049485816,8441.90872114514,10061.4233359365
77162.245046136,5540.4349561895,7923.42698445007,8487.16950956469,10083.4035154191
77183.4451134616,5530.74456974161,7874.20459599424,8531.87921979063,10104.2461059843
77204.6451807872,5522.3317938486,7825.36931684704,8576.01404246462,10123.9391815219
77225.8452481128,5515.20225352759,7776.94699032035,8619.55040683487,10142.4713551851
77247.0453154384,5509.36095876439,7728.96330417134,8662.4649915731,10159.8317858996
77268.245382764,5504.81230042324,7681.44377905634,8704.73473559433,10176.010184748
77289.4454500896,5501.56004632107,7634.41375694953,8746.33684887788,10190.9968212294
77310.6455174152,5499.60733747036,7587.89838952709,8787.24882328831,10204.7825293862
77331.8455847408,5498.95668449536,7541.92262651828,8827.44844339424,10217.3587137982
77353.0456520664,5499.60996422603,7496.51120402428,8866.91379728336,10228.717355437
77374.245719392,5501.56841647523,7451.68863280689,8905.62328737104,10238.8510173767
77395.4457867176,5504.83264100371,7407.47918654853,8943.55564120014,10247.7528503576
77416.6458540432,5509.40259467876,7363.90689008578,8980.68992222931,10255.4165981958
77437.8459213688,5515.27758883181,7320.9955076188,9017.00554060639,10261.8366030356
77459.0459886944,5522.45628682087,7278.76853089926,9052.48226392396,10267.0078104373
77480.24605602,5530.93670180381,7237.24916739972,9087.10022795294,10270.9257742964
77501.4461233456,5540.71619472835,7196.46032846774,9120.83994735063,10273.5866615873
77522.6461906712,5551.79147254533,7156.42461746804,9153.68232633882,10274.9872569258
77543.8462579968,5564.15858665144,7117.16431791694,9185.60866934722,10275.1249669448
77565.0463253224,5577.81293156812,7078.70138161285,9216.6006916178,10273.9978244748
77586.246392648,5592.74924386315,7041.05741676758,9246.64052976435,10271.6044925252
77607.4464599736,5608.96160132183,7004.25367614317,9275.71075228219,10267.944268057
77628.6465272993,5626.44342237445,6968.31104519946,9303.79437000202,10263.0170855427
77649.8465946248,5645.18746578714,6933.25003025779,9330.87484648181,10256.8235203031
77671.0466619504,5665.18583062294,6899.0907466869,9356.93610833053,10249.3647916168
77692.2467292761,5686.42995648017,6865.85290711691,9381.96255545663,10240.6427655932
77713.4467966017,5708.91062401512,6833.55580968815,9405.93907123467,10230.6599578022
77734.6468639272,5732.61795575607,6802.21832634163,9428.85103258235,10219.4195356526
77755.8469312529,5757.54141721571,6771.85889115831,9450.68431994069,10206.9253205126
77777.0469985785,5783.66981830879,6742.49548875483,9471.42532714915,10193.1817895634
77798.2470659041,5810.99131508212,6714.14564274349,9491.06097120766,10178.1940773797
77819.4471332297,5839.49341176357,6686.82640426483,9509.57870191695,10161.9679772273
77840.6472005553,5869.16296313693,6660.55434060122,9526.96651138852,10144.509942073
77861.8472678809,5899.98617724903,6635.34552388046,9543.21294341522,10125.8270852959
77883.0473352065,5931.94861845601,6611.21551987859,9558.307102693,10105.9271810953
77904.2474025321,5965.03521081458,6588.17937693135,9572.23866388459,10084.818664585
77925.4474698577,5999.23024182468,6566.25161496415,9584.99788051508,10062.5106315687
77946.6475371833,6034.51736652938,6545.4462146506,9596.57559368966,10039.0128379878
77967.8476045089,6070.87961197783,6525.77660671015,9606.96324062314,10014.3356990345
77989.0476718345,6108.29938205651,6507.25566135519,9616.1528629711,9988.4902879227
78010.2477391601,6146.75846269437,6489.89567789887,9624.13711495189,9961.48833431033
78031.4478064857,6186.23802744629,6473.70837453453,9630.90927124892,9933.34222236594
78052.6478738113,6226.71864346009,6458.70487829819,9636.46323468244,9904.0649884722
78073.8479411369,6268.18027783093,6444.89571522577,9640.79354363959,9873.67031856068
78095.0480084625,6310.60230434749,6432.29080071677,9643.89537925188,9842.17254507101
78116.2480757881,6353.96351063342,6420.8994301163,9645.76457230873,9809.58664352853
78137.4481431137,6398.24210568747,6410.73026952779,9646.39760989587,9775.92822873458
78158.6482104393,6443.41586290762,6401.79137551137,9645.79158966124,9741.21343423671
78179.8482777649,6489.46266672555,6394.09031025712,9643.94401835163,9705.45843319782
78201.0483450905,6536.35919593924,6387.63385505712,9640.85331612774,9668.68058385459
78222.2484124161,6584.0814882606,6382.42810799307,9636.51861371602,9630.8979534388
78243.4484797417,6632.60504982671,6378.47849768052,9630.93972434733,9592.12922050764
78264.6485470673,6681.90486292097,6375.78977532236,9624.11714953723,9552.39367040577
78285.8486143929,6731.95539621507,6374.36600746844,9616.05208352724,9511.71118872686
78307.0486817185,6782.73061545146,6374.21056910858,9606.74641734819,9470.10225433197
78328.2487490441,6834.20399452677,6375.32613710421,9596.20274251276,9427.58793195117
78349.4488163697,6886.34852697459,6377.71468397103,9584.4243543271,9384.18986436656
78370.6488836953,6939.13673784662,6381.37747202484,9571.41525481067,9339.93026417428
78391.8489510209,6992.54069599057,6386.31504790277,9557.18015521417,9294.83190512362
78413.0490183465,7046.53202672345,6392.52723747217,9541.72447812485,9248.91811303165
78434.2490856721,7101.0819248978,6400.01314113895,9525.0543591493,9202.21275627181
78455.4491529977,7156.16116835894,6408.77112956755,9507.17664816365,9154.74023583531
78476.6492203233,7211.74013179044,6418.79883982388,9488.09891012126,9106.5254749646
78497.8492876489,7267.78880094511,6430.09317195317,9467.82942540845,9057.59390835802
78519.0493549745,7324.27678725837,6442.65028600382,9446.37718973866,9007.97147094552
78540.2494223001,7381.17334284091,6456.46559950846,9423.75191357607,8957.68458623497
78561.4494896257,7438.44737584698,6471.53378543343,9399.96402107952,8906.76015422927
78582.6495569513,7496.06746621472,6487.84877060684,9375.02464855818,8855.22553891453
78603.8496242769,7554.00188177477,6505.40373463627,9348.94564243042,8803.10855531968
78625.0496916025,7612.21859472297,6524.1911093257,9321.73955667782,8750.43745614835
78646.2497589281,7670.68529845317,6544.20257860204,9293.41964978632,8697.24091798371
78667.4498262537,7729.36942474575,6565.42907896043,9263.9998811671,8643.5480270675
78688.6498935793,7788.23816130713,6587.86080043773,9233.49490704979,8589.38826465458
78709.8499609049,7847.25846965615,6611.48718812312,9201.92007584114,8534.79149194432
78731.0500282305,7906.39710335186,6636.29694421418,9169.29142294277,8479.78793459084
78752.2500955561,7965.6206265582,6662.27803062668,9135.62566502149,8424.40816679392
78773.4501628817,8024.89543294018,6689.41767216582,9100.9401937267,8368.68309497282
78794.6502302073,8084.18776488608,6717.70236026613,9065.25306884947,8312.6439410257
78815.8502975329,8143.46373305027,6747.11785730696,9028.58301091816,8256.32222517725
78837.0503648585,8202.68933621038,6777.64920150994,8990.94939322639,8199.74974841797
78858.2504321842,8261.8304814329,6809.28071242416,8952.37223328936,8142.95857453846
78879.4504995098,8320.85301668888,6841.99599957427,8912.87217898286,8085.98100136536
78900.6505668354,8379.72358929317,6875.77815447582,8872.47017456091,8028.84881321907
78921.8506341609,8438.40844521163,6910.60951135696,8831.18791361373,7971.59430758082
78943.0507014866,8496.873339359,6946.47161231297,8789.04786723552,7914.25039650164
78964.2507688122,8555.08404832666,6983.34531885341,8746.07309489624,7856.8501533929
78985.4508361378,8613.00637990241,7021.21081855372,8702.28723829155,7799.42680207063
79006.6509034634,8670.6061947641,7060.04763459019,8657.71450899857,7742.01369646192
79027.850970789,8727.84942865743,7099.83463593073,8612.37967544195,7684.64429976987
79049.0510381146,8784.70211482434,7140.55004814059,8566.30804927533,7627.35216327416
79070.2511054402,8841.13040666654,7182.17146480228,8519.52547118219,7570.17090477901
79091.4511727658,8897.10060063266,7224.675859549,8472.05829609903,7513.13418671859
79112.6512400914,8952.57915931551,7268.03959870972,8423.93337786486,7456.27569393086
79133.851307417,9007.53273474544,7312.23845456369,8375.17805330212,7399.62911111218
79155.0513747426,9061.92819186393,7357.24761920044,8325.82012573504,7343.22809996648
79176.2514420682,9115.73263216028,7403.04171898113,8275.88784795261,7287.10627606405
79197.4515093938,9168.91341745275,7449.59482959531,8225.40990462474,7231.29718542656
79218.6515767194,9221.43819379413,7496.8804917067,8174.41539418135,7175.83428085669
79239.851644045,9273.27491547949,7544.87172717995,8122.93381016515,7120.75089803206
79261.0517113706,9324.39186913283,7593.54105587949,8070.99502207071,7066.08023138521
79282.2517786962,9374.75769784732,7642.86051303034,8018.62925568333,7011.85530979276
79303.4518460218,9424.3414253519,7692.80166712919,7965.86707293311,6958.10897209898
79324.6519133474,9473.11248017577,7743.33563839332,7912.7393512803,6904.87384250048
79345.851980673,9521.04071977982,7794.43311773313,7859.27726265048,6852.1823058207
79367.0520479986,9568.09645462331,7846.0643862331,7805.51225193864,6800.06648270435
79388.2521153242,9614.25047213136,7898.19933512432,7751.47601510325,6748.55820476429
79409.4521826498,9659.47406052813,7950.80748623096,7697.20047687272,6697.68898971404
79430.6522499754,9703.73903249856,8003.85801287095,7642.71776808787,6647.49001652159
79451.852317301,9747.0177486403,8057.31976119053,7588.06020270599,6597.99210062119
79473.0523846266,9789.28314066617,8111.1612719107,7533.2602544926,6549.22566922132
79494.2524519522,9830.50873431624,8165.35080246222,7478.35053342932,6501.22073674828
79515.4525192778,9870.6686719382,8219.85634948485,7423.36376186652,6454.00688046591
79536.6525866034,9909.73776398085,8274.64567820344,7368.33273907766,6407.61319080244
79557.852653929,9947.69236610344,8329.68654289521,7313.28998369518,6362.06749639505
79579.0527212546,9984.50899074097,8384.94640725357,7258.26824392646,6317.3975680337
79600.2527885802,10020.1644618499,8440.39248350617,7203.30042616206,6273.63098991484
79621.4528559058,10054.6363309418,8495.99184107298,7148.4194250624,6230.7947877746
79642.6529232314,10087.9028880212,8551.71142858725,7093.65810274278,6188.91541373746
79663.852990557,10119.9431804682,8607.5180980336,7039.04926419998,6148.01872452553
79685.0530578826,10150.7370314278,8663.37862905877,6984.62563267327,6108.12996003257
79706.2531252082,10180.2650575092,8719.25975338753,6930.41982504359,6069.27372243649
79727.4531925338,10208.5086857499,8775.12817931036,6876.464327308,6031.47395589408
79748.6532598594,10235.4501698078,8830.95061620972,6822.79147016529,5994.7539268577
79769.853327185,10261.0726053446,8886.69379909175,6769.43340474876,5959.13620505252
79791.0533945106,10285.3599445666,8942.32451308979,6716.42207854158,5924.64264515145
79812.2534618362,10308.297009889,8997.80961790619,6663.78921151023,5891.29436918295
79833.4535291618,10329.8695066954,9053.11607215915,6611.56627249045,5859.11174970512
79854.6535964874,10350.0640351643,9108.2109576012,6559.78445586011,5828.11439377724
79875.853663813,10368.8681011372,9163.06150317664,6508.47465853193,5798.32112775791
79897.0537311386,10386.2701260076,9217.63510888545,6457.66745729846,5769.74998295559
79918.2537984642,10402.2594556117,9271.89936942192,6407.39308656079,5742.41818215614
79939.4538657898,10416.8263681042,9325.82209755684,6357.68141647064,5716.34212704784
79960.6539331154,10429.9620808079,9379.371347233,6308.56193151497,5691.5373865623
79981.854000441,10441.6587560264,9432.51543634463,6260.06370957024,5668.01868614654
80003.0540677666,10451.9095058156,9485.22296917219,6212.21540145231,5645.79989797884
80024.2541350922,10460.7083957098,9537.46285844551,6165.04521098626,5624.89403213723
80045.4542024179,10468.0504474036,9589.20434700888,6118.58087561879,5605.31322872747
80066.6542697434,10473.9316403936,9640.41702906348,6072.84964759419,5587.06875097351
80087.8543370691,10478.3489125864,9691.07087096328,6027.87827571316,5570.1709792712
80109.0544043947,10481.3001598835,9741.13623154251,5983.69298769191,5554.62940620247
80130.2544717203,10482.7842347554,9790.58388195381,5940.31947313715,5540.452632505
80151.4545390459,10482.8009438221,9839.38502499775,5897.78286715109,5527.64836398915
80172.6546063715,10481.3510444567,9887.51131392577,5856.10773457841,5516.22340939197
80193.8546736971,10478.4363272799,9934.93489126991,5815.31802142325,5506.183601939
80215.0547410227,10474.0604914247,9981.62861923758,5775.43669311165,5497.53301920469
80236.2548083483,10468.2273710584,10027.5656921819,5736.48639389849,5490.27554745531
80257.4548756739,10460.9414519346,10072.7197655039,5698.48924660727,5484.41441609388
80278.6549429995,10452.2081408056,10117.0650305559,5661.46673513276,5479.95195913592
80299.8550103251,10442.0337517057,10160.5762284943,5625.43969466221,5476.88962308173
80321.0550776507,10430.4254965723,10203.2286649742,5590.42830062239,5475.22797074932
80342.2551449763,10417.391475217,10244.9982242629,5556.4520582601,5474.96668578438
80363.4552123019,10402.9406645868,10285.8613827424,5523.5297928895,5476.10457791171
80384.6552796275,10387.082907346,10325.7952217955,5491.67964080408,5478.63958890421
80405.8553469531,10369.8288998103,10364.7774400738,5460.91904084928,5482.56879924306
80427.0554142787,10351.1901792683,10402.7863651467,5431.26472665072,5487.88843544188
80448.2554816043,10331.1791107228,10439.8009645291,5402.73271949176,5494.59387800753
80469.4555489299,10309.8088730871,10475.8008560914,5375.33832183357,5502.67967000982
80490.6556162555,10287.0934448669,10510.7663178518,5349.09611146949,5512.13952623206
80511.8556835811,10263.0475893647,10544.6782971543,5324.0199363052,5522.96634287477
80533.0557509067,10237.6868394366,10577.5184192364,5300.12290975517,5535.15220778445
80554.2558182323,10211.0274818346,10609.2689951906,5277.41740674523,5548.68841118013
80575.4558855579,10183.0865411671,10639.913029326,5255.91506031082,5563.56545685019
80596.6559528835,10153.8817635062,10669.4342259342,5235.62675877951,5579.77307379273
80617.8560202091,10123.4315996749,10697.8169954694,5216.56264352642,5597.30022827308
80639.0560875347,10091.7551882401,10725.0464601464,5198.73210729044,5616.13513627268
80660.2561548603,10058.8723382423,10751.1084589679,5182.14379303895,5636.26527630409
80681.4562221859,10024.8035116875,10775.989552187,5166.80559336864,5657.67740256776
80702.6562895115,9989.56980582909,10799.6770252158,5152.72465042932,5680.3575584267
80723.8563568371,9953.19293526269,10822.1588919876,5139.90735635823,5704.2910901761
80745.0564241627,9915.69521386081,10843.4238977847,5128.35935421133,5729.46266108559
80766.2564914883,9877.09953656783,10863.4615215392,5118.08553937871,5755.85626569284
80787.4565588139,9837.4293610789,10882.2619776202,5109.09006147074,5783.45524432769
80808.6566261395,9796.70868942277,10899.8162171149,5101.37632666182,5812.24229784716
80829.8566934651,9754.96204946879,10916.1159286174,5094.94700047847,5842.19950256227
80851.0567607907,9712.21447637669,10931.1535385335,5089.80401101853,5873.30832533842
80872.2568281163,9668.49162664389,10944.922243367,5085.94850172864,5905.54951948123
80893.4568954419,9623.82031398742,10957.4161463495,5083.38061226351,5938.90264976834
80914.6569627675,9578.22705056215,10968.6299164886,5082.10003590712,5973.34738929338
80935.8570300931,9531.7386584738,10978.5589319401,5082.10579564092,6008.862965693
80957.0570974187,9484.38237748526,10987.199303108,5083.39619903674,6045.42807164183
80978.2571647443,9436.18584426575,10994.5478696006,5085.96884448215,6083.02088295508
80999.4572320699,9387.17707391318,11000.6021975133,5089.82062701059,6121.61907443149
81020.6572993955,9337.38444156667,11005.360576332,5094.9477444504,6161.19983571663
81041.8573667211,9286.83666407948,11008.822015456,5101.34570389419,6201.73988721724
81063.0574340467,9235.56278176238,11010.9862403496,5109.00932847661,6243.21549605595
81084.2575013723,9183.5921402076,11011.853688336,5117.93276444889,6285.60249205468
81105.4575686979,9130.95437220296,11011.4255040438,5128.1094885382,6328.87628373638
81126.6576360235,9077.67937974515,11009.7035345159,5139.53231558071,6373.01187433465
81147.8577033491,9023.7973161605,11006.6903239953,5152.19340641661,6417.98387780147
81169.0577706747,8969.33856834116,11002.3891083951,5166.08427603635,6463.76653480388
81190.2578380003,8914.33373910402,10996.8038094663,5181.195801967,6510.33372870063
81211.457905326,8858.81362967922,10989.9390286733,5197.51823288791,6557.65900149037
81232.6579726515,8802.80922233471,10981.8000407868,5215.04119746529,6605.71556972344
81253.8580399771,8746.35166314265,10972.3927872074,5233.75371339539,6654.47634036962
81275.0581073028,8689.4722448935,10961.7238690262,5253.64419664596,6703.91392663444
81296.2581746284,8632.20239016253,10949.8005398374,5274.70047088642,6754.00066371751
81317.458241954,8574.57363453402,10936.6306983081,5296.90977709663,6804.70862450579
81338.6583092796,8516.61760998696,10922.22288052,5320.25878334529,6856.00963519622
81359.8583766052,8458.36602844691,10906.5862520883,5344.7335947282,6907.87529084135
81381.0584439308,8399.85066550721,10889.730600071,5370.31976345783,6960.27697081274
81402.2585112564,8341.10334432335,10871.6663246754,5397.00229909512,7013.18585417668
81423.458578582,8282.15591968337,10852.4044307722,5424.76567891499,7066.57293497736
81444.6586459076,8223.04026225717,10831.9565192263,5453.59385839738,7120.40903742284
81465.8587132332,8163.78824302721,10810.3347780521,5483.47028183555,7174.66483096948
81487.0587805588,8104.43171790306,10787.5519734027,5514.37789305392,7229.31084530069
81508.2588478844,8045.00251252141,10763.6214404008,5546.29914622776,7284.31748519602
81529.45891521,7985.53240723373,10738.5570738199,5579.21601679737,7339.6550452874
81550.6589825356,7926.05312228274,10712.3733186229,5613.11001246979,7395.29372469877
81571.8590498612,7866.59630316911,10685.0851603669,5647.96218430081,7451.2036415664
81593.0591171868,7807.19350620946,10656.7081154803,5683.75313785101,7507.35484743686
81614.2591845124,7747.87618428638,10627.2582214203,5720.46304440933,7563.71734154007
81635.459251838,7688.6756727912,10596.7520267173,5758.07165227781,7620.2610849353
81656.6593191636,7629.62317575978,10565.2065809133,5796.55829811205,7676.95601452765
81677.8593864892,7570.74975220173,10532.6394244003,5835.9019183114,7733.77205695349
81699.0594538148,7512.08630262288,10499.0685781649,5876.08106045359,7790.67914233285
81720.2595211404,7453.66355574098,10464.5125334456,5917.07389476878,7847.64721788748
81741.459588466,7395.51205539427,10428.9902413079,5958.85822564799,7904.64626142335
81762.6596557916,7337.66214764242,10392.5211021432,6001.41150318138,7961.64629467631
81783.8597231172,7280.14396805916,10355.1249550964,6044.71083472189,8018.61739652039
81805.0597904428,7222.98742921583,10316.8220674265,6088.73299647027,8075.52971603758
81826.2598577684,7166.2222083549,10277.6331238069,6133.45444507733,8132.35348544923
81847.459925094,7109.87773525235,10237.5792155679,6178.85132926011,8189.05903290806
81868.6599924196,7053.98318026772,10196.6818298858,6224.89950142811,8245.61679515121
81889.8600597452,6998.56744258043,10154.9628389244,6271.57452931686,8301.99733001397
81911.0601270708,6943.65913861108,10112.4444889305,6318.85170762549,8358.17132880447
81932.2601943964,6889.28659062604,10069.1493892877,6366.70606965582,8414.10962853973
81953.460261722,6835.47781552363,10025.100501532,6415.11239895045,8469.78322404342
81974.6603290476,6782.26051380042,9980.32112833285,6464.04524092735,8525.16327990584
81995.8603963732,6729.66205869559,9934.83490243987,6513.47891450934,8580.22114230705
82017.0604636988,6677.70948551158,9888.66577560142,6563.38752374607,8634.92835070377
82038.2605310244,6626.42948110916,9841.83800745431,6613.74496942732,8689.25664938101
82059.46059835,6575.84837357483,9794.37615438846,6664.52496068599,8743.17799886954
82080.6606656756,6525.99212205855,9746.30505838784,6715.70102658951,8796.66458723024
82101.8607330012,6476.88630677989,9697.64983584951,6767.24652771871,8849.68884120649
82123.0608003268,6428.55611920039,9648.43586638207,6819.13466773318,8902.22343724589
82144.2608676524,6381.0263523601,9598.6887815851,6871.33850492262,8954.24131239276
82165.460934978,6334.32139137625,9548.43445381042,6923.83096374341,9005.71567505243
82186.6610023036,6288.46520410204,9497.69898490618,6976.58484634031,9056.62001562917
82207.8610696292,6243.48133194338,9446.50869494454,7029.57284405279,9106.9281170388
82229.0611369548,6199.39288083167,9394.89011093338,7082.76754890623,9156.61406509777
82250.2612042804,6156.22251235076,9342.86995551256,7136.14146508784,9205.6522587898
82271.461271606,6113.9924350159,9290.4751356347,7189.66702040768,9254.01742041198
82292.6613389316,6072.72439570316,9237.73273123092,7243.31657774502,9301.68460560142
82313.8614062572,6032.43967122726,9184.66998386103,7297.06244648044,9348.62921324395
82335.0614735828,5993.15911377815,9131.31429779328,7350.87687337797,9394.82694765197
82356.2615409084,5954.90310215173,9077.6932201588,7404.73206815229,9440.25386455973
82377.461608234,5917.69145299538,9023.83441112551,7458.60024644487,9484.88645127082
82398.6616755596,5881.54348221535,8969.7656474097,7512.45361543726,9528.70157527579
82419.8617428852,5846.47799585988,8915.51481040022,7566.26438572928,9571.67649500906
82441.0618102108,5812.51328251389,8861.10987469829,7620.00478271427,9613.78886911788
82462.2618775365,5779.66710587459,8806.57889664992,7673.64705793016,9655.016765582
82483.4619448621,5747.95669746604,8751.95000285823,7727.16350040282,9695.33867072401
82504.6620121876,5717.39874949136,8697.25137867495,7780.52644798231,9734.73349811172
82525.8620795133,5688.00940782207,8642.51125666976,7833.7082986736,9773.18059735348
82547.0621468389,5659.8042651242,8587.75790507661,7886.68152196241,9810.65976278658
82568.2622141645,5632.79835412103,8533.0196162158,7939.41867013749,9847.1512420595
82589.4622814901,5607.00614099251,8478.32469489093,7991.89238960992,9882.63574460781
82610.6623488157,5582.44151891173,8423.70144675953,8044.07543223072,9917.094450024
82631.8624161413,5559.11780171858,8369.17816667613,8095.94066660766,9950.5090163211
82653.0624834669,5537.04771773177,8314.78312700716,8147.46108942162,9982.86158808957
82674.2625507925,5516.24340369953,8260.54456591614,8198.60983674401,10014.1348045472
82695.4626181181,5496.71639889071,8206.49067561865,8249.36019535521,10044.3118074811
82716.6626854437,5478.47763932701,8152.64959060587,8299.68561406513,10073.3762490812
82737.8627527693,5461.53745215847,8099.0493758359,8349.55971503614,10101.3122996635
82759.0628200949,5445.90555018382,8045.71801489239,8398.95630510854,10128.1046552825
82780.2628874205,5431.59102651757,7992.68339810936,8447.84938712925,10153.7385452309
82801.4629547461,5418.60234940658,7939.97331066207,8496.21317128331,10178.1997394244
82822.6630220717,5406.94735719836,7887.61542062333,8544.02208642848,10201.4745556702
82843.8630893973,5396.633253464,7835.63726698506,8591.25079143236,10223.5498668167
82865.0631567229,5387.66660227891,7784.06624764484,8637.87418651194,10244.4131077818
82886.2632240485,5380.05332366461,7732.92960735776,8683.8674245746,10264.0522824564
82907.4632913741,5373.79868919501,7682.25442565334,8729.2059225601,10282.4559704822
82928.6633586997,5368.90731777147,7632.06760471842,8773.86537278221,10299.6133338976
82949.8634260253,5365.38317157007,7582.39585724629,8817.82175426889,10315.5141236502
82971.0634933509,5363.22955216614,7533.2656942529,8861.05134409947,10330.1486859718
82992.2635606765,5362.44909683997,7484.70341286135,8903.53072873725,10343.5079686113
83013.4636280021,5363.04377506901,7436.7350840558,8945.23681535509,10355.5835269216
83034.6636953277,5365.01488521137,7389.38654040632,8986.14684315231,10366.3675297954
83055.8637626533,5368.36305138591,7342.68336376658,9026.23839466003,10375.8527654465
83077.0638299789,5373.08822055459,7296.65087294634,9065.48940703206,10384.0326470293
83098.2638973045,5379.18965981251,7251.31411136099,9103.87818331868,10390.9012180938
83119.4639646301,5386.66595389196,7206.69783466107,9141.38340371933,10396.4531578678
83140.6640319557,5395.51500288616,7162.82649834425,9177.98413681115,10400.6837863631
83161.8640992813,5405.73402019942,7119.72424535345,9213.65985074882,10403.5890692977
83183.0641666069,5417.31953072983,7077.41489366443,9248.39042443173,10405.1656228288
83204.2642339325,5430.26736929143,7035.92192386658,9282.15615863381,10405.4107180903
83225.4643012581,5444.57267928242,6995.2684667415,9314.93778709103,10404.3222855267
83246.6643685837,5460.22991160651,6955.47729084364,9346.71648754115,10401.8989190185
83267.8644359093,5477.23282385427,6916.57079008795,9377.4738927105,10398.1398797906
83289.0645032349,5495.57447975185,6878.57097134985,9407.19210124152,10393.0451000974
83310.2645705605,5515.24724888415,6841.49944208305,9435.85368855495,10386.6151866763
83331.4646378861,5536.24280669969,6805.37739796127,9463.44171764015,10378.8514239628
83352.6647052117,5558.55213480481,6770.22561055003,9489.93974976651,10369.7557770593
83373.8647725373,5582.16552155422,6736.06441501537,9515.33185510888,10359.3308944502
83395.0648398629,5607.07256294561,6702.9136978764,9539.60262327923,10347.5801104541
83416.2649071885,5633.26216382554,6670.79288480919,9562.7371737571,10334.5074474073
83437.4649745141,5660.72253941401,6639.72092850964,9584.72116621008,10320.1176175683
83458.6650418397,5689.44121715507,6609.71629662363,9605.54081069644,10304.4160247368
83479.8651091653,5719.40503890071,6580.79695975275,9625.1828777406,10287.4087655784
83501.0651764909,5750.60016343503,6552.98037954454,9643.63470827279,10269.102630647
83522.2652438166,5783.01206934613,6526.28349687644,9660.88422342317,10249.5051050967
83543.4653111421,5816.62555825201,6500.72272014283,9676.91993416124,10228.6243690752
83564.6653784677,5851.42475838793,6476.3139136552,9691.73095076998,10206.4692977909
83585.8654457933,5887.39312856115,6453.0723861654,9705.30699214536,10183.0494612447
83607.0655131189,5924.51346247999,6431.01287952261,9717.6383949102,10158.3751236201
83628.2655804445,5962.76789346287,6410.14955747477,9728.71612233215,10132.4572423223
83649.4656477702,6002.13789953361,6390.49599462545,9738.53177303476,10105.30746666
83670.6657150957,6042.60430890846,6372.06516555769,9747.07758949081,10076.9381361608
83691.8657824213,6084.14730588018,6354.86943413617,9754.34646628656,10047.3622785148
83713.065849747,6126.74643710439,6338.9205429998,9760.3319581457,10016.5936071372
83734.2659170726,6170.38061829277,6324.22960325667,9765.02828770136,9984.64651834402
83755.4659843981,6215.02814131772,6310.80708439374,9768.43035300471,9951.5360881347
83776.6660517238,6260.66668173228,6298.66280441369,9770.53373475837,9917.27806857334
83797.8661190494,6307.27330670919,6287.80592021171,9771.33470326268,9881.88888376399
83819.066186375,6354.82448340241,6278.24491820496,9770.83022506316,9845.38562541312
83840.2662537006,6403.29624959166,6269.98763954559,9769.01790681888,9807.78590864903
83861.4663210262,6452.66470493875,6263.04138401484,9765.89581524042,9769.10744001141
83882.6663883518,6502.90470581276,6257.41262434116,9761.46297746833,9729.36915431252
83903.8664556774,6553.99047160094,6253.1071127502,9755.71916284977,9688.59070186536
83925.066523003,6605.89567280614,6250.12989013033,9748.66486301958,9646.79236941054
83946.2665903286,6658.59344008848,6248.48527812356,9740.30129737423,9603.99507451343
83967.4666576542,6712.05637549652,6248.17687187737,9730.63041733718,9560.22035821512
83988.6667249798,6766.25656415442,6249.20753315598,9719.65491022102,9515.49037722024
84009.8667923054,6821.16558637159,6251.57938381847,9707.37820269035,9469.8278956431
84031.066859631,6876.75453017276,6255.29379967641,9693.80446381483,9423.25627631044
84052.2669269566,6932.9940042473,6260.35140474392,9678.93860770094,9375.79947161851
84073.4669942822,6989.85415131545,6266.75206589291,9662.78629569207,9327.48201394317
84094.6670616078,7047.30466190944,6274.49488792614,9645.35393812598,9278.32900560135
84115.8671289334,7105.31478856678,6283.57820908055,9626.64869563925,9228.36610836311
84137.067196259,7163.85336043265,6293.99959697318,9606.67848000853,9177.61953251332
84158.2672635846,7222.88879826839,6305.7558450018,9585.45195451842,9126.11602546282
84179.4673309102,7282.38912986221,6318.84296921223,9562.97853384624,9073.88285990866
84200.6673982358,7342.32200583842,6333.25620564394,9539.26838345413,9020.94782154388
84221.8674655614,7402.65471586114,6348.99000816554,9514.33241847921,8967.33919631698
84243.067532887,7463.35420522802,6366.03804681119,9488.18230211269,8913.08575724198
84264.2676002126,7524.38709184933,6384.39320662893,9460.83044345942,8858.21675076002
84285.4676675382,7585.71968360775,6404.04758705153,9432.28999486919,8802.7618826537
84306.6677348638,7647.31799609366,6424.99250180008,9402.57484873203,8746.75130351562
84327.8678021894,7709.14777071078,6447.21847933036,9371.69963372951,8690.21559377298
84349.067869515,7771.17449314666,6470.71526383149,9339.67971053472,8633.18574827019
84370.2679368406,7833.36341220254,6495.47181678607,9306.53116695408,8575.69316041159
84391.4680041662,7895.67955897628,6521.47631910068,9272.27081250412,8517.7696058671
84412.6680714918,7958.08776639301,6548.71617381501,9236.91617241717,8459.44722584336
84433.8681388174,8020.55268907653,6577.17800939771,9200.4854810702,8400.75850992346
84455.068206143,8083.03882355546,6606.84768363634,9162.99767483138,8341.7362784788
84476.2682734686,8145.5105287971,6637.71028812844,9124.47238431957,8282.41366465653
84497.4683407942,8207.93204706217,6669.75015338026,9084.92992607238,8222.82409594695
84518.6684081198,8270.26752507294,6702.95085451907,9044.39129361897,8163.00127533484
84539.8684754454,8332.48103548734,6737.29521762452,9002.87814795424,8102.97916204015
84561.068542771,8394.53661913912,6772.76533101386,8960.41279941795,8042.79193433805
84582.2686100966,8456.39916603826,6809.34274334678,8917.01786430079,7982.47322182447
84603.4686774222,8518.03310059714,6847.00819995106,8872.71676120138,7922.05723114011
84624.6687447478,8579.40242840616,6885.74163732341,8827.53368663683,7861.57872932606
84645.8688120734,8640.47119913461,6925.52228532274,8781.49344423828,7801.07263304022
84667.068879399,8701.20351897322,6966.32867518507,8734.62143671582,7740.57399499864
84688.2689467246,8761.56357361185,7008.1386501124,8686.94365235211,7680.11798235717
84709.4690140502,8821.51565165452,7050.92937653618,8638.48665080137,7619.73985458265
84730.6690813758,8881.02416826816,7094.67735602023,8589.27754828539,7559.47494096685
84751.8691487014,8940.05368904943,7139.35843780156,8539.34400219149,7499.35861779604
84773.0692160271,8998.56895409582,7184.94783196705,8488.71419507679,7439.42628518767
84794.2692833527,9056.53490226663,7231.42012326349,8437.41681808378,7379.71334360676
84815.4693506782,9113.91669561801,7278.74928553709,8385.48105377358,7320.25517007578
84836.6694180039,9170.67974399477,7326.90869679786,8332.93655838436,7261.08709409331
84857.8694853294,9226.7897297603,7375.87115490291,8279.81344352343,7202.2443732782
84879.069552655,9282.21263264502,7425.60889385223,8226.14225730276,7143.76216875701
84900.2696199807,9336.9147546909,7476.09360068838,8171.95396492924,7085.67552031503
84921.4696873062,9390.86274526969,7527.29643299152,8117.2799287619,7028.0193213316
84942.6697546318,9444.0236261494,7579.18803695896,8062.15188784991,6970.82829352313
84963.8698219575,9496.36481658265,7631.73856605799,8006.60193696659,6914.13696151842
84985.0698892831,9547.8541583887,7684.91770023891,7950.66250515597,6857.97962729268
85006.2699566087,9598.45994099904,7738.69466569418,7894.36633380989,6802.39034448836
85027.4700239343,9648.15092643505,7793.03825514824,7837.74645429523,6747.4028926529
85048.6700912599,9696.89637418437,7847.9168486612,7780.83616515204,6693.05075142471
85069.8701585855,9744.66606594088,7903.29843492825,7723.66900888524,6639.36707470092
85091.0702259111,9791.43033017228,7959.15063305534,7666.27874837347,6586.3846648216
85112.2702932367,9837.16006647696,8015.44071479031,7608.69934292049,6534.13594680693
85133.4703605623,9881.82676969134,8072.13562718746,7550.96492397583,6482.65294268514
85154.6704278879,9925.40255370678,8129.20201568196,7493.10977055264,6431.96724595047
