t,Ex,Ey,Ez,n,rx,ry,rz,Omega1,Omega2,Omega3,Omega4
0,0,0,0,1,3854.96821280041,2954.38741719959,4772.64488132145,8002.3105386605,8002.3105386605,8002.3105386605,8002.3105386605
0.200000635147186,0,0,0,1,3854.3007980501,2953.51666017017,4773.72249687109,8002.3105386605,8002.3105386605,8002.3105386605,8002.3105386605
0.400001270294373,4.47601126627872e-05,-0.001093360143712,0.000596308278395455,0.999999223487981,3853.63318906574,2952.64575430092,4774.79987116627,8002.3105386605,8002.3105386605,8002.3105386605,8002.3105386605
0.600001905441559,-0.00126232649964663,-0.00248490406349187,0.00323449186607519,0.999990884881443,3852.96538588127,2951.77469963596,4775.87700415292,8002.3105386605,8002.3105386605,8002.3105386605,8002.3105386605
0.800002540588746,-0.00462054403465246,-0.00372390333080965,0.00829367117066741,0.999947997715541,3852.29738853064,2950.9034962194,4776.95389577695,8002.3105386605,8002.3105386605,8002.3105386605,8002.3105386605
1.00000317573593,-0.010515584060713,-0.00469099619319646,0.0155859102317499,0.999812230595738,3851.6291970478,2950.03214409538,4778.0305459843,8002.3105386605,8002.3105386605,8002.3105386605,8002.3105386605
1.20000381088312,-0.019153491559161,-0.00547931805327525,0.0245729854691877,0.999499519369517,3850.96081146672,2949.16064330803,4779.10695472094,8002.3105386605,8002.3105386605,8002.3105386605,8002.3105386605
1.40000444603031,-0.0299625982053673,-0.00611912811338468,0.0348884336244608,0.998923218360224,3850.29223182138,2948.28899390149,4780.18312193283,8002.3105386605,8002.3105386605,8002.3105386605,8002.3105386605
1.60000508117749,-0.0424738361153745,-0.00663534511460569,0.046230483783808,0.998005354599849,3849.62345814576,2947.41719591992,4781.25904756594,8002.3105386605,8002.3105386605,8002.3105386605,8002.3105386605
1.80000571632468,-0.0563018234481663,-0.00704888061332659,0.0583505485232419,0.996682312196593,3848.95449047387,2946.54524940747,4782.33473156626,8002.3105386605,8002.3105386605,8002.3105386605,8002.3105386605
2.00000635147186,-0.0711292152340097,-0.00737729814411703,0.0710432929560078,0.994906558797485,3848.2853288397,2945.67315440832,4783.41017387982,8002.3105386605,8002.3105386605,8002.3105386605,8002.3105386605
2.20000698661905,-0.0866938082947507,-0.00763502628395287,0.0841383588459334,0.992646274635486,3847.61597327728,2944.80091096663,4784.4853744526,8002.3105386605,8002.3105386605,8002.3105386605,8002.3105386605
2.40000762176624,-0.102778756892951,-0.00783402710813847,0.0974944031474984,0.989883829803135,3846.94642382063,2943.92851912659,4785.56033323066,8002.3105386605,8002.3105386605,8002.3105386605,8002.3105386605
2.60000825691342,-0.1192045286156,-0.00798422887098752,0.110994082492495,0.986613828252228,3846.27668050379,2943.05597893239,4786.63505016003,8002.3105386605,8002.3105386605,8002.3105386605,8002.3105386605
2.80000889206061,-0.136027972124587,-0.0081137531756233,0.124131749384312,0.982864114007561,3845.60674336081,2942.18329042822,4787.70952518676,8002.3105386605,8002.3105386605,8002.3105386605,8002.3105386605
3.0000095272078,-0.1539070677051,-0.00860657515517723,0.135136311952419,0.978762851035129,3844.93661242574,2941.31045365829,4788.78375825693,8002.3105386605,8002.3105386605,8002.3105386605,8002.3105386605
3.20001016235498,-0.172044191952595,-0.00913583974226246,0.145728421758008,0.974207657298742,3844.26628773265,2940.43746866681,4789.85774931661,8002.3105386605,8002.3105386605,8002.3105386605,8002.3105386605
3.40001079750217,-0.189765706323287,-0.00952987018637372,0.156743995276781,0.969190114591831,3843.59576931562,2939.564335498,4790.93149831191,8002.3105386605,8002.3105386605,8002.3105386605,8002.3105386605
3.60001143264936,-0.207055217193507,-0.00981551007479326,0.168035909874953,0.963740486742887,3842.92505720873,2938.69105419608,4792.00500518892,8002.3105386605,8002.3105386605,8002.3105386605,8002.3105386605
3.80001206779654,-0.223899533681808,-0.0100143424267751,0.179483343678784,0.957890620637196,3842.25415144608,2937.8176248053,4793.07826989376,8002.3105386605,8002.3105386605,8002.3105386605,8002.3105386605
4.00001270294373,-0.240288429074819,-0.0101437436784352,0.190987289260331,0.95167348952145,3841.58305206178,2936.9440473699,4794.15129237258,8002.3105386605,8002.3105386605,8002.3105386605,8002.3105386605
4.20001333809092,-0.256214405861449,-0.0102177226826297,0.202466869436973,0.945122713277296,3840.91175908994,2936.07032193412,4795.2240725715,8002.3105386605,8002.3105386605,8002.3105386605,8002.3105386605
4.4000139732381,-0.271672467725134,-0.010247588734968,0.213856302549389,0.938272102891885,3840.2402725647,2935.19644854222,4796.2966104367,8002.3105386605,8002.3105386605,8002.3105386605,8002.3105386605
4.60001460838529,-0.286659899200289,-0.0102424840650857,0.225102396515463,0.931155252787446,3839.56859252017,2934.32242723847,4797.36890591434,8002.3105386605,8002.3105386605,8002.3105386605,8002.3105386605
4.80001524353248,-0.301176053743387,-0.010209808787286,0.23616247426627,0.923805190613541,3838.89671899053,2933.44825806713,4798.4409589506,8002.3105386605,8002.3105386605,8002.3105386605,8002.3105386605
5.00001587867966,-0.315222150888293,-0.0101555604355691,0.247002651819128,0.916254086035046,3838.22465200991,2932.5739410725,4799.51276949169,8002.3105386605,8002.3105386605,8002.3105386605,8002.3105386605
5.20001651382685,-0.328801083007891,-0.0100846055804398,0.257596405231722,0.908533015665815,3837.55239161249,2931.69947629885,4800.5843374838,8002.3105386605,8002.3105386605,8002.3105386605,8002.3105386605
5.40001714897403,-0.341917232045569,-0.010000897376671,0.267923374746764,0.900671779143914,3836.87993783244,2930.82486379049,4801.65566287317,8002.3105386605,8002.3105386605,8002.3105386605,8002.3105386605
5.60001778412122,-0.354576296437608,-0.00990765001446577,0.277968364159802,0.892698760502166,3836.20729070394,2929.95010359171,4802.72674560602,8002.3105386605,8002.3105386605,8002.3105386605,8002.3105386605
5.80001841926841,-0.366785128330354,-0.00980747877732147,0.287720501287445,0.884640828887419,3835.53445026121,2929.07519574682,4803.79758562861,8002.3105386605,8002.3105386605,8002.3105386605,8002.3105386605
6.00001905441559,-0.378551581104839,-0.00970251261997202,0.297172531749481,0.876523272974249,3834.86141653843,2928.20014030015,4804.8681828872,8002.3105386605,8002.3105386605,8002.3105386605,8002.3105386605
6.20001968956278,-0.389884367152514,-0.00959448476855573,0.306320223402337,0.868369763894881,3834.18818956984,2927.32493729601,4805.93853732805,8002.3105386605,8002.3105386605,8002.3105386605,8002.3105386605
6.40002032470997,-0.400792925793288,-0.00948480573324446,0.31516186290886,0.860202342046379,3833.51476938964,2926.44958677875,4807.00864889746,8002.3105386605,8002.3105386605,8002.3105386605,8002.3105386605
6.60002095985715,-0.411287301182966,-0.00937462224690145,0.323697829288439,0.852041423674526,3832.84115603208,2925.57408879269,4808.07851754172,8002.3105386605,8002.3105386605,8002.3105386605,8002.3105386605
6.80002159500434,-0.42137803001287,-0.00926486494881064,0.331930232011197,0.843905823642038,3832.16734953141,2924.6984433822,4809.14814320714,8002.3105386605,8002.3105386605,8002.3105386605,8002.3105386605
7.00002223015153,-0.431076038752351,-0.00915628707589133,0.339862603399601,0.835812791258312,3831.49334992188,2923.82265059162,4810.21752584006,8002.3105386605,8002.3105386605,8002.3105386605,8002.3105386605
7.20002286529871,-0.440392550123037,-0.0090494959700587,0.347499636878119,0.827778056479146,3830.81915723776,2922.94671046531,4811.2866653868,8002.3105386605,8002.3105386605,8002.3105386605,8002.3105386605
7.4000235004459,-0.449338998427441,-0.00894497883530499,0.354846964048415,0.819815884178565,3830.14477151332,2922.07062304765,4812.35556179373,8002.3105386605,8002.3105386605,8002.3105386605,8002.3105386605
7.60002413559309,-0.457926953295579,-0.00884312386845106,0.361910964734242,0.811939134548155,3829.47019278285,2921.19438838302,4813.42421500719,8002.3105386605,8002.3105386605,8002.3105386605,8002.3105386605
7.80002477074027,-0.466168051373265,-0.00874423763797591,0.368698605094858,0.804159327986742,3828.79542108064,2920.3180065158,4814.49262497357,8002.3105386605,8002.3105386605,8002.3105386605,8002.3105386605
8.00002540588746,-0.474073935460479,-0.00864855939258149,0.375217299694312,0.796486713101703,3828.120456441,2919.44147749038,4815.56079163926,8002.3105386605,8002.3105386605,8002.3105386605,8002.3105386605
8.20002604103465,-0.481656200614308,-0.00855627283901607,0.381474794069377,0.788930336655031,3827.44529889824,2918.56480135117,4816.62871495066,8002.3105386605,8002.3105386605,8002.3105386605,8002.3105386605
8.40002667618183,-0.48892634674942,-0.00846751582675139,0.38747906488467,0.781498114460995,3826.76994848669,2917.68797814257,4817.69639485417,8002.3105386605,8002.3105386605,8002.3105386605,8002.3105386605
8.60002731132902,-0.495895737289986,-0.00838238830300054,0.393238235216509,0.774196902388381,3826.09440524069,2916.81100790899,4818.76383129624,8002.3105386605,8002.3105386605,8002.3105386605,8002.3105386605
8.8000279464762,-0.502575563444212,-0.00830095884431643,0.398760502881467,0.767032566748451,3825.41866919458,2915.93389069487,4819.8310242233,8002.3105386605,8002.3105386605,8002.3105386605,8002.3105386605
9.00002858162339,-0.508976813684719,-0.00822327002321839,0.404054080034358,0.760010053465784,3824.74274038271,2915.05662654463,4820.8979735818,8002.3105386605,8002.3105386605,8002.3105386605,8002.3105386605
9.20002921677058,-0.515110248026416,-0.00814934282624248,0.409127142515243,0.753133455535588,3824.06661883946,2914.1792155027,4821.96467931821,8002.3105386605,8002.3105386605,8002.3105386605,8002.3105386605
9.40002985191776,-0.520986376701093,-0.00807918030232109,0.413987787636698,0.746406078368325,3823.39030459919,2913.30165761354,4823.03114137902,8002.3105386605,8002.3105386605,8002.3105386605,8002.3105386605
9.60003048706495,-0.526615442836985,-0.00801277058746402,0.418643999279628,0.739830502710099,3822.71379769629,2912.4239529216,4824.0973597107,8002.3105386605,8002.3105386605,8002.3105386605,8002.3105386605
9.80003112221214,-0.532007408763365,-0.00795008942353392,0.423103619315485,0.733408644904861,3822.03709816515,2911.54610147134,4825.16333425976,8002.3105386605,8002.3105386605,8002.3105386605,8002.3105386605
10.0000317573593,-0.537171945575153,-0.00789110226545089,0.427374324500069,0.727141814332081,3821.36020604019,2910.66810330722,4826.22906497273,8002.3105386605,8002.3105386605,8002.3105386605,8002.3105386605
10.2000323925065,-0.542118425610247,-0.00783576605208517,0.431463608093444,0.721030767911627,3820.68312135581,2909.78995847372,4827.29455179613,8002.3105386605,8002.3105386605,8002.3105386605,8002.3105386605
10.4000330276537,-0.546855917512152,-0.00778403070085585,0.435378765554811,0.715075761616879,3820.00584414643,2908.91166701533,4828.35979467651,8002.3105386605,8002.3105386605,8002.3105386605,8002.3105386605
10.6000336628009,-0.551393183571786,-0.00773584037401515,0.439126883743073,0.709276598978407,3819.3283744465,2908.03322897653,4829.42479356042,8002.3105386605,8002.3105386605,8002.3105386605,8002.3105386605
10.8000342979481,-0.555738679064372,-0.00769113455514641,0.442714833125096,0.703632676594869,3818.65071229046,2907.15464440183,4830.48954839444,8002.3105386605,8002.3105386605,8002.3105386605,8002.3105386605
11.0000349330953,-0.559900553319547,-0.0076498489669928,0.446149262555917,0.698143026695862,3817.97285771276,2906.27591333572,4831.55405912513,8002.3105386605,8002.3105386605,8002.3105386605,8002.3105386605
11.2000355682424,-0.563886652284751,-0.00761191635590944,0.449436596249682,0.692806356824175,3817.29481074786,2905.39703582272,4832.61832569911,8002.3105386605,8002.3105386605,8002.3105386605,8002.3105386605
11.4000362033896,-0.567704522363327,-0.00757726716363215,0.45258303260789,0.687621086722915,3816.61657143024,2904.51801190736,4833.68234806297,8002.3105386605,8002.3105386605,8002.3105386605,8002.3105386605
11.6000368385368,-0.571361415329226,-0.00754583010340079,0.455594544613548,0.682585382526909,3815.93813979439,2903.63884163416,4834.74612616334,8002.3105386605,8002.3105386605,8002.3105386605,8002.3105386605
11.800037473684,-0.57486429413974,-0.00751753265454986,0.458476881536813,0.67769718836829,3815.25951587479,2902.75952504764,4835.80965994685,8002.3105386605,8002.3105386605,8002.3105386605,8002.3105386605
12.0000381088312,-0.578219839486031,-0.007492301487321,0.461235571730218,0.672954255513606,3814.58069970596,2901.88006219237,4836.87294936015,8002.3105386605,8002.3105386605,8002.3105386605,8002.3105386605
12.2000387439784,-0.581434456938441,-0.00747006282773998,0.463875926320302,0.668354169154747,3813.90169132239,2901.00045311288,4837.9359943499,8002.3105386605,8002.3105386605,8002.3105386605,8002.3105386605
12.4000393791256,-0.584514284559554,-0.00745074277083897,0.466403043627704,0.663894372978722,3813.22249075863,2900.12069785374,4838.99879486276,8002.3105386605,8002.3105386605,8002.3105386605,8002.3105386605
12.6000400142727,-0.587465200872749,-0.00743426754922462,0.468821814170103,0.65957219164228,3812.5430980492,2899.24079645951,4840.06135084543,8002.3105386605,8002.3105386605,8002.3105386605,8002.3105386605
12.8000406494199,-0.590292833087606,-0.00742056376293575,0.471136926122016,0.655384851276825,3811.86351322864,2898.36074897477,4841.1236622446,8002.3105386605,8002.3105386605,8002.3105386605,8002.3105386605
13.0000412845671,-0.593002565495921,-0.00740955857565993,0.473352871122783,0.65132949814728,3811.1837363315,2897.48055544408,4842.18572900698,8002.3105386605,8002.3105386605,8002.3105386605,8002.3105386605
13.2000419197143,-0.595599547963443,-0.00740117988165049,0.475473950339317,0.647403215585795,3810.50376739236,2896.60021591205,4843.24755107931,8002.3105386605,8002.3105386605,8002.3105386605,8002.3105386605
13.4000425548615,-0.598088704452692,-0.00739535644707746,0.477504280703592,0.643603039317611,3809.82360644578,2895.71973042326,4844.3091284083,8002.3105386605,8002.3105386605,8002.3105386605,8002.3105386605
13.6000431900087,-0.600474741521469,-0.00739201802903603,0.479447801256664,0.639925971292253,3809.14325352634,2894.83909902232,4845.37046094072,8002.3105386605,8002.3105386605,8002.3105386605,8002.3105386605
13.8000438251559,-0.602762156750008,-0.00739109547500607,0.481308279541319,0.636368992128571,3808.46270866865,2893.95832175383,4846.43154862333,8002.3105386605,8002.3105386605,8002.3105386605,8002.3105386605
14.0000444603031,-0.604955247057149,-0.0073925208051925,0.483089317994568,0.632929072277227,3807.78197190729,2893.07739866242,4847.4923914029,8002.3105386605,8002.3105386605,8002.3105386605,8002.3105386605
14.2000450954502,-0.607058116872558,-0.00739622727986645,0.484794360299086,0.629603181999081,3807.10104327689,2892.19632979272,4848.55298922622,8002.3105386605,8002.3105386605,8002.3105386605,8002.3105386605
14.4000457305974,-0.60907468613789,-0.00740214945356277,0.486426697659663,0.626388300252657,3806.41992281206,2891.31511518934,4849.6133420401,8002.3105386605,8002.3105386605,8002.3105386605,8002.3105386605
14.6000463657446,-0.611008698114999,-0.00741022321776174,0.487989474976755,0.623281422578588,3805.73861054744,2890.43375489693,4850.67344979134,8002.3105386605,8002.3105386605,8002.3105386605,8002.3105386605
14.8000470008918,-0.61286372698387,-0.00742038583348711,0.489485696894469,0.620279568063674,3805.05710651767,2889.55224896015,4851.73331242678,8002.3105386605,8002.3105386605,8002.3105386605,8002.3105386605
15.000047636039,-0.614643185216957,-0.00743257595508228,0.49091823370487,0.617379785462009,3804.37541075739,2888.67059742363,4852.79292989325,8002.3105386605,8002.3105386605,8002.3105386605,8002.3105386605
15.2000482711862,-0.61635033072007,-0.00744673364627844,0.492289827094431,0.614579158545583,3803.69352330128,2887.78880033205,4853.85230213762,8002.3105386605,8002.3105386605,8002.3105386605,8002.3105386605
15.4000489063334,-0.617988273733026,-0.0074628003895394,0.493603095721834,0.611874810751874,3803.01144418401,2886.90685773008,4854.91142910673,8002.3105386605,8002.3105386605,8002.3105386605,8002.3105386605
15.6000495414805,-0.619559983485837,-0.007480719089554,0.494860540619222,0.609263909191234,3802.32917344024,2886.02476966238,4855.97031074749,8002.3105386605,8002.3105386605,8002.3105386605,8002.3105386605
15.8000501766277,-0.62106829460846,-0.00750043407164764,0.496064550411522,0.606743668072351,3801.64671110469,2885.14253617366,4857.02894700677,8002.3105386605,8002.3105386605,8002.3105386605,8002.3105386605
16.0000508117749,-0.62251591329404,-0.007521891075796,0.497217406350529,0.604311351599806,3800.96405721204,2884.26015730858,4858.08733783148,8002.3105386605,8002.3105386605,8002.3105386605,8002.3105386605
16.2000514469221,-0.623905423217169,-0.00754503724684655,0.498321287162261,0.601964276393621,3800.28121179701,2883.37763311187,4859.14548316854,8002.3105386605,8002.3105386605,8002.3105386605,8002.3105386605
16.4000520820693,-0.625239291210021,-0.00756982112148407,0.499378273707581,0.599699813476889,3799.59817489431,2882.49496362821,4860.20338296488,8002.3105386605,8002.3105386605,8002.3105386605,8002.3105386605
16.6000527172165,-0.626519872700345,-0.00759619261241553,0.500390353457345,0.597515389873911,3798.91494653869,2881.61214890233,4861.26103716745,8002.3105386605,8002.3105386605,8002.3105386605,8002.3105386605
16.8000533523637,-0.627749416916207,-0.00762410299019499,0.501359424784363,0.595408489857887,3798.23152676487,2880.72918897895,4862.3184457232,8002.3105386605,8002.3105386605,8002.3105386605,8002.3105386605
17.0000539875108,-0.628930071863073,-0.00765350486306076,0.502287301075321,0.593376655884009,3797.54791560762,2879.84608390279,4863.37560857911,8002.3105386605,8002.3105386605,8002.3105386605,8002.3105386605
17.200054622658,-0.630063889079456,-0.00768435215511421,0.503175714666481,0.591417489240809,3796.86411310168,2878.9628337186,4864.43252568215,8002.3105386605,8002.3105386605,8002.3105386605,8002.3105386605
17.4000552578052,-0.631152828177719,-0.00771660008313073,0.50402632060754,0.589528650449874,3796.18011928184,2878.07943847111,4865.48919697932,8002.3105386605,8002.3105386605,8002.3105386605,8002.3105386605
17.6000558929524,-0.632198761177012,-0.00775020513225958,0.504840700258437,0.587707859441432,3795.49593418286,2877.19589820507,4866.54562241764,8002.3105386605,8002.3105386605,8002.3105386605,8002.3105386605
17.8000565280996,-0.633203476635523,-0.00778512503083856,0.505620364724215,0.58595289553094,3794.81155783954,2876.31221296525,4867.60180194411,8002.3105386605,8002.3105386605,8002.3105386605,8002.3105386605
18.0000571632468,-0.634168683589335,-0.00782131872452216,0.50636675813329,0.584261597219568,3794.12699028668,2875.42838279641,4868.65773550579,8002.3105386605,8002.3105386605,8002.3105386605,8002.3105386605
18.200057798394,-0.635096015305304,-0.007858746349898,0.507081260764613,0.58263186183945,3793.44223155908,2874.54440774332,4869.71342304971,8002.3105386605,8002.3105386605,8002.3105386605,8002.3105386605
18.4000584335412,-0.635987032855322,-0.00789736920774422,0.507765192029309,0.581061645062656,3792.75728169158,2873.66028785077,4870.76886452293,8002.3105386605,8002.3105386605,8002.3105386605,8002.3105386605
18.6000590686883,-0.636843228519322,-0.00793714973606177,0.508419813312423,0.579548960291117,3792.07214071898,2872.77602316353,4871.82405987254,8002.3105386605,8002.3105386605,8002.3105386605,8002.3105386605
18.8000597038355,-0.637666029024271,-0.007978051482998,0.509046330680364,0.578091877943126,3791.38680867614,2871.89161372641,4872.87900904562,8002.3105386605,8002.3105386605,8002.3105386605,8002.3105386605
19.0000603389827,-0.638456798626279,-0.00802003907976298,0.509645897459616,0.576688524650547,3790.70128559791,2871.00705958421,4873.93371198926,8002.3105386605,8002.3105386605,8002.3105386605,8002.3105386605
19.2000609741299,-0.639216842042805,-0.00806307821362651,0.510219616692202,0.575337082379545,3790.01557151913,2870.12236078174,4874.98816865059,8002.3105386605,8002.3105386605,8002.3105386605,8002.3105386605
19.4000616092771,-0.639947407241755,-0.00810713560107136,0.510768543473269,0.57403578748637,3789.32966647468,2869.23751736381,4876.04237897672,8002.3105386605,8002.3105386605,8002.3105386605,8002.3105386605
19.6000622444243,-0.640649688094084,-0.00815217896116819,0.511293687176053,0.572782929718627,3788.64357049944,2868.35252937525,4877.0963429148,8002.3105386605,8002.3105386605,8002.3105386605,8002.3105386605
19.8000628795715,-0.641324826896299,-0.0081981769892277,0.51179601356934,0.571576851171404,3787.95728362829,2867.46739686089,4878.15006041198,8002.3105386605,8002.3105386605,8002.3105386605,8002.3105386605
20.0000635147186,-0.641973916769054,-0.00824509933077748,0.512276446832373,0.570415945206675,3787.27080589613,2866.58211986558,4879.20353141542,8002.3105386605,8002.3105386605,8002.3105386605,8002.3105386605
20.2000641498658,-0.64259800393779,-0.00829291655590343,0.512735871472023,0.569298655343563,3786.58413733787,2865.69669843415,4880.2567558723,8002.3105386605,8002.3105386605,8002.3105386605,8002.3105386605
20.400064785013,-0.643198089901172,-0.00834160013398941,0.513175134146851,0.568223474126201,3785.89727798843,2864.81113261146,4881.30973372982,8002.3105386605,8002.3105386605,8002.3105386605,8002.3105386605
20.6000654201602,-0.643775133492809,-0.00839112240888267,0.51359504540251,0.567188941975272,3785.21022788273,2863.92542244238,4882.36246493517,8002.3105386605,8002.3105386605,8002.3105386605,8002.3105386605
20.8000660553074,-0.644330052841561,-0.00844145657450782,0.513996381322811,0.566193646028589,3784.52298705571,2863.03956797177,4883.41494943558,8002.3105386605,8002.3105386605,8002.3105386605,8002.3105386605
21.0000666904546,-0.64486372723547,-0.00849257665094759,0.514379885100531,0.565236218975544,3783.83555554232,2862.15356924451,4884.46718717827,8002.3105386605,8002.3105386605,8002.3105386605,8002.3105386605
21.2000673256018,-0.645376998894158,-0.0085444574610047,0.514746268531941,0.56431533788965,3783.14793337751,2861.26742630548,4885.51917811048,8002.3105386605,8002.3105386605,8002.3105386605,8002.3105386605
21.400067960749,-0.645870674654302,-0.00859707460725573,0.515096213438801,0.563429723062959,3782.46012059625,2860.38113919957,4886.57092217949,8002.3105386605,8002.3105386605,8002.3105386605,8002.3105386605
21.6000685958961,-0.646345527572586,-0.00865040444960502,0.515430373021453,0.562578136845664,3781.77211723351,2859.49470797168,4887.62241933254,8002.3105386605,8002.3105386605,8002.3105386605,8002.3105386605
21.8000692310433,-0.646802298450326,-0.00870442408334378,0.515749373146433,0.561759382493799,3781.08392332428,2858.60813266672,4888.67366951693,8002.3105386605,8002.3105386605,8002.3105386605,8002.3105386605
22.0000698661905,-0.647241697283756,-0.0087591113177177,0.516053813571899,0.560972303027579,3780.39553890356,2857.7214133296,4889.72467267995,8002.3105386605,8002.3105386605,8002.3105386605,8002.3105386605
22.2000705013377,-0.647664404643787,-0.00881444465500393,0.516344269114,0.560215780102597,3779.70696400635,2856.83455000523,4890.77542876892,8002.3105386605,8002.3105386605,8002.3105386605,8002.3105386605
22.4000711364849,-0.648071072988825,-0.00887040327009699,0.516621290757154,0.559488732895803,3779.01819866766,2855.94754273855,4891.82593773114,8002.3105386605,8002.3105386605,8002.3105386605,8002.3105386605
22.6000717716321,-0.6484623279141,-0.00892696699060136,0.516885406711083,0.558790117007892,3778.32924292253,2855.0603915745,4892.87619951396,8002.3105386605,8002.3105386605,8002.3105386605,8002.3105386605
22.8000724067793,-0.648838769340754,-0.00898411627742748,0.517137123417289,0.558118923383522,3777.64009680598,2854.173096558,4893.92621406472,8002.3105386605,8002.3105386605,8002.3105386605,8002.3105386605
23.0000730419264,-0.649200972647782,-0.00904183220588664,0.517376926507523,0.557474177250537,3776.95076035306,2853.28565773402,4894.97598133078,8002.3105386605,8002.3105386605,8002.3105386605,8002.3105386605
23.2000736770736,-0.649549489749747,-0.00910009644727926,0.517605281716695,0.556854937079194,3776.26123359882,2852.39807514751,4896.02550125953,8002.3105386605,8002.3105386605,8002.3105386605,8002.3105386605
23.4000743122208,-0.64988485012307,-0.00915889125097049,0.517822635752516,0.556260293562182,3775.57151657833,2851.51034884344,4897.07477379834,8002.3105386605,8002.3105386605,8002.3105386605,8002.3105386605
23.600074947368,-0.650207561783506,-0.009218199426946,0.518029417124061,0.555689368616117,3774.88160932666,2850.62247886677,4898.12379889461,8002.3105386605,8002.3105386605,8002.3105386605,8002.3105386605
23.8000755825152,-0.650518112217326,-0.00927800432884065,0.518226036931348,0.555141314404999,3774.1915118789,2849.73446526248,4899.17257649576,8002.3105386605,8002.3105386605,8002.3105386605,8002.3105386605
24.0000762176624,-0.650816969268552,-0.00933828983743188,0.518412889617876,0.554615312386029,3773.50122427014,2848.84630807556,4900.22110654922,8002.3105386605,8002.3105386605,8002.3105386605,8002.3105386605
24.2000768528096,-0.651104581984503,-0.00939904034458954,0.518590353688003,0.554110572378057,3772.81074653548,2847.95800735101,4901.26938900242,8002.3105386605,8002.3105386605,8002.3105386605,8002.3105386605
24.4000774879567,-0.651381381421756,-0.00946024073767348,0.518758792390939,0.553626331652826,3772.12007871003,2847.06956313382,4902.31742380281,8002.3105386605,8002.3105386605,8002.3105386605,8002.3105386605
24.6000781231039,-0.651647781414545,-0.00952187638436975,0.518918554373018,0.553161854049101,3771.42922082891,2846.180975469,4903.36521089787,8002.3105386605,8002.3105386605,8002.3105386605,8002.3105386605
24.8000787582511,-0.651904179307502,-0.00958393311795637,0.519069974299842,0.552716429109688,3770.73817292727,2845.29224440158,4904.41275023506,8002.3105386605,8002.3105386605,8002.3105386605,8002.3105386605
25.0000793933983,-0.652150956654523,-0.00964639722298935,0.519213373449807,0.55228937124127,3770.04693504024,2844.40336997656,4905.46004176189,8002.3105386605,8002.3105386605,8002.3105386605,8002.3105386605
25.2000800285455,-0.65238847988549,-0.00970925542139936,0.519349060280438,0.55188001889694,3769.35550720297,2843.51435223898,4906.50708542585,8002.31053866035,8002.31053865878,8002.31053866139,8002.31053866164
25.4000806636927,-0.652617100942438,-0.00977249485898975,0.519477330968872,0.551487733781248,3768.66388945062,2842.62519123387,4907.55388117446,8002.30966129263,8002.30004864768,8002.31596124605,8002.31751698224
25.6000812988399,-0.652837157886604,-0.00983610309234531,0.519598469927511,0.551111900077912,3767.97208181837,2841.73588700629,4908.60042895526,8002.30637768144,8002.25977935606,8002.33676042086,8002.34432614813
25.8000819339871,-0.653048975477954,-0.00990006807611749,0.519712750296426,0.550751923699417,3767.28008434139,2840.84643960129,4909.64672871578,8002.29947216808,8002.17285464609,8002.38161768278,8002.40223446886
26.0000825691342,-0.653252865728617,-0.00996437815065948,0.519820434413889,0.55040723155785,3766.58789705488,2839.95684906391,4910.69278040359,8002.28801213522,8002.02468131109,8002.4580106513,8002.50100103922
26.2000832042814,-0.653449128431414,-0.010029022030026,0.519921774265769,0.550077270857179,3765.89551999404,2839.06711543923,4911.73858396625,8002.27131914113,8001.80281846533,8002.57228240603,8002.64895284796
26.4000838394286,-0.653638051664693,-0.0100939887903285,0.520017011914803,0.549761508406585,3765.20295319408,2838.17723877233,4912.78413935136,8002.24894148013,8001.49684726477,8002.72971104714,8002.8530634117
26.6000844745758,-0.653819912274632,-0.0101592678584357,0.520106379910755,0.54945942995448,3764.51019669021,2837.28721910828,4913.82944650649,8002.22062825215,8001.09824161746,8002.93457904224,8003.1190323884
26.800085109723,-0.653994976336123,-0.0102248490010119,0.520190101682364,0.549170539542783,3763.81725051767,2836.39705649217,4914.87450537927,8002.18630499377,8000.60024046756,8003.19024196904,8003.45136566183
27.0000857448702,-0.654163499593274,-0.0102907223138817,0.520268391911981,0.54889435888107,3763.1241147117,2835.5067509691,4915.91931591732,8002.14605089701,7999.99772216684,8003.49919630619,8003.85345542571
27.2000863800174,-0.654325727880514,-0.0103568782117141,0.520341456893722,0.548630426740135,3762.43078930755,2834.61630258416,4916.96387806827,8002.10007761899,7999.28708138319,8003.86314596686,8004.32765983374
27.4000870151645,-0.654481897525238,-0.0104233074180162,0.520409494875933,0.548378298364559,3761.73727434047,2833.72571138248,4918.00819177977,8002.04870966629,7998.46610893597,8004.28306730841,8004.87538181883
27.6000876503117,-0.654632235732888,-0.0104900009554282,0.520472696388708,0.548137544903816,3761.04356984573,2832.83497740916,4919.05225699948,8001.99236632146,7997.53387489345,8004.75927238856,8005.49714672114
27.8000882854589,-0.654776960955288,-0.010556950136311,0.520531244557179,0.547907752861493,3760.34967585862,2831.94410070934,4920.09607367508,8001.93154506579,7996.49061521766,8005.29147027294,8006.19267840053
28.0000889206061,-0.654916283243054,-0.010624146553619,0.520585315401243,0.54768852356216,3759.65559241441,2831.05308132813,4921.13964175426,8001.86680644197,7995.33762219645,8005.87882623041,8006.96097354326
28.2000895557533,-0.655050404582813,-0.0106915820720489,0.520635078122377,0.547479472635456,3758.96131954842,2830.16191931069,4922.18296118472,8001.79876029208,7994.07713886111,8006.5200186821,8007.80037390647
28.4000901909005,-0.655179519219957,-0.0107592488194574,0.52068069537813,0.547280229516922,3758.26685729594,2829.27061470216,4923.22603191416,8001.72805330069,7992.71225755061,8007.21329379692,8008.70863627596
28.6000908260477,-0.65530381396761,-0.010827139178541,0.520722323544883,0.547090436965161,3757.57220569229,2828.37916754769,4924.26885389033,8001.65535776868,7991.24682274914,8007.95651765055,8009.68299994344
28.8000914611949,-0.655423468502445,-0.0108952457787679,0.520760112969408,0.546909750594863,3756.8773647728,2827.48757789244,4925.31142706096,8001.58136154144,7989.68533829337,8008.74722588728,8010.72025153875
29.000092096342,-0.655538655647966,-0.0109635614885579,0.520794208209754,0.546737838425255,3756.18233457281,2826.59584578158,4926.3537513738,8001.50675901425,7988.03287901781,8009.58267084399,8011.81678707992
29.2000927314892,-0.655649541645832,-0.0110320794077013,0.52082474826595,0.546574380443562,3755.48711512767,2825.70397126029,4927.39582677662,8001.43224313837,7986.2950068816,8010.45986611351,8012.9686711303
29.4000933666364,-0.655756286415775,-0.0111007928600102,0.520851866800978,0.546419068183027,3754.79170647272,2824.81195437375,4928.43765321721,8001.35849835256,7984.47769159776,8011.37562854055,8014.17169297632
29.6000940017836,-0.655859043804631,-0.0111696953861958,0.520875692352482,0.546271604315086,3754.09610864333,2823.91979516714,4929.47923064335,8001.28619436753,7982.58723576509,8012.32661765791,8015.42141976215
29.8000946369308,-0.655957961824982,-0.0112387807369659,0.520896348535612,0.546131702255261,3753.40032167489,2823.02749368568,4930.52055900285,8001.21598073369,7980.63020448489,8013.30937258296,8016.71324653915
30.000095272078,-0.656053182883872,-0.011308042866334,0.520913954237418,0.545999085782395,3752.70434560277,2822.13504997454,4931.56163824353,8001.14848212598,7978.6133594278,8014.32034640575,8018.04244320737
30.2000959072252,-0.656144844002062,-0.0113774759251366,0.520928623803166,0.545873488670793,3752.00818046238,2821.24246407897,4932.60246831323,8001.08429428365,7976.54359730122,8015.35593810976,8019.40419834479
30.4000965423723,-0.656233077024225,-0.0114470742547507,0.520940467214936,0.545754654334901,3751.31182628911,2820.34973604416,4933.64304915978,8001.02398054694,7974.42789265413,8016.41252207474,8020.7936599365
30.6000971775195,-0.656318008820509,-0.0115168323810062,0.520949590262855,0.545642335486126,3750.61528311837,2819.45686591534,4934.68338073106,8000.96806893663,7972.2732449439,8017.4864752183,8022.20597303115
30.8000978126667,-0.656399761479825,-0.0115867450082876,0.520956094709287,0.545536293801421,3749.91855098561,2818.56385373776,4935.72346297493,8000.91704972692,7970.0866297787,8018.57420183948,8023.63631436612
31.0000984478139,-0.656478452495259,-0.0116568070138189,0.52096007844628,0.545436299603279,3749.22162992624,2817.67069955664,4936.76329583927,8000.87137346624,7967.87495423936,8019.67215623235,8025.07992401483
31.2000990829611,-0.656554194941923,-0.0117270134421274,0.520961635646589,0.545342131550756,3748.52451997571,2816.77740341724,4937.80287927199,8000.83144940457,7965.64501617513,8020.77686314256,8026.53213412099
31.4000997181083,-0.656627097647595,-0.0117973594996789,0.520960856908535,0.545253576341188,3747.82722116947,2815.88396536481,4938.842213221,8000.79764428987,7963.40346736053,8021.88493614313,8027.98839479438
31.6001003532555,-0.656697265356459,-0.0118678405496819,0.520957829394981,0.545170428422256,3747.12973354299,2814.99038544462,4939.88129763422,8000.7702815,7961.15678039272,8022.99309400878,8029.44429725121
31.8001009884026,-0.65676479888624,-0.0119384521070532,0.520952636966674,0.54509248971406,3746.43205713175,2814.09666370192,4940.92013245959,8000.74964047978,7958.911219203,8024.09817517049,8030.89559428991
32.0001016235498,-0.656829795279027,-0.0120091898335419,0.520945360310203,0.545019569340887,3745.73419197121,2813.20280018201,4941.95871764506,8000.73595645629,7956.67281305044,8025.1971503335,8032.33821819922
32.200102258697,-0.656892347946047,-0.0120800495330053,0.520936077060797,0.544951483372344,3745.03613809688,2812.30879493016,4942.9970531386,8000.72942040846,7954.44733386074,8026.28713334335,8033.76829620111
32.4001028938442,-0.656952546806654,-0.0121510271468341,0.520924861920188,0.544888054573562,3744.33789554425,2811.41464799166,4944.03513888819,8000.73017926946,7952.24027676964,8027.36539038514,8035.18216353535
32.6001035289914,-0.657010478421786,-0.0122221187495202,0.520911786769756,0.544829112164161,3743.63946434883,2810.52035941182,4945.07297484181,8000.73833634321,7950.0568437268,8028.42934760154,8036.57637429609
32.8001041641386,-0.657066226122111,-0.0122933205443648,0.520896920779143,0.54477449158569,3742.94084454616,2809.62592923593,4946.11056094748,8000.75395191812,7947.90193001313,8029.47659721496,8037.9477101334
33.0001047992858,-0.657119870131096,-0.0123646288593208,0.520880330510538,0.544724034277262,3742.24203617175,2808.73135750931,4947.14789715319,8000.77704406334,7945.78011352294,8030.50490223896,8039.29318693477
33.200105434433,-0.657171487683215,-0.0124360401429666,0.520862080018814,0.544677587459101,3741.54303926115,2807.83664427728,4948.184983407,8000.80758959427,7943.69564666052,8031.51219986314,8040.61005960245
33.4001060695801,-0.657221153137494,-0.0125075509606066,0.520842230947693,0.544635003923747,3740.84385384991,2806.94178958517,4949.22181965694,8000.84552519561,7941.6524507,8032.49660359468,8041.89582504343
33.6001067047273,-0.657268938086589,-0.0125791579904953,0.520820842622095,0.544596141834652,3740.14447997358,2806.04679347831,4950.25840585107,8000.89074869138,7939.6541124573,8033.45640423871,8043.14822348818
33.8001073398745,-0.657314911461585,-0.0126508580201799,0.520797972136851,0.544560864531914,3739.44491766774,2805.15165600203,4951.29474193746,8000.94312045227,7937.70388312288,8034.39006979797,8044.3652382543
34.0001079750217,-0.657359139632698,-0.0127226479429598,0.520773674441904,0.544529040344917,3738.74516696797,2804.2563772017,4952.33082786419,8001.00246493158,7935.80467910523,8035.29624437073,8045.54509406935
34.2001086101689,-0.657401686506035,-0.0127945247544568,0.520748002424169,0.544500542411636,3738.04522790985,2803.36095712266,4953.36666357936,8001.0685723216,7933.95908473615,8036.1737461241,8046.68625406608
34.4001092453161,-0.657442613616592,-0.0128664855492956,0.520721006986178,0.544475248504369,3737.34510052898,2802.46539581028,4954.40224903108,8001.14120032253,7932.16935669069,8037.02156441791,8047.78741556103
34.6001098804633,-0.657481980217632,-0.0129385275178888,0.520692737121636,0.544453040861697,3736.64478486098,2801.56969330993,4955.43758416747,8001.2200760168,7930.43742997705,8037.83885615238,8048.84750472519
34.8001105156104,-0.657519843366596,-0.0130106479433239,0.520663239988032,0.544433806026432,3735.94428094145,2800.67384966698,4956.47266893667,8001.30488875708,7928.76491886817,8038.62495262414,8049.86567674236
35.0001111507576,-0.657556258007686,-0.0130828441983505,0.52063256097641,0.544417434689371,3735.24358880602,2799.77786492682,4957.50750328683,8001.3953159589,7927.1531425733,8039.37932525033,8050.84129158778
35.2001117859048,-0.657591277051262,-0.0131551137424619,0.520600743778423,0.544403821538631,3734.54270849034,2798.88173913485,4958.5420871661,8001.49100816,7925.60312285387,8040.1016010795,8051.77391827973
35.400112421052,-0.657624949085953,-0.0132274533785168,0.520567826175921,0.544392872076126,3733.84164003004,2797.98547233645,4959.57642052268,8001.59146161558,7924.11490665435,8040.7919422103,8052.66384895183
35.6001130561992,-0.657657323601482,-0.013299860863727,0.520533849417246,0.544384487311317,3733.14038346079,2797.08906457703,4960.61050330474,8001.69653165817,7922.68613794549,8041.45155129101,8053.51268883
35.8001136913464,-0.657688448205615,-0.0133723340124111,0.520498853113428,0.544378572031961,3732.43893881825,2796.19251590202,4961.64433546049,8001.80607465727,7921.31456142957,8042.08158147434,8054.32197777542
36.0001143264936,-0.657718368703148,-0.0134448706968894,0.520462875315472,0.544375034641344,3731.7373061381,2795.29582635682,4962.67791693815,8001.91994864935,7919.99801652536,8042.68313911535,8055.0931937478
36.2001149616408,-0.65774712917048,-0.0135174688479006,0.520425952586176,0.5443737870055,3731.03548545602,2794.39899598687,4963.71124768594,8002.03801383755,7918.73443195206,8043.25728622602,8055.82775596671
36.4001155967879,-0.657774772026167,-0.0135901264546288,0.520388120067094,0.544374744309384,3730.3334768077,2793.50202483759,4964.74432765211,8002.16013298303,7917.52182082841,8043.805042719,8056.52702781073
36.6001162319351,-0.657801338097814,-0.013662841564414,0.520349411541184,0.544377824921125,3729.63128022885,2792.60491295444,4965.7771567849,8002.28617170657,7916.35827621648,8044.32738846793,8057.19231948803
36.8001168670823,-0.657826866685604,-0.0137356122822095,0.520309859491581,0.544382950263585,3728.92889575518,2791.70766038286,4966.8097350326,8002.41599871593,7915.24196705058,8044.82526520776,8057.82489050683
37.0001175022295,-0.657851395622722,-0.0138084367698339,0.520269495156892,0.544390044692593,3728.22632342242,2790.81026716831,4967.84206234348,8002.54948597177,7914.17113440092,8045.29957829468,8058.4259519698
37.2001181373767,-0.657874961332919,-0.0138813132450634,0.520228348583349,0.544399035381258,3727.5235632663,2789.91273335624,4968.87413866583,8002.68650880306,7913.14408802956,8045.75119834234,8058.99666871289
37.4001187725239,-0.657897598885414,-0.0139542399805979,0.520186448674106,0.544409852209888,3726.82061532257,2789.01505899213,4969.90596394797,8002.82694598098,7912.1592032025,8046.18096274862,8059.538161306
37.6001194076711,-0.657919342047312,-0.0140272153029304,0.520143823235932,0.544422427661082,3726.11747962697,2788.11724412146,4970.93753813823,8002.97067975879,7911.2149177274,8046.5896771251,8060.05150793042
37.8001200428182,-0.657940223333709,-0.0141002375911446,0.52010049902352,0.544436696719599,3725.41415621527,2787.2192887897,4971.96886118492,8003.11759588404,7910.30972919088,8046.97811663944,8060.53774614562
38.0001206779654,-0.657960274055624,-0.0141733052756597,0.520056501781602,0.544452596776702,3724.71064512323,2786.32119304236,4972.9999330364,8003.26758358827,7909.44219237329,8047.3470272796,8060.99787455645
38.2001213131126,-0.657979524365885,-0.0142464168369395,0.520011856285037,0.54447006753865,3724.00694638665,2785.42295692493,4974.03075364104,8003.42053555864,7908.61091682195,8047.69712704758,8061.43285438995
38.4001219482598,-0.65799800330309,-0.0143195708041802,0.519966586377017,0.5444890509391,3723.30306004131,2784.52458048292,4975.0613229472,8003.57634789508,7907.8145645667,8048.02910708907,8061.84361099005
38.600122583407,-0.658015738833752,-0.0143927657539857,0.519920715005531,0.54450949105517,3722.59898612302,2783.62606376184,4976.09164090328,8003.73492005598,7907.05184796393,8048.34363276474,8062.23103523705
38.8001232185542,-0.658032757892718,-0.0144660003090419,0.519874264258184,0.544531334026954,3721.89472466757,2782.7274068072,4977.12170745767,8003.89615479497,7906.32152765689,8048.64134466814,8062.59598489802
39.0001238537014,-0.658049086421955,-0.0145392731367963,0.519827255395501,0.544554527980316,3721.1902757108,2781.82860966454,4978.1515225588,8004.05995809079,7905.62241064221,8048.92285959439,8062.93928591348
39.2001244888485,-0.658064749407787,-0.0146125829481483,0.519779708882783,0.544579022952757,3720.48563928853,2780.92967237939,4979.18108615509,8004.22623907202,7904.9533484334,8049.18877146344,8063.26173362492
39.4001251239957,-0.658079770916654,-0.0146859284961566,0.519731644420618,0.544604770822228,3719.7808154366,2780.0305949973,4980.21039819497,8004.39490993812,7904.31323531368,8049.43965220124,8063.56409394751
39.6001257591429,-0.658094174129459,-0.0147593085747651,0.519683080974108,0.544631725238733,3719.07580419086,2779.1313775638,4981.23945862692,8004.56588587789,7903.70100667114,8049.67605258162,8063.84710449136
39.8001263942901,-0.658107981374585,-0.014832722017553,0.519634036800898,0.544659841558584,3718.37060558717,2778.23202012446,4982.26826739938,8004.73908498625,7903.11563741042,8049.8985030315,8064.11147563479
40.0001270294373,-0.658121214159616,-0.0149061676965092,0.519584529478048,0.544689076781195,3717.66521966139,2777.33252272484,4983.29682446086,8004.91442818035,7902.55614043548,8050.10751440178,8064.35789155245
40.2001276645845,-0.658133893201848,-0.0149796445208338,0.519534575927833,0.54471938948829,3716.95964644941,2776.43288541051,4984.32512975983,8005.0918391154,7902.0215651987,8050.30357870587,8064.58701120087
40.4001282997317,-0.658146038457614,-0.0150531514357672,0.519484192442494,0.544750739785428,3716.25388598711,2775.53310822705,4985.3531832448,8005.27124410082,7901.51099631234,8050.48716982772,8064.79946926379
40.6001289348789,-0.658157669150499,-0.0151266874214491,0.519433394708019,0.544783089245748,3715.54793831038,2774.63319122003,4986.38098486431,8005.45257201726,7901.02355221841,8050.65874420116,8064.99587705953
40.800129570026,-0.658168803798474,-0.0152002514918062,0.519382197826977,0.544816400855821,3714.84180345514,2773.73313443505,4987.40853456687,8005.63575423459,7900.55838391373,8050.8187414618,8065.17682341217
41.0001302051732,-0.658179460240004,-0.01527384269347,0.519330616340464,0.544850638963548,3714.13548145729,2772.83293791772,4988.43583230105,8005.82072453131,7900.11467372692,8050.96758507321,8065.34287548848
41.2001308403204,-0.658189655659163,-0.0153474601047244,0.519278664249184,0.544885769228,3713.42897235277,2771.93260171362,4989.4628780154,8006.00741901549,7899.69163414491,8051.10568292834,8065.49457960216
41.4001314754676,-0.658199406609807,-0.0154211028344831,0.519226355033724,0.544921758571135,3712.72227617751,2771.03212586839,4990.48967165849,8006.19577604744,7899.28850668603,8051.2334279276,8065.63246198692
41.6001321106148,-0.658208729038836,-0.0154947700212971,0.519173701674039,0.544958575131306,3712.01539296745,2770.13151042763,4991.51621317892,8006.38573616418,7898.90456081768,8051.3511985345,8065.75702953992
41.800132745762,-0.658217638308578,-0.0155684608323904,0.519120716668187,0.544996188218501,3711.30832275855,2769.23075543697,4992.54250252528,8006.57724200585,7898.53909291629,8051.45935931003,8065.8687705367
42.0001333809092,-0.658226149218344,-0.0156421744627254,0.519067412050352,0.545034568271242,3710.60106558677,2768.32986094205,4993.56853964618,8006.77023824412,7898.19142526763,8051.55826142655,8065.96815531898
42.2001340160563,-0.658234276025164,-0.0157159101340963,0.519013799408174,0.545073686815074,3709.89362148809,2767.4288269885,4994.59432449026,8006.96467151247,7897.86090510567,8051.64824316225,8066.05563695643
42.4001346512035,-0.658242032463761,-0.0157896670942502,0.518959889899423,0.545113516422597,3709.18599049848,2766.52765362198,4995.61985700616,8007.16049033872,7897.54690368822,8051.72963037681,8066.13165188355
42.6001352863507,-0.658249431765774,-0.0158634446160358,0.518905694268032,0.545154030674965,3708.47817265394,2765.62634088814,4996.64513714253,8007.35764507933,7897.24881540783,8051.80273696919,8066.19662051252
42.8001359214979,-0.658256486678266,-0.0159372419965779,0.518851222859532,0.545195204124813,3707.77016799048,2764.72488883264,4997.67016484804,8007.5560878559,7896.96605693634,8051.86786531831,8066.25094782323
43.0001365566451,-0.658263209481541,-0.0160110585564782,0.518796485635898,0.545237012260542,3707.0619765441,2763.82329750115,4998.69494007137,8007.75577249359,7896.6980664018,8051.92530670707,8066.29502393123
43.2001371917923,-0.65826961200631,-0.0160848936390421,0.518741492189833,0.545279431471928,3706.35359835082,2762.92156693935,4999.71946276121,8007.95665446149,7896.44430259636,8051.97534173072,8066.32922463454
43.4001378269395,-0.658275705650205,-0.0161587466095284,0.518686251758516,0.545322439016987,3705.64503344668,2762.01969719292,5000.74373286627,8008.15869081499,7896.20424421383,8052.01824068992,8066.3539119401
43.6001384620867,-0.658281501393693,-0.0162326168544247,0.518630773236833,0.545366012990072,3704.93628186772,2761.11768830754,5001.76775033527,8008.36184013996,7895.97738911582,8052.05426396919,8066.36943457078
43.8001390972338,-0.658287009815394,-0.0163065037807448,0.518575065190111,0.54541013229113,3704.22734364998,2760.21554032892,5002.79151511695,8008.56606249881,7895.76325362526,8052.08366240141,8066.37612845347
44.000139732381,-0.658292241106837,-0.0163804068153493,0.51851913586637,0.545454776596094,3703.51821882952,2759.31325330277,5003.81502716006,8008.77131937842,7895.56137184621,8052.1066776187,8066.37431718926
44.2001403675282,-0.658297205086663,-0.0164543254042878,0.518462993208116,0.545499926328372,3702.80890744242,2758.41082727478,5004.83828641335,8008.97757363978,7895.371295009,8052.12354239041,8066.36431250616
44.4001410026754,-0.658301911214312,-0.016528259012163,0.518406644863701,0.545545562631364,3702.09940952476,2757.50826229069,5005.86129282559,8009.18478946928,7895.19259083965,8052.13448094858,8066.34641469509
44.6001416378226,-0.658306368603198,-0.0166022071215144,0.518350098198245,0.545591667342011,3701.38972511261,2756.60555839621,5006.88404634559,8009.39293233182,7895.02484295272,8052.13970930139,8066.32091302989
44.8001422729698,-0.658310586033402,-0.016676169232223,0.518293360304153,0.545638222965296,3700.67985424208,2755.70271563709,5007.90654692213,8009.6019689254,7894.86765026655,8052.13943553508,8066.28808617173
45.0001429081169,-0.658314571963892,-0.016750144860935,0.51823643801125,0.545685212649699,3699.96979694928,2754.79973405905,5008.92879450404,8009.81186713734,7894.72062644027,8052.13386010468,8066.24820255873
45.2001435432641,-0.658318334544297,-0.0168241335405042,0.518179337896519,0.545732620163537,3699.25955327032,2753.89661370784,5009.95078904013,8010.02259600205,7894.58339933147,8052.12317611411,8066.20152078115
45.4001441784113,-0.658321881626247,-0.0168981348194529,0.518122066293491,0.545780429872183,3698.54912324133,2752.99335462922,5010.97253047926,8010.23412566017,7894.45561047402,8052.1075695859,8066.14828994286
45.6001448135585,-0.65832522077429,-0.0169721482614502,0.518064629301273,0.545828626716123,3697.83850689844,2752.08995686896,5011.99401877027,8010.44642731927,7894.33691457508,8052.08721972104,8066.08875000944
45.8001454487057,-0.658328359276414,-0.0170461734448076,0.51800703279325,0.545877196189809,3697.1277042778,2751.1864204728,5013.01525386204,8010.6594732158,7894.22697903072,8052.06229914925,8066.02313214355
46.0001460838529,-0.658331304154176,-0.0171202099619909,0.517949282425455,0.545926124321299,3696.41671541557,2750.28274548654,5014.03623570344,8010.8732365785,7894.12548345937,8052.03297417006,8065.95165902793
46.2001467190001,-0.658334062172465,-0.0171942574191487,0.517891383644628,0.54597539765264,3695.70554034791,2749.37893195596,5015.05696424337,8011.08769159298,7894.03211925247,8051.999404985,8065.87454517653
46.4001473541473,-0.658336639848896,-0.0172683154356554,0.517833341695978,0.546025003220966,3694.99417911099,2748.47497992683,5016.07743943074,8011.30281336765,7893.94658914165,8051.96174592131,8065.79199723427
46.6001479892944,-0.658339043462868,-0.0173423836436706,0.517775161630656,0.546074928540305,3694.28263174099,2747.57088944496,5017.09766121447,8011.51857790078,7893.8686067819,8051.92014564741,8065.70421426571
46.8001486244416,-0.658341279064288,-0.0174164616877117,0.517716848312944,0.546125161584037,3693.57089827412,2746.66666055615,5018.11762954349,8011.73496204877,7893.79789635003,8051.87474738044,8065.61138803319
47.0001492595888,-0.658343352481965,-0.0174905492242413,0.517658406427185,0.546175690768007,3692.85897874656,2745.76229330621,5019.13734436676,8011.95194349552,7893.73419215795,8051.8256890862,8065.51370326472
47.200149894736,-0.658345269331709,-0.0175646459212682,0.517599840484447,0.546226504934258,3692.14687319454,2744.85778774096,5020.15680563323,8012.16950072289,7893.67723828014,8051.77310367177,8065.41133791204
47.4001505298832,-0.658347035024125,-0.0176387514579617,0.517541154828948,0.546277593335354,3691.43458165428,2743.95314390622,5021.17601329188,8012.38761298222,7893.62678819487,8051.717119171,8065.30446339924
47.6001511650304,-0.658348654772118,-0.0177128655242776,0.517482353644234,0.546328945619289,3690.722104162,2743.04836184782,5022.19496729169,8012.60626026685,7893.58260443858,8051.65785892328,8065.19324486219
47.8001518001776,-0.658350133598135,-0.0177869878205985,0.517423440959132,0.546380551814941,3690.00944075395,2742.1434416116,5023.21366758168,8012.82542328561,7893.54445827301,8051.59544174564,8065.07784137926
48.0001524353248,-0.658351476341123,-0.0178611180573838,0.51736442065348,0.546432402318067,3689.29659146638,2741.23838324341,5024.23211411084,8013.04508343726,7893.51212936449,8051.52998209867,8064.95840619355
48.2001530704719,-0.658352687663249,-0.0179352559548331,0.517305296463647,0.546484487877808,3688.58355633555,2740.33318678908,5025.25030682823,8013.26522278587,7893.48540547515,8051.46159024622,8064.8350869269
48.4001537056191,-0.658353772056364,-0.0180094012425598,0.517246071987842,0.546536799583696,3687.87033539772,2739.4278522945,5026.26824568286,8013.48582403701,7893.46408216538,8051.39037240932,8064.70802578615
48.6001543407663,-0.658354733848233,-0.0180835536592756,0.517186750691237,0.54658932885313,3687.15692868917,2738.52237980551,5027.28593062381,8013.70687051484,7893.44796250723,8051.31643091445,8064.57735976178
48.8001549759135,-0.658355577208533,-0.0181577129524858,0.517127335910883,0.546642067419319,3686.4433362462,2737.616769368,5028.30336160014,8013.92834614001,7893.43685680844,8051.23986433635,8064.44322081924
49.0001556110607,-0.658356306154637,-0.0182318788781944,0.517067830860462,0.546695007319666,3685.72955810511,2736.71102102784,5029.32053856092,8014.1502354083,7893.43058234649,8051.16076763557,8064.30573608333
49.2001562462079,-0.658356924557182,-0.0183060512006191,0.517008238634849,0.546748140884576,3685.01559430219,2735.80513483092,5030.33746145527,8014.37252337011,7893.42896311253,8051.07923229105,8064.16502801572
49.4001568813551,-0.658357436145435,-0.0183802296919158,0.516948562214511,0.546801460726681,3684.30144487376,2734.89911082313,5031.35413023228,8014.5951956106,7893.43182956467,8050.99534642777,8064.02121458609
49.6001575165022,-0.658357844512457,-0.0184544141319122,0.516888804469743,0.546854959730456,3683.58710985615,2733.99294905038,5032.37054484108,8014.81823823058,7893.4390183903,8050.90919493971,8063.87440943681
49.8001581516494,-0.658358153120089,-0.0185286043078501,0.516828968164743,0.546908631042221,3682.87258928571,2733.08664955857,5033.3867052308,8015.04163782806,7893.45037227726,8050.82085960838,8063.72472204179
50.0001587867966,-0.658358365303743,-0.0186028000141369,0.51676905596154,0.546962468060503,3682.15788319876,2732.18021239361,5034.4026113506,8015.26538148048,7893.46573969331,8050.73041921692,8063.57225785933
50.2001594219438,-0.658358484277026,-0.0186770010521044,0.516709070423773,0.547016464426764,3681.44299163167,2731.27363760144,5035.41826314964,8015.48945672755,7893.48497467374,8050.63794966008,8063.41711847943
50.400160057091,-0.65835851313619,-0.0187512072297764,0.516649014020337,0.547070614016459,3680.7279146208,2730.36692522797,5036.43366057708,8015.71385155474,7893.5079366168,8050.54352405007,8063.25940176573
50.6001606922382,-0.658358454864423,-0.0188254183616437,0.516588889128879,0.547124910930429,3680.01265220253,2729.46007531914,5037.44880358214,8015.9385543773,7893.53449008666,8050.44721281868,8063.09920199218
50.8001613273854,-0.658358312335979,-0.0188996342684466,0.516528698039184,0.547179349486607,3679.29720441323,2728.5530879209,5038.46369211399,8016.16355402492,7893.56450462355,8050.3490838155,8062.93660997473
51.0001619625325,-0.65835808832016,-0.018973854776965,0.516468442956418,0.547233924212032,3678.58157128931,2727.6459630792,5039.47832612187,8016.38883972687,7893.59785456093,8050.24920240264,8062.77171319821
51.2001625976797,-0.65835778548515,-0.0190480797198147,0.516408126004264,0.547288629835155,3677.86575286716,2726.73870083998,5040.492705555,8016.61440109774,7893.63441884936,8050.14763154594,8062.60459593847
51.4001632328269,-0.658357406401709,-0.0191223089352517,0.516347749227931,0.547343461278427,3677.14974918319,2725.83130124922,5041.50683036263,8016.84022812362,7893.67408088688,8050.04443190282,8062.43533938016
51.6001638679741,-0.658356953546736,-0.0191965422669815,0.516287314597062,0.547398413651161,3676.43356027383,2724.92376435288,5042.52070049401,8017.06631114885,7893.71672835553,8049.93966190696,8062.26402173012
51.8001645031213,-0.658356429306693,-0.0192707795639763,0.516226824008524,0.547453482242656,3675.7171861755,2724.01609019695,5043.53431589842,8017.29264086312,7893.76225306398,8049.83337784981,8062.09071832658
52.0001651382685,-0.658355835980913,-0.0193450206802975,0.516166279289104,0.547508662515576,3675.00062692465,2723.1082788274,5044.54767652513,8017.51920828921,7893.81055079588,8049.72563395916,8061.91550174443
52.2001657734157,-0.658355175784781,-0.0194192654749236,0.516105682198097,0.547563950099567,3674.28388255772,2722.20033029023,5045.56078232344,8017.74600477101,7893.8615211638,8049.61648247482,8061.73844189658
52.4001664085629,-0.658354450852803,-0.0194935138115853,0.516045034429805,0.547619340785114,3673.56695311118,2721.29224463144,5046.57363324267,8017.97302196204,7893.91506746856,8049.50597372148,8061.55960613163
52.60016704371,-0.658353663241555,-0.0195677655586049,0.51598433761594,0.547674830517625,3672.84983862149,2720.38402189703,5047.58622923214,8018.20025181436,7893.97109656367,8049.39415617898,8061.37905932791
52.8001676788572,-0.658352814932534,-0.0196420205887415,0.515923593327936,0.547730415391724,3672.13253912514,2719.47566213301,5048.59857024119,8018.42768656791,7894.02951872483,8049.28107654995,8061.19686398414
53.0001683140044,-0.658351907834902,-0.0197162787790412,0.515862803079182,0.547786091645764,3671.4150546586,2718.5671653854,5049.61065621917,8018.65531874017,7894.09024752413,8049.16677982494,8061.01308030669
53.2001689491516,-0.658350943788121,-0.0197905400106928,0.515801968327167,0.547841855656536,3670.69738525838,2717.65853170023,5050.62248711543,8018.88314111626,7894.15319970899,8049.05130934525,8060.8277662937
53.4001695842988,-0.658349924564505,-0.0198648041688875,0.515741090475542,0.547897703934176,3669.97953096097,2716.74976112353,5051.63406287937,8019.11114673933,7894.21829508544,8048.93470686336,8060.64097781608
53.600170219446,-0.658348851871669,-0.0199390711426844,0.51568017087612,0.547953633117254,3669.26149180291,2715.84085370135,5052.64538346037,8019.33932890134,7894.28545640573,8048.81701260124,8060.45276869556
53.8001708545932,-0.658347727354894,-0.0200133408248793,0.515619210830784,0.548009639968051,3668.54326782071,2714.93180947972,5053.65644880784,8019.56768113415,7894.35460926011,8048.69826530644,8060.26319077984
54.0001714897403,-0.658346552599401,-0.0200876131118787,0.515558211593337,0.548065721368004,3667.8248590509,2714.0226285047,5054.6672588712,8019.79619720093,7894.42568197251,8048.57850230614,8060.07229401504
54.2001721248875,-0.658345329132546,-0.0201618879035779,0.515497174371281,0.548121874313321,3667.10626553004,2713.11331082236,5055.67781359987,8020.02487108786,7894.49860550012,8048.45775955927,8059.88012651541
54.4001727600347,-0.658344058425932,-0.0202361651032431,0.515436100327525,0.548178095910756,3666.38748729467,2712.20385647875,5056.68811294331,8020.25369699619,7894.5733133366,8048.33607170668,8059.68673463062
54.6001733951819,-0.658342741897445,-0.0203104446173971,0.515374990582034,0.54823438337354,3665.66852438136,2711.29426551996,5057.69815685096,8020.48266933447,7894.64974141893,8048.21347211943,8059.49216301039
54.8001740303291,-0.658341380913218,-0.0203847263557097,0.51531384621342,0.548290734017467,3664.94937682668,2710.38453799206,5058.70794527232,8020.71178271121,7894.72782803757,8048.0899929454,8059.29645466694
55.0001746654763,-0.658339976789514,-0.0204590102308909,0.515252668260467,0.548347145257111,3664.23004466721,2709.47467394115,5059.71747815685,8020.94103192765,7894.80751375003,8047.96566515412,8059.09965103503
55.2001753006235,-0.658338530794556,-0.0205332961585879,0.515191457723606,0.548403614602197,3663.51052793955,2708.56467341332,5060.72675545407,8021.17041197088,7894.88874129755,8047.84051857998,8058.90179202981
55.4001759357707,-0.658337044150273,-0.0206075840572863,0.515130215566331,0.548460139654094,3662.79082668029,2707.65453645466,5061.73577711348,8021.39991800721,7894.97145552487,8047.71458196386,8058.7029161026
55.6001765709178,-0.658335518033995,-0.0206818738482133,0.515068942716563,0.548516718102448,3662.07094092604,2706.7442631113,5062.74454308461,8021.62954537571,7895.0556033029,8047.58788299321,8058.50306029457
55.800177206065,-0.65833395358008,-0.0207561654552456,0.515007640067968,0.548573347721922,3661.35087071343,2705.83385342934,5063.75305331699,8021.85928958206,7895.14113345433,8047.46044834072,8058.30226028852
56.0001778412122,-0.658332351881483,-0.020830458804819,0.514946308481222,0.548630026369081,3660.63061607909,2704.92330745491,5064.7613077602,8022.08914629254,7895.22799668187,8047.33230370149,8058.10055045862
56.2001784763594,-0.658330713991265,-0.020904753825842,0.51488494878523,0.548686751979363,3659.91017705964,2704.01262523414,5065.76930636378,8022.31911132831,7895.31614549918,8047.20347382887,8057.89796391853
56.4001791115066,-0.658329040924054,-0.0209790504496121,0.5148235617783,0.548743522564187,3659.18955369175,2703.10180681316,5066.77704907732,8022.54918065988,7895.40553416431,8047.07398256905,8057.69453256756
56.6001797466538,-0.658327333657447,-0.0210533486097349,0.514762148229273,0.548800336208149,3658.46874601206,2702.19085223812,5067.78453585042,8022.7793504017,7895.49611861567,8046.94385289426,8057.49028713526
56.800180381801,-0.658325593133358,-0.0211276482420453,0.514700708878614,0.548857191066333,3657.74775405725,2701.27976155517,5068.79176663268,8023.00961680705,7895.58785641017,8046.81310693487,8057.28525722432
57.0001810169481,-0.658323820259324,-0.0212019492845327,0.514639244439462,0.548914085361712,3657.02657786398,2700.36853481046,5069.79874137373,8023.23997626307,7895.68070666389,8046.6817660102,8057.07947135191
57.2001816520953,-0.658322015909761,-0.0212762516772672,0.514577755598636,0.548971017382653,3656.30521746896,2699.45717205016,5070.80546002319,8023.47042528591,7895.77462999465,8046.54985065833,8056.87295698952
57.4001822872425,-0.65832018092717,-0.0213505553623297,0.514516243017608,0.549027985480507,3655.58367290886,2698.54567332045,5071.81192253072,8023.70096051618,7895.86958846693,8046.41738066469,8056.6657406013
57.6001829223897,-0.658318316123305,-0.0214248602837429,0.514454707333445,0.549084988067293,3654.8619442204,2697.63403866749,5072.81812884598,8023.93157871446,7895.96554553867,8046.28437508971,8056.45784768105
57.8001835575369,-0.658316422280291,-0.021499166387406,0.514393149159704,0.549142023613462,3654.1400314403,2696.72226813748,5073.82407891864,8024.16227675697,7896.06246601007,8046.15085229536,8056.24930278776
58.0001841926841,-0.658314500151711,-0.0215734736210308,0.514331569087306,0.549199090645747,3653.41793460526,2695.8103617766,5074.8297726984,8024.39305163149,7896.16031597429,8046.01682997077,8056.04012957998
58.2001848278313,-0.658312550463645,-0.02164778193408,0.514269967685369,0.549256187745094,3652.69565375203,2694.89831963105,5075.83521013494,8024.6239004333,7896.25906276989,8045.88232515693,8055.83035084877
58.4001854629784,-0.658310573915674,-0.021722091277708,0.514208345502018,0.549313313544662,3651.97318891735,2693.98614174704,5076.840391178,8024.85482036136,7896.35867493515,8045.74735427044,8055.61998854963
58.6001860981256,-0.658308571181847,-0.0217964016047032,0.514146703065156,0.549370466727902,3651.25054013797,2693.07382817078,5077.8453157773,8025.08580871462,7896.45912216389,8045.61193312639,8055.40906383304
58.8001867332728,-0.658306542911614,-0.0218707128694325,0.514085040883212,0.549427646026707,3650.52770745064,2692.1613789485,5078.84998388258,8025.31686288837,7896.56037526311,8045.47607696044,8055.19759707408
59.00018736842,-0.658304489730723,-0.0219450250277879,0.514023359445866,0.54948485021963,3649.80469089215,2691.2487941264,5079.8543954436,8025.54798037084,7896.66240611199,8045.33980045007,8054.98560790083
59.2001880035672,-0.658302412242086,-0.0220193380371342,0.513961659224732,0.549542078130162,3649.08149049927,2690.33607375074,5080.85855041013,8025.77915873988,7896.76518762257,8045.20311773502,8054.77311522181
59.4001886387144,-0.658300311026612,-0.0220936518562593,0.513899940674038,0.549599328625081,3648.35810630879,2689.42321786774,5081.86244873195,8026.01039565967,7896.86869370175,8045.06604243704,8054.56013725235
59.6001892738616,-0.658298186644011,-0.0221679664453257,0.513838204231257,0.549656600612857,3647.6345383575,2688.51022652366,5082.86609035886,8026.24168887773,7896.97289921476,8044.92858767887,8054.34669154003
59.8001899090088,-0.658296039633566,-0.0222422817658236,0.513776450317733,0.549713893042119,3646.91078668223,2687.59709976475,5083.86947524067,8026.47303622186,7897.07777994994,8044.79076610253,8054.13279498918
60.0001905441559,-0.658293870514878,-0.0223165977805259,0.513714679339274,0.549771204900175,3646.18685131977,2686.68383763726,5084.87260332721,8026.70443559727,7897.18331258482,8044.65258988696,8053.91846388447
60.2001911793031,-0.65829167978859,-0.0223909144534443,0.513652891686727,0.549828535211586,3645.46273230697,2685.77044018747,5085.87547456831,8026.93588498384,7897.28947465342,8044.51407076501,8053.70371391367
60.4001918144503,-0.658289467937071,-0.0224652317497875,0.513591087736532,0.549885883036801,3644.73842968065,2684.85690746165,5086.87808891382,8027.16738243343,7897.39624451483,8044.37522003976,8053.48856018952
60.6001924495975,-0.658287235425089,-0.0225395496359201,0.513529267851251,0.549943247470829,3644.01394347767,2683.94323950608,5087.88044631361,8027.39892606727,7897.50360132287,8044.23604860034,8053.27301727083
60.8001930847447,-0.658284982700451,-0.0226138680793234,0.513467432380086,0.55000062764197,3643.28927373487,2683.02943636704,5088.88254671756,8027.63051407351,7897.61152499685,8044.09656693705,8053.05709918282
61.0001937198919,-0.658282710194621,-0.0226881870485574,0.513405581659365,0.550058022710588,3642.56442048912,2682.11549809084,5089.88439007556,8027.8621447048,7897.71999619352,8043.95678515601,8052.84081943669
61.2001943550391,-0.658280418323321,-0.0227625065132237,0.513343716013028,0.550115431867935,3641.83938377729,2681.20142472377,5090.88597633751,8028.09381627601,7897.8289962799,8043.81671299326,8052.62419104845
61.4001949901863,-0.6582781074871,-0.0228368264439305,0.513281835753074,0.550172854335005,3641.11416363628,2680.28721631214,5091.88730545334,8028.32552716193,7897.93850730722,8043.67635982832,8052.40722655712
61.6001956253334,-0.658275778071889,-0.022911146812258,0.513219941180009,0.550230289361449,3640.38876010296,2679.37287290226,5092.88837737297,8028.5572757952,7898.04851198577,8043.53573469724,8052.18993804225
61.8001962604806,-0.658273430449539,-0.0229854675907253,0.51315803258327,0.550287736224512,3639.66317321424,2678.45839454047,5093.88919204636,8028.78906066421,7898.15899366068,8043.39484630524,8051.9723371407
62.0001968956278,-0.65827106497833,-0.0230597887527584,0.513096110241631,0.550345194228023,3638.93740300704,2677.54378127307,5094.88974942346,8029.02088031106,7898.26993628859,8043.2537030388,8051.75443506296
62.200197530775,-0.658268682003468,-0.0231341102726593,0.5130341744236,0.550402662701412,3638.21144951827,2676.62903314642,5095.89004945425,8029.25273332969,7898.3813244152,8043.11231297739,8051.53624260875
62.4001981659222,-0.658266281857561,-0.0232084321255759,0.512972225387797,0.55046014099877,3637.48531278486,2675.71415020685,5096.89009208872,8029.484618364,7898.49314315361,8042.97068390468,8051.31777018209
62.6001988010694,-0.658263864861082,-0.0232827542874735,0.512910263383318,0.55051762849794,3636.75899284376,2674.79913250072,5097.88987727685,8029.71653410605,7898.60537816345,8042.82882331943,8051.09902780585
62.8001994362165,-0.658261431322809,-0.0233570767351067,0.512848288650089,0.550575124599642,3636.03248973191,2673.88398007437,5098.88940496868,8029.94847929434,7898.71801563083,8042.68673844591,8050.8800251357
63.0002000713637,-0.658258981540252,-0.0234313994459924,0.512786301419206,0.550632628726634,3635.30580348626,2672.96869297417,5099.88867511422,8030.18045271216,7898.831042249,8042.54443624397,8050.66077147359
63.2002007065109,-0.658256515800065,-0.0235057223983838,0.512724301913257,0.550690140322897,3634.57893414379,2672.05327124649,5100.88768766353,8030.41245318594,7898.94444519968,8042.40192341875,8050.44127578074
63.4002013416581,-0.658254034378443,-0.0235800455712454,0.51266229034664,0.550747658852853,3633.85188174147,2671.13771493771,5101.88644256665,8030.64447958378,7899.05821213513,8042.25920643001,8050.22154669013
63.6002019768053,-0.658251537541502,-0.0236543689442285,0.512600266925863,0.550805183800617,3633.12464631629,2670.2220240942,5102.88493977365,8030.87653081385,7899.17233116087,8042.11629150112,8050.00159251853
63.8002026119525,-0.658249025545649,-0.023728692497648,0.512538231849839,0.550862714669269,3632.39722790525,2669.30619876236,5103.88317923461,8031.10860582306,7899.28679081901,8041.97318462775,8049.78142127813
64.0002032470997,-0.658246498637932,-0.0238030162124594,0.512476185310162,0.550920250980155,3631.66962654534,2668.39023898859,5104.88116089964,8031.3407035956,7899.40158007221,8041.82989158621,8049.56104068769
64.2002038822469,-0.658243957056388,-0.023877340070237,0.512414127491381,0.550977792272215,3630.94184227359,2667.47414481929,5105.87888471884,8031.57282315162,7899.51668828824,8041.68641794147,8049.34045818332
64.400204517394,-0.658241401030367,-0.023951664053153,0.51235205857126,0.551035338101338,3630.21387512701,2666.55791630086,5106.87635064234,8031.80496354596,7899.63210522507,8041.54276905496,8049.11968092885
64.6002051525412,-0.658238830780851,-0.0240259881439568,0.512289978721026,0.551092888039735,3629.48572514264,2665.64155347973,5107.87355862026,8032.03712386688,7899.74782101656,8041.39895009198,8048.8987158258
64.8002057876884,-0.658236246520757,-0.0241003123259553,0.512227888105613,0.551150441675338,3628.75739235752,2664.72505640232,5108.87050860277,8032.26930323488,7899.86382615861,8041.25496602894,8048.67756952302
65.0002064228356,-0.658233648455236,-0.0241746365829939,0.512165786883894,0.551207998611223,3628.0288768087,2663.80842511506,5109.86720054002,8032.50150080152,7899.98011149591,8041.11082166024,8048.45624842598
65.2002070579828,-0.658231036781952,-0.0242489608994379,0.512103675208906,0.551265558465051,3627.30017853325,2662.89165966438,5110.8636343822,8032.73371574834,7900.09666820908,8040.96652160499,8048.23475870564
65.40020769313,-0.658228411691358,-0.0243232852601551,0.512041553228062,0.551323120868533,3626.57129756823,2661.97476009674,5111.85981007949,8032.96594728575,7900.21348780233,8040.8220703134,8048.01310630711
65.6002083282772,-0.658225773366958,-0.0243976096504982,0.511979421083363,0.551380685466908,3625.84223395072,2661.05772645857,5112.8557275821,8033.19819465203,7900.3305620916,8040.677472073,8047.79129695793
65.8002089634243,-0.658223121985559,-0.0244719340562882,0.511917278911594,0.551438251918452,3625.11298771781,2660.14055879635,5113.85138684025,8033.43045711229,7900.44788319306,8040.53273101461,8047.56933617601
66.0002095985715,-0.658220457717519,-0.0245462584637988,0.511855126844521,0.551495819893992,3624.3835589066,2659.22325715653,5114.84678780417,8033.66273395755,7900.56544351214,8040.38785111803,8047.34722927737
66.2002102337187,-0.658217780726981,-0.0246205828597405,0.511792965009074,0.551553389076448,3623.65394755419,2658.30582158558,5115.84193042411,8033.89502450377,7900.68323573284,8040.24283621767,8047.12498138352
66.4002108688659,-0.658215091172097,-0.0246949072312457,0.511730793527525,0.551610959160383,3622.92415369771,2657.38825212998,5116.83681465032,8034.12732809097,7900.80125280751,8040.09769000779,8046.90259742861
66.6002115040131,-0.658212389205252,-0.0247692315658544,0.511668612517661,0.551668529851579,3622.19417737428,2656.47054883622,5117.83144043308,8034.3596440824,7900.91948794702,8039.95241604771,8046.68008216627
66.8002121391603,-0.658209674973269,-0.0248435558515001,0.51160642209295,0.551726100866623,3621.46401862103,2655.55271175079,5118.82580772269,8034.59197186364,7901.03793461123,8039.80701776671,8046.4574401763
67.0002127743075,-0.658206948617616,-0.0249178800764964,0.5115442223627,0.551783671932507,3620.73367747511,2654.63474092019,5119.81991646942,8034.82431084187,7901.15658649984,8039.66149846884,8046.23467587098
67.2002134094546,-0.658204210274599,-0.0249922042295237,0.511482013432214,0.551841242786246,3620.00315397368,2653.71663639091,5120.81376662361,8035.05666044504,7901.2754375436,8039.51586133748,8046.01179350125
67.4002140446018,-0.658201460075552,-0.0250665282996172,0.511419795402936,0.551898813174512,3619.27244815388,2652.79839820948,5121.80735813558,8035.28902012114,7901.3944818958,8039.37010943975,8045.78879716262
67.600214679749,-0.658198698147018,-0.0251408522761541,0.511357568372595,0.551956382853271,3618.54156005291,2651.88002642241,5122.80069095567,8035.52138933752,7901.51371392409,8039.22424573085,8045.56569080089
67.8002153148962,-0.658195924610922,-0.0252151761488424,0.51129533243534,0.55201395158745,3617.81048970794,2650.96152107623,5123.79376503424,8035.75376758012,7901.63312820264,8039.07827305807,8045.3424782176
68.0002159500434,-0.658193139584743,-0.0252894999077092,0.511233087681876,0.5520715191506,3617.07923715616,2650.04288221746,5124.78658032165,8035.98615435288,7901.75271950449,8038.93219416481,8045.11916307538
68.2002165851906,-0.658190343181674,-0.0253638235430897,0.51117083419959,0.552129085324583,3616.34780243477,2649.12410989265,5125.77913676828,8036.21854917704,7901.87248279431,8038.78601169438,8044.895748903
68.4002172203378,-0.658187535510779,-0.0254381470456171,0.51110857207267,0.552186649899261,3615.61618558098,2648.20520414834,5126.77143432455,8036.45095159054,7901.99241322129,8038.63972819362,8044.67223910029
68.600217855485,-0.658184716677144,-0.0255124704062119,0.511046301382228,0.552244212672207,3614.88438663202,2647.28616503108,5127.76347294084,8036.68336114743,7902.11250611241,8038.49334611653,8044.44863694292
68.8002184906321,-0.658181886782019,-0.0255867936160722,0.510984022206411,0.552301773448418,3614.1524056251,2646.36699258744,5128.75525256759,8036.91577741726,7902.2327569659,8038.34686782759,8044.22494558685
69.0002191257793,-0.658179045922965,-0.0256611166666643,0.510921734620511,0.552359332040044,3613.42024259747,2645.44768686397,5129.74677315524,8037.14819998457,7902.35316144493,8038.20029560508,8044.00116807285
69.2002197609265,-0.658176194193981,-0.0257354395497132,0.510859438697073,0.552416888266119,3612.68789758638,2644.52824790726,5130.73803465423,8037.3806284483,7902.47371537155,8038.05363164425,8043.77730733061
69.4002203960737,-0.65817333168564,-0.0258097622571941,0.51079713450599,0.552474441952314,3611.95537062907,2643.60867576387,5131.72903701503,8037.61306242132,7902.59441472088,8037.90687806033,8043.55336618291
69.6002210312209,-0.658170458485209,-0.0258840847813233,0.510734822114609,0.552531992930691,3611.22266176282,2642.6889704804,5132.71978018812,8037.84550152991,7902.71525561545,8037.76003689151,8043.32934734946
69.8002216663681,-0.658167574676775,-0.0259584071145506,0.510672501587819,0.552589541039465,3610.4897710249,2641.76913210344,5133.71026412398,8038.07794541326,7902.83623431981,8037.61311010173,8043.10525345076
70.0002223015153,-0.658164680341355,-0.0260327292495505,0.510610172988144,0.55264708612278,3609.75669845259,2640.84916067958,5134.70048877314,8038.31039372304,7902.95734723527,8037.4660995834,8042.88108701168
70.2002229366625,-0.658161775557013,-0.0261070511792152,0.510547836375833,0.552704628030489,3609.0234440832,2639.92905625543,5135.69045408609,8038.54284612294,7903.07859089495,8037.31900716006,8042.65685046498
70.4002235718096,-0.658158860398967,-0.0261813728966465,0.510485491808938,0.552762166617947,3608.29000795401,2639.00881887761,5136.68016001339,8038.77530228822,7903.19996195886,8037.17183458888,8042.43254615473
70.6002242069568,-0.65815593493969,-0.0262556943951491,0.5104231393434,0.552819701745803,3607.55639010235,2638.08844859274,5137.66960650557,8039.00776190532,7903.32145720928,8037.02458356307,8042.20817633951
70.800224842104,-0.658152999249013,-0.0263300156682232,0.510360779033127,0.552877233279812,3606.82259056552,2637.16794544743,5138.65879351319,8039.24022467145,7903.44307354625,8036.87725571429,8041.98374319557
71.0002254772512,-0.65815005339422,-0.0264043367095583,0.510298410930066,0.552934761090639,3606.08860938088,2636.24730948832,5139.64772098684,8039.47269029421,7903.56480798324,8036.72985261485,8041.75924881986
71.2002261123984,-0.658147097440143,-0.0264786575130261,0.510236035084278,0.552992285053687,3605.35444658574,2635.32654076206,5140.63638887709,8039.70515849118,7903.68665764302,8036.5823757799,8041.53469523293
71.4002267475456,-0.658144131449248,-0.0265529780726745,0.510173651544005,0.553049805048915,3604.62010221748,2634.40563931528,5141.62479713454,8039.93762898962,7903.80861975358,8036.43482666953,8041.31008438173
71.6002273826928,-0.658141155481724,-0.0266272983827218,0.510111260355743,0.553107320960674,3603.88557631343,2633.48460519465,5142.61294570983,8040.17010152609,7903.93069164433,8036.28720669082,8041.0854181423
71.8002280178399,-0.658138169595566,-0.0267016184375503,0.510048861564299,0.553164832677545,3603.15086891097,2632.56343844681,5143.60083455356,8040.40257584611,7904.05287074231,8036.13951719973,8040.86069832242
72.0002286529871,-0.658135173846654,-0.0267759382317011,0.509986455212858,0.553222340092183,3602.41598004747,2631.64213911844,5144.58846361639,8040.63505170384,7904.17515456865,8035.99175950299,8040.63592666404
72.2002292881343,-0.658132168288831,-0.0268502577598684,0.509924041343043,0.553279843101165,3601.68090976033,2630.72070725621,5145.57583284897,8040.86752886181,7904.2975407351,8035.84393485995,8040.41110484575
72.4002299232815,-0.658129152973977,-0.0269245770168943,0.509861619994969,0.55333734160485,3600.94565808693,2629.79914290679,5146.56294220198,8041.10000709055,7904.42002694069,8035.69604448424,8040.18623448511
72.6002305584287,-0.65812612795208,-0.0269988959977639,0.509799191207306,0.553394835507236,3600.21022506469,2628.87744611688,5147.54979162609,8041.33248616836,7904.54261096852,8035.54808954554,8039.96131714083
72.8002311935759,-0.658123093271308,-0.0270732146975999,0.509736755017322,0.553452324715827,3599.47461073101,2627.95561693317,5148.536381072,8041.564965881,7904.6652906827,8035.40007117109,8039.73635431499
73.0002318287231,-0.658120048978071,-0.0271475331116583,0.509674311460944,0.553509809141506,3598.73881512332,2627.03365540235,5149.52271049043,8041.79744602145,7904.78806402533,8035.25199044733,8039.5113474551
73.2002324638703,-0.658116995117087,-0.0272218512353236,0.509611860572804,0.553567288698405,3598.00283827905,2626.11156157113,5150.50877983209,8042.02992638962,7904.91092901367,8035.10384842135,8039.28629795609
73.4002330990174,-0.658113931731446,-0.0272961690641045,0.509549402386286,0.553624763303792,3597.26668023564,2625.18933548624,5151.49458904774,8042.26240679212,7905.03388373738,8034.95564610235,8039.06120716225
73.6002337341646,-0.658110858862667,-0.0273704865936296,0.509486936933573,0.553682232877953,3596.53034103055,2624.26697719437,5152.48013808812,8042.49488704201,7905.15692635582,8034.80738446304,8038.83607636906
73.8002343693118,-0.658107776550755,-0.0274448038196431,0.509424464245692,0.553739697344079,3595.79382070123,2623.34448674227,5153.46542690399,8042.72736695857,7905.28005509552,8034.65906444093,8038.61090682505
74.000235004459,-0.658104684834259,-0.0275191207380008,0.509361984352556,0.55379715662816,3595.05711928515,2622.42186417666,5154.45045544614,8042.9598463671,7905.40326824771,8034.5106869397,8038.38569973344
74.2002356396062,-0.65810158375032,-0.0275934373446668,0.509299497283004,0.553854610658885,3594.32023681979,2621.49910954428,5155.43522366536,8043.19232509864,7905.52656416593,8034.36225283035,8038.16045625387
74.4002362747534,-0.65809847333473,-0.027667753635709,0.509237003064844,0.553912059367538,3593.58317334264,2620.57622289188,5156.41973151246,8043.42480298986,7905.64994126377,8034.21376295249,8037.93517750394
74.6002369099005,-0.658095353621974,-0.027742069607296,0.509174501724887,0.553969502687905,3592.8459288912,2619.65320426622,5157.40397893826,8043.65727988276,7905.77339801262,8034.0652181154,8037.7098645608
74.8002375450477,-0.658092224645282,-0.0278163852556935,0.509111993288988,0.554026940556183,3592.10850350297,2618.73005371405,5158.38796589359,8043.88975562456,7905.89693293957,8033.91661909923,8037.48451846262
75.0002381801949,-0.658089086436672,-0.0278907005772609,0.509049477782077,0.554084372910887,3591.37089721546,2617.80677128213,5159.37169232931,8044.12223006743,7906.02054462536,8033.767966656,8037.25914021
75.2002388153421,-0.658085939026997,-0.0279650155684483,0.508986955228197,0.554141799692769,3590.63311006621,2616.88335701724,5160.35515819627,8044.35470306841,7906.14423170243,8033.61926151066,8037.03373076737
75.4002394504893,-0.658082782445986,-0.0280393302257929,0.508924425650535,0.554199220844735,3589.89514209275,2615.95981096617,5161.33836344536,8044.58717448915,7906.26799285298,8033.47050436209,8036.80829106432
75.6002400856365,-0.658079616722284,-0.0281136445459166,0.508861889071453,0.554256636311763,3589.15699333261,2615.03613317569,5162.32130802745,8044.81964419578,7906.39182680717,8033.32169588405,8036.58282199686
75.8002407207837,-0.658076441883496,-0.0281879585255224,0.508799345512519,0.554314046040828,3588.41866382336,2614.1123236926,5163.30399189347,8045.05211205876,7906.51573234133,8033.17283672608,8036.35732442868
76.0002413559309,-0.658073257956218,-0.0282622721613924,0.508736794994538,0.554371449980831,3587.68015360254,2613.18838256369,5164.28641499431,8045.28457795269,7906.63970827631,8033.02392751441,8036.13179919228
76.200241991078,-0.658070064966081,-0.0283365854503843,0.508674237537577,0.554428848082525,3586.94146270775,2612.26430983578,5165.26857728092,8045.5170417562,7906.7637534758,8032.87496885284,8035.9062470902
76.4002426262252,-0.65806686293778,-0.0284108983894293,0.508611673160996,0.554486240298446,3586.20259117654,2611.34010555568,5166.25047870424,8045.74950335179,7906.88786684478,8032.7259613235,8035.68066889603
76.6002432613724,-0.658063651895113,-0.0284852109755292,0.508549101883471,0.554543626582852,3585.46353904652,2610.4157697702,5167.23211921523,8045.98196262567,7907.01204732798,8032.57690548768,8035.45506535554
76.8002438965196,-0.658060431861011,-0.0285595232057544,0.508486523723021,0.554601006891655,3584.72430635529,2609.49130252617,5168.21349876486,8046.21441946765,7907.13629390846,8032.42780188661,8035.22943718766
77.0002445316668,-0.65805720285757,-0.0286338350772411,0.50842393869703,0.554658381182363,3583.98489314044,2608.56670387043,5169.19461730412,8046.44687377102,7907.26060560615,8032.27865104218,8035.0037850855
77.200245166814,-0.658053964906082,-0.0287081465871892,0.508361346822275,0.554715749414018,3583.24529943959,2607.6419738498,5170.17547478401,8046.6793254324,7907.38498147654,8032.12945345762,8034.77810971724
77.4002458019612,-0.658050718027066,-0.0287824577328603,0.508298748114944,0.554773111547144,3582.50552529038,2606.71711251115,5171.15607115554,8046.91177435163,7907.50942060934,8031.98020961825,8034.55241172711
77.6002464371084,-0.658047462240292,-0.0288567685115751,0.508236142590659,0.554830467543688,3581.76557073044,2605.79211990131,5172.13640636974,8047.14422043165,7907.63392212724,8031.83091999206,8034.32669173623
77.8002470722555,-0.658044197564813,-0.0289310789207119,0.508173530264498,0.554887817366972,3581.0254357974,2604.86699606716,5173.11648037765,8047.37666357841,7907.75848518471,8031.68158503042,8034.10095034348
78.0002477074027,-0.658040924018987,-0.0290053889577041,0.508110911151014,0.554945160981638,3580.28512052894,2603.94174105555,5174.09629313032,8047.60910370073,7907.88310896679,8031.53220516863,8033.87518812628
78.2002483425499,-0.658037641620506,-0.0290796986200386,0.508048285264256,0.555002498353601,3579.5446249627,2603.01635491336,5175.07584457884,8047.84154071022,7908.00779268801,8031.38278082653,8033.64940564143
78.4002489776971,-0.658034350386417,-0.0291540079052541,0.507985652617785,0.555059829450006,3578.80394913636,2602.09083768746,5176.05513467427,8048.07397452118,7908.13253559129,8031.23331240911,8033.42360342581
78.6002496128443,-0.658031050333149,-0.0292283168109389,0.507923013224693,0.555117154239174,3578.0630930876,2601.16518942474,5177.03416336772,8048.30640505047,7908.25733694689,8031.08380030696,8033.19778199716
78.8002502479915,-0.658027741476533,-0.0293026253347293,0.507860367097624,0.555174472690569,3577.32205685412,2600.2394101721,5178.01293061029,8048.53883221746,7908.38219605143,8030.93424489689,8032.97194185474
79.0002508831387,-0.658024423831825,-0.0293769334743082,0.507797714248783,0.555231784774749,3576.5808404736,2599.31349997642,5178.99143635311,8048.77125594394,7908.50711222687,8030.78464654239,8032.74608348006
79.2002515182858,-0.658021097413725,-0.0294512412274032,0.507735054689959,0.555289090463325,3575.83944398377,2598.38745888462,5179.96968054733,8049.00367615399,7908.63208481964,8030.63500559412,8032.52020733747
79.400252153433,-0.658017762236401,-0.0295255485917852,0.507672388432538,0.555346389728929,3575.09786742234,2597.46128694361,5180.94766314408,8049.23609277393,7908.75711319971,8030.48532239039,8032.29431387483
79.6002527885802,-0.658014418313505,-0.029599855565267,0.507609715487517,0.555403682545171,3574.35611082703,2596.53498420031,5181.92538409454,8049.46850573224,7908.88219675971,8030.33559725762,8032.06840352411
79.8002534237274,-0.658011065658195,-0.0296741621457015,0.50754703586552,0.555460968886602,3573.61417423558,2595.60855070164,5182.90284334989,8049.70091495947,7909.00733491413,8030.18583051076,8031.84247670197
80.0002540588746,-0.658007704283148,-0.0297484683309806,0.50748434957681,0.555518248728684,3572.87205768574,2594.68198649453,5183.88004086131,8049.93332038818,7909.13252709851,8030.03602245371,8031.61653381031
80.2002546940218,-0.658004334200584,-0.0298227741190337,0.507421656631304,0.555575522047754,3572.12976121526,2593.75529162592,5184.85697658003,8050.16572195284,7909.25777276863,8029.88617337975,8031.39057523683
80.400255329169,-0.658000955422278,-0.0298970795078268,0.507358957038586,0.55563278882099,3571.3872848619,2592.82846614275,5185.83365045725,8050.39811958981,7909.38307139983,8029.73628357189,8031.16460135553
80.6002559643161,-0.657997567959577,-0.0299713844953605,0.507296250807916,0.555690049026384,3570.64462866345,2591.90151009198,5186.81006244421,8050.63051323722,7909.50842248621,8029.58635330329,8030.93861252724
80.8002565994633,-0.657994171823418,-0.0300456890796694,0.507233537948247,0.555747302642709,3569.90179265767,2590.97442352056,5187.78621249217,8050.86290283492,7909.63382554005,8029.43638283759,8030.71260910008
81.0002572346105,-0.65799076702434,-0.0301199932588208,0.507170818468232,0.555804549649491,3569.15877688237,2590.04720647546,5188.76210055238,8051.09528832447,7909.75928009101,8029.28637242926,8030.48659140993
81.2002578697577,-0.6579873535725,-0.0301942970309135,0.507108092376237,0.555861790026982,3568.41558137534,2589.11985900366,5189.73772657612,8051.32766964898,7909.8847856856,8029.13632232396,8030.2605597809
81.4002585049049,-0.657983931477689,-0.0302686003940766,0.507045359680352,0.555919023756132,3567.67220617439,2588.19238115211,5190.71309051468,8051.56004675315,7910.01034188652,8028.98623275885,8030.03451452574
81.6002591400521,-0.657980500749339,-0.0303429033464686,0.506982620388401,0.555976250818564,3566.92865131734,2587.26477296782,5191.68819231936,8051.79241958317,7910.13594827204,8028.8361039629,8029.80845594624
81.8002597751993,-0.657977061396544,-0.0304172058862764,0.50691987450795,0.55603347119655,3566.18491684202,2586.33703449777,5192.66303194149,8052.02478808664,7910.26160443549,8028.68593615716,8029.58238433369
82.0002604103464,-0.657973613428066,-0.0304915080117142,0.50685712204632,0.556090684872986,3565.44100278627,2585.40916578895,5193.6376093324,8052.25715221257,7910.38730998463,8028.53572955513,8029.35629996921
82.2002610454936,-0.657970156852352,-0.0305658097210227,0.506794363010593,0.55614789183137,3564.69690918793,2584.48116688838,5194.61192444342,8052.48951191132,7910.5130645412,8028.38548436296,8029.13020312413
82.4002616806408,-0.657966691677542,-0.0306401110124681,0.50673159740762,0.556205092055777,3563.95263608486,2583.55303784305,5195.58597722592,8052.72186713451,7910.63886774032,8028.23520077976,8028.90409406041
82.600262315788,-0.657963217911481,-0.0307144118843411,0.506668825244035,0.556262285530843,3563.20818351492,2582.6247787,5196.55976763128,8052.95421783502,7910.76471923008,8028.08487899782,8028.67797303087
82.8002629509352,-0.657959735561731,-0.0307887123349562,0.506606046526258,0.556319472241739,3562.46355151598,2581.69638950624,5197.53329561088,8053.18656396693,7910.89061867102,8027.93451920292,8028.45184027965
83.0002635860824,-0.65795624463558,-0.0308630123626509,0.506543261260503,0.556376652174156,3561.71874012593,2580.7678703088,5198.50656111611,8053.41890548546,7911.01656573566,8027.78412157451,8028.22569604244
83.2002642212296,-0.657952745140054,-0.0309373119657849,0.506480469452788,0.55643382531428,3560.97374938267,2579.83922115471,5199.47956409841,8053.65124234697,7911.14256010811,8027.63368628599,8027.99954054682
83.4002648563768,-0.657949237081922,-0.0310116111427391,0.506417671108943,0.55649099164878,3560.22857932408,2578.91044209103,5200.45230450919,8053.88357450888,7911.26860148359,8027.48321350489,8027.77337401258
83.600265491524,-0.657945720467713,-0.0310859098919152,0.506354866234611,0.556548151164787,3559.48322998809,2577.98153316479,5201.42478229989,8054.11590192963,7911.39468956806,8027.33270339312,8027.54719665194
83.8002661266711,-0.657942195303716,-0.0311602082117347,0.506292054835263,0.556605303849878,3558.73770141261,2577.05249442307,5202.39699742198,8054.34822456869,7911.52082407779,8027.18215610714,8027.32100866993
84.0002667618183,-0.657938661595996,-0.0312345061006385,0.506229236916199,0.556662449692056,3557.99199363557,2576.12332591291,5203.36894982693,8054.58054238645,7911.64700473903,8027.03157179819,8027.09481026454
84.2002673969655,-0.657935119350398,-0.0313088035570858,0.506166412482555,0.556719588679742,3557.2461066949,2575.19402768139,5204.34063946621,8054.81285534427,7911.77323128759,8026.8809506125,8026.86860162708
84.4002680321127,-0.657931568572556,-0.0313831005795539,0.506103581539311,0.556776720801752,3556.50004062856,2574.26459977558,5205.31206629133,8055.04516340438,7911.89950346853,8026.73029269139,8026.64238294233
84.6002686672599,-0.657928009267901,-0.0314573971665374,0.506040744091295,0.556833846047285,3555.7537954745,2573.33504224256,5206.28323025379,8055.27746652988,7912.02582103579,8026.57959817155,8026.41615438888
84.8002693024071,-0.657924441441669,-0.0315316933165476,0.50597790014319,0.556890964405912,3555.00737127069,2572.40535512943,5207.25413130513,8055.5097646847,7912.15218375189,8026.42886718516,8026.18991613926
85.0002699375543,-0.657920865098908,-0.0316059890281118,0.505915049699537,0.556948075867558,3554.26076805509,2571.47553848328,5208.22476939689,8055.74205783356,7912.2785913876,8026.27809986004,8025.96366836024
85.2002705727014,-0.657917280244482,-0.031680284299773,0.505852192764743,0.557005180422489,3553.5139858657,2570.54559235121,5209.19514448061,8055.97434594197,7912.40504372163,8026.12729631986,8025.737411213
85.4002712078486,-0.657913686883084,-0.0317545791300892,0.505789329343085,0.557062278061305,3552.7670247405,2569.61551678032,5210.16525650787,8056.20662897616,7912.53154054035,8025.97645668424,8025.51114485333
85.6002718429958,-0.657910085019234,-0.0318288735176327,0.505726459438714,0.55711936877492,3552.0198847175,2568.68531181774,5211.13510543024,8056.43890690312,7912.65808163751,8025.82558106892,8025.28486943186
85.800272478143,-0.657906474657293,-0.0319031674609901,0.505663583055659,0.557176452554557,3551.2725658347,2567.75497751059,5212.10469119933,8056.67117969048,7912.78466681395,8025.67466958593,8025.05858509422
86.0002731132902,-0.657902855801464,-0.0319774609587613,0.505600700197836,0.557233529391733,3550.52506813013,2566.82451390598,5213.07401376673,8056.90344730657,7912.91129587738,8025.52372234368,8024.83229198125
86.2002737484374,-0.657899228455799,-0.0320517540095594,0.505537810869046,0.557290599278247,3549.77739164182,2565.89392105106,5214.04307308408,8057.13570972036,7913.03796864208,8025.37273944712,8024.60599022914
86.4002743835845,-0.657895592624206,-0.0321260466120098,0.505474915072983,0.557347662206175,3549.0295364078,2564.96319899297,5215.01186910302,8057.36796690143,7913.16468492868,8025.22172099786,8024.37967996963
86.6002750187317,-0.657891948310452,-0.0322003387647504,0.505412012813238,0.557404718167854,3548.28150246612,2564.03234777885,5215.98040177518,8057.60021881996,7913.29144456394,8025.07066709428,8024.15336133018
86.8002756538789,-0.657888295518169,-0.0322746304664306,0.505349104093301,0.557461767155876,3547.53328985483,2563.10136745585,5216.94867105224,8057.8324654467,7913.4182473805,8024.91957783169,8023.92703443409
87.0002762890261,-0.65788463425086,-0.0323489217157112,0.505286188916565,0.557518809163078,3546.78489861201,2562.17025807115,5217.91667688587,8058.06470675297,7913.54509321667,8024.76845330239,8023.70069940068
87.2002769241733,-0.657880964511902,-0.0324232125112639,0.505223267286333,0.55757584418253,3546.03632877572,2561.2390196719,5218.88441922777,8058.29694271062,7913.67198191624,8024.6172935958,8023.47435634544
87.4002775593205,-0.657877286304553,-0.0324975028517711,0.505160339205816,0.557632872207532,3545.28758038406,2560.30765230527,5219.85189802965,8058.52917329201,7913.79891332825,8024.4660987986,8023.24800538015
87.6002781944677,-0.657873599631952,-0.032571792735925,0.50509740467814,0.5576898932316,3544.5386534751,2559.37615601845,5220.81911324322,8058.76139847,7913.92588730682,8024.31486899477,8023.02164661303
87.8002788296149,-0.657869904497129,-0.0326460821624281,0.505034463706347,0.557746907248462,3543.78954808696,2558.44453085863,5221.78606482021,8058.99361821792,7914.05290371097,8024.16360426573,8022.79528014888
88.000279464762,-0.657866200903005,-0.0327203711299921,0.504971516293402,0.557803914252047,3543.04026425774,2557.51277687298,5222.75275271239,8059.22583250959,7914.1799624044,8024.01230469043,8022.56890608917
88.2002800999092,-0.657862488852396,-0.0327946596373379,0.50490856244219,0.557860914236482,3542.29080202556,2556.58089410872,5223.7191768715,8059.45804131925,7914.30706325535,8023.86097034542,8022.34252453221
88.4002807350564,-0.65785876834802,-0.0328689476831953,0.504845602155524,0.557917907196079,3541.54116142856,2555.64888261305,5224.68533724934,8059.69024462156,7914.43420613642,8023.70960130498,8022.11613557322
88.6002813702036,-0.657855039392496,-0.0329432352663026,0.504782635436145,0.557974893125333,3540.79134250487,2554.71674243319,5225.65123379767,8059.92244239164,7914.56139092445,8023.55819764114,8021.88973930448
88.8002820053508,-0.657851301988354,-0.0330175223854063,0.504719662286725,0.558031872018913,3540.04134529263,2553.78447361634,5226.61686646831,8060.15463460495,7914.68861750029,8023.40675942382,8021.66333581541
89.000282640498,-0.657847556138029,-0.0330918090392609,0.504656682709871,0.558088843871655,3539.29116983001,2552.85207620973,5227.58223521309,8060.38682123739,7914.81588574871,8023.25528672088,8021.43692519271
89.2002832756452,-0.657843801843875,-0.0331660952266286,0.504593696708126,0.558145808678559,3538.54081615516,2551.9195502606,5228.54733998382,8060.61900226518,7914.94319555823,8023.1037795982,8021.21050752042
89.4002839107924,-0.65784003910816,-0.0332403809462789,0.504530704283971,0.55820276643478,3537.79028430627,2550.98689581618,5229.51218073235,8060.85117766494,7915.07054682101,8022.95223811976,8020.98408288002
89.6002845459395,-0.657836267933073,-0.0333146661969886,0.504467705439829,0.558259717135621,3537.03957432152,2550.05411292372,5230.47675741055,8061.08334741361,7915.19793943268,8022.8006623477,8020.75765135059
89.8002851810867,-0.657832488320724,-0.0333889509775413,0.504404700178066,0.558316660776533,3536.28868623909,2549.12120163047,5231.44106997028,8061.31551148847,7915.32537329223,8022.64905234238,8020.53121300879
90.0002858162339,-0.657828700273153,-0.0334632352867272,0.504341688500992,0.558373597353105,3535.53762009719,2548.18816198369,5232.40511836345,8061.54766986712,7915.45284830189,8022.49740816247,8020.30476792904
90.2002864513811,-0.657824903792324,-0.0335375191233431,0.504278670410866,0.55843052686106,3534.78637593403,2547.25499403063,5233.36890254193,8061.77982252746,7915.580364367,8022.345729865,8020.07831618356
90.4002870865283,-0.657821098880133,-0.033611802486192,0.504215645909895,0.558487449296249,3534.03495378783,2546.32169781857,5234.33242245766,8062.0119694477,7915.70792139593,8022.19401750542,8019.85185784246
90.6002877216755,-0.657817285538412,-0.0336860853740826,0.504152615000238,0.55854436465465,3533.28335369682,2545.38827339478,5235.29567806257,8062.24411060633,7915.83551929989,8022.04227113763,8019.62539297381
90.8002883568227,-0.657813463768926,-0.0337603677858297,0.504089577684007,0.558601272932359,3532.53157569924,2544.45472080656,5236.25866930858,8062.47624598212,7915.96315799293,8021.8904908141,8019.39892164374
91.0002889919698,-0.65780963357338,-0.0338346497202537,0.504026533963268,0.558658174125589,3531.77961983333,2543.52104010118,5237.22139614767,8062.7083755541,7916.09083739174,8021.73867658586,8019.17244391647
91.200289627117,-0.65780579495342,-0.0339089311761801,0.503963483840044,0.558715068230663,3531.02748613735,2542.58723132594,5238.1838585318,8062.94049930156,7916.21855741563,8021.58682850259,8018.94595985442
91.4002902622642,-0.657801947910632,-0.0339832121524398,0.503900427316315,0.558771955244012,3530.27517464955,2541.65329452815,5239.14605641297,8063.17261720405,7916.34631798637,8021.43494661266,8018.71946951825
91.6002908974114,-0.65779809244655,-0.0340574926478688,0.503837364394021,0.558828835162169,3529.52268540823,2540.71922975511,5240.10798974316,8063.40472924133,7916.47411902815,8021.28303096318,8018.49297296693
91.8002915325586,-0.657794228562653,-0.0341317726613077,0.503774295075064,0.558885707981769,3528.77001845166,2539.78503705414,5241.06965847439,8063.63683539342,7916.60196046745,8021.13108160002,8018.26647025781
92.0002921677058,-0.657790356260371,-0.034206052191602,0.503711219361307,0.558942573699539,3528.01717381813,2538.85071647256,5242.03106255868,8063.86893564054,7916.72984223299,8020.97909856791,8018.03996144669
92.200292802853,-0.657786475541081,-0.0342803312376016,0.503648137254578,0.558999432312303,3527.26415154594,2537.9162680577,5242.99220194809,8064.10102996315,7916.85776425562,8020.82708191042,8017.81344658784
92.4002934380001,-0.657782586406117,-0.0343546097981608,0.50358504875667,0.559056283816968,3526.5109516734,2536.98169185689,5243.95307659466,8064.33311834187,7916.98572646828,8020.67503167006,8017.58692573408
92.6002940731473,-0.657778688856762,-0.034428887872138,0.503521953869342,0.559113128210532,3525.75757423883,2536.04698791747,5244.91368645047,8064.56520075756,7917.11372880586,8020.52294788827,8017.36039893685
92.8002947082945,-0.657774782894261,-0.0345031654583959,0.50345885259432,0.559169965490073,3525.00401928057,2535.11215628679,5245.87403146759,8064.79727719127,7917.2417712052,8020.3708306055,8017.13386624622
93.0002953434417,-0.657770868519811,-0.034577442555801,0.503395744933302,0.559226795652748,3524.25028683694,2534.17719701221,5246.83411159812,8065.02934762421,7917.36985360497,8020.2186798612,8016.90732771098
93.2002959785889,-0.657766945734571,-0.0346517191632234,0.503332630887952,0.559283618695792,3523.49637694629,2533.24211014108,5247.79392679418,8065.26141203778,7917.49797594561,8020.06649569393,8016.68078337865
93.4002966137361,-0.657763014539661,-0.0347259952795371,0.503269510459908,0.559340434616512,3522.74228964698,2532.30689572077,5248.75347700789,8065.49347041355,7917.62613816927,8019.91427814129,8016.45423329557
93.6002972488833,-0.65775907493616,-0.0348002709036195,0.50320638365078,0.559397243412287,3521.98802497738,2531.37155379865,5249.71276219138,8065.72552273326,7917.75434021978,8019.76202724005,8016.2276775069
93.8002978840304,-0.657755126925114,-0.0348745460343515,0.50314325046215,0.559454045080564,3521.23358297585,2530.4360844221,5250.67178229682,8065.95756897881,7917.88258204252,8019.60974302613,8016.00111605669
94.0002985191776,-0.657751170507533,-0.0349488206706172,0.503080110895576,0.559510839618858,3520.47896368077,2529.50048763851,5251.63053727636,8066.18960913225,7918.01086358441,8019.45742553465,8015.77454898792
94.2002991543248,-0.65774720568439,-0.0350230948113039,0.503016964952589,0.559567627024743,3519.72416713055,2528.56476349526,5252.5890270822,8066.42164317576,7918.13918479387,8019.30507479996,8015.54797634252
94.400299789472,-0.657743232456628,-0.0350973684553019,0.502953812634698,0.559624407295857,3518.96919336358,2527.62891203977,5253.54725166652,8066.65367109171,7918.26754562069,8019.15269085563,8015.32139816142
94.6003004246192,-0.65773925082516,-0.0351716416015046,0.502890653943389,0.559681180429897,3518.21404241826,2526.69293331942,5254.50521098153,8066.88569286255,7918.39594601608,8019.00027373454,8015.09481448461
94.8003010597664,-0.657735260790864,-0.0352459142488081,0.502827488880125,0.559737946424617,3517.45871433302,2525.75682738164,5255.46290497945,8067.1177084709,7918.52438593252,8018.84782346887,8014.86822535113
95.0003016949136,-0.657731262354594,-0.0353201863961114,0.502764317446347,0.559794705277823,3516.70320914629,2524.82059427384,5256.42033361253,8067.3497178995,7918.6528653238,8018.69534009011,8014.64163079913
95.2003023300608,-0.657727255517172,-0.0353944580423159,0.502701139643478,0.559851456987377,3515.94752689649,2523.88423404344,5257.37749683301,8067.58172113121,7918.78138414489,8018.54282362915,8014.41503086591
95.400302965208,-0.657723240279394,-0.0354687291863259,0.502637955472919,0.559908201551188,3515.19166762208,2522.94774673788,5258.33439459316,8067.813718149,7918.90994235197,8018.39027411621,8014.18842558793
95.6003036003551,-0.65771921664203,-0.035542999827048,0.502574764936054,0.559964938967218,3514.43563136151,2522.01113240458,5259.29102684526,8068.04570893597,7919.03853990234,8018.23769158095,8013.96181500087
95.8003042355023,-0.657715184605825,-0.0356172699633912,0.502511568034246,0.560021669233473,3513.67941815324,2521.074391091,5260.2473935416,8068.27769347532,7919.16717675438,8018.08507605243,8013.73519913962
96.0003048706495,-0.657711144171499,-0.0356915395942667,0.502448364768842,0.560078392348004,3512.92302803575,2520.13752284458,5261.20349463448,8068.50967175037,7919.29585286756,8017.93242755917,8013.50857803834
96.2003055057967,-0.657707095339751,-0.0357658087185882,0.502385155141173,0.560135108308908,3512.16646104752,2519.20052771278,5262.15933007624,8068.74164374453,7919.42456820231,8017.77974612914,8013.28195173048
96.4003061409439,-0.657703038111254,-0.0358400773352712,0.502321939152553,0.560191817114323,3511.40971722703,2518.26340574307,5263.11489981919,8068.97360944129,7919.55332272007,8017.62703178982,8013.05532024879
96.6003067760911,-0.657698972486662,-0.0359143454432337,0.502258716804278,0.560248518762427,3510.65279661279,2517.3261569829,5264.0702038157,8069.20556882428,7919.68211638322,8017.47428456817,8012.82868362538
96.8003074112383,-0.657694898466607,-0.0359886130413953,0.502195488097632,0.560305213251437,3509.8956992433,2516.38878147975,5265.02524201813,8069.43752187717,7919.81094915504,8017.32150449069,8012.6020418917
97.0003080463854,-0.6576908160517,-0.0360628801286777,0.502132253033882,0.560361900579608,3509.13842515709,2515.45127928111,5265.98001437884,8069.66946858378,7919.93982099966,8017.16869158341,8012.37539507859
97.2003086815326,-0.657686725242535,-0.0361371467040046,0.502069011614284,0.560418580745231,3508.38097439267,2514.51365043446,5266.93452085024,8069.90140892795,7920.06873188208,8017.01584587192,8012.14874321632
97.4003093166798,-0.657682626039686,-0.0362114127663013,0.502005763840078,0.560475253746632,3507.62334698859,2513.57589498729,5267.88876138473,8070.13334289365,7920.1976817681,8016.86296738138,8011.92208633456
97.600309951827,-0.657678518443708,-0.0362856783144949,0.50194250971249,0.56053191958217,3506.86554298339,2512.63801298711,5268.84273593473,8070.3652704649,7920.32667062429,8016.71005613654,8011.69542446245
97.8003105869742,-0.657674402455141,-0.0363599433475141,0.501879249232737,0.560588578250238,3506.10756241561,2511.70000448143,5269.79644445267,8070.59719162581,7920.45569841799,8016.55711216177,8011.46875762859
98.0003112221214,-0.657670278074506,-0.0364342078642895,0.501815982402021,0.560645229749258,3505.34940532383,2510.76186951775,5270.74988689099,8070.82910636056,7920.58476511723,8016.40413548104,8011.24208586108
98.2003118572685,-0.657666145302309,-0.036508471863753,0.501752709221534,0.560701874077683,3504.59107174661,2509.82360814359,5271.70306320217,8071.06101465341,7920.71387069076,8016.25112611795,8011.01540918753
98.4003124924157,-0.657662004139041,-0.0365827353448381,0.501689429692456,0.560758511233996,3503.83256172254,2508.88522040648,5272.65597333867,8071.29291648867,7920.843015108,8016.09808409576,8010.78872763508
98.6003131275629,-0.657657854585178,-0.0366569983064797,0.501626143815956,0.560815141216706,3503.0738752902,2507.94670635396,5273.60861725299,8071.52481185073,7920.97219833902,8015.94500943738,8010.56204123039
98.8003137627101,-0.65765369664118,-0.0367312607476142,0.501562851593194,0.560871764024349,3502.31501248819,2507.00806603356,5274.56099489763,8071.75670072403,7921.10142035449,8015.7919021654,8010.33534999972
99.0003143978573,-0.657649530307496,-0.0368055226671793,0.501499553025318,0.560928379655488,3501.55597335512,2506.06929949281,5275.5131062251,8071.98858309309,7921.23068112569,8015.63876230209,8010.10865396887
99.2003150330045,-0.657645355584559,-0.0368797840641141,0.501436248113469,0.560984988108711,3500.79675792961,2505.13040677929,5276.46495118793,8072.22045894247,7921.35998062449,8015.48558986941,8009.88195316327
99.4003156681517,-0.657641172472791,-0.0369540449373589,0.501372936858775,0.561041589382629,3500.03736625027,2504.19138794054,5277.41652973869,8072.4523282568,7921.48931882331,8015.33238488904,8009.65524760792
99.6003163032989,-0.6576369809726,-0.0370283052858551,0.50130961926236,0.561098183475877,3499.27779835574,2503.25224302412,5278.36784182991,8072.68419102076,7921.61869569508,8015.17914738237,8009.42853732747
99.800316938446,-0.657632781084385,-0.0371025651085455,0.501246295325335,0.56115477038711,3498.51805428468,2502.31297207761,5279.31888741418,8072.91604721907,7921.74811121329,8015.0258773705,8009.20182234621
100.000317573593,-0.657628572808529,-0.0371768244043739,0.501182965048806,0.561211350115009,3497.75813407572,2501.37357514858,5280.26966644408,8073.14789683653,7921.87756535189,8014.8725748743,8008.97510268805
121.200384899195,-0.657134975029858,-0.0450451097473312,0.494434206328642,0.567167857245565,3416.21565447144,2401.09280155037,5379.53101287147,8097.68367636453,7935.81484175096,7998.4417918327,7984.92016704526
142.400452224797,-0.656547325467581,-0.0529062351089429,0.487615350907242,0.573042589401147,3332.74122631604,2299.45415374239,5475.74142255611,8122.12843807365,7950.1667304164,7981.66478659218,7960.83298891611
163.600519550399,-0.65586575120737,-0.0607589824577238,0.480727477772985,0.578834652174452,3247.38255737272,2196.51545633396,5568.84715609784,8146.46557964739,7964.91730846318,7964.55849975484,7936.7313841578
184.800586876,-0.655090391781309,-0.0686021371395872,0.473771674390985,0.58454317712249,3160.18842405397,2092.33525762196,5658.79631249693,8170.6785039035,7980.05073729054,7947.13987404328,7912.63306654387
206.000654201602,-0.654221404175565,-0.0764344876550267,0.466749039864478,0.59016731288767,3071.20863997323,1986.97279267677,5745.53885827306,8194.75062704375,7995.55106731139,7929.42594607673,7888.55576830185
227.200721527204,-0.653258962833493,-0.0842548259891076,0.459660684648836,0.595706225217948,2980.49402391742,1880.48794610296,5829.02665522792,8218.6654081904,8011.40225139416,7911.43382769989,7864.51721381123
248.400788852806,-0.652203259553133,-0.0920619479493305,0.452507730198157,0.601159097143971,2888.0963672706,1772.94121450681,5909.21348684193,8242.40637756309,8027.58816144346,7893.18068625279,7840.53509218437
269.600856178407,-0.651054503374169,-0.0998546534991477,0.445291308607282,0.606525129149316,2794.06840091864,1664.39366870212,5986.05508329721,8265.95716292269,8044.09260435734,7874.68372573973,7816.62703139923
290.800923504009,-0.649812920456379,-0.107631747086648,0.438012562250762,0.611803539330682,2698.46376166505,1554.90691568534,6059.50914512047,8289.30151435416,8060.89933739506,7855.96016882684,7792.81057394284
312.000990829611,-0.648478753949843,-0.115392037968194,0.430672643419193,0.616993563547895,2601.33695818757,1444.54306041086,6129.53536544099,8312.42332746414,8077.99208304455,7837.02723957496,7769.10315388213
333.201058155213,-0.647052263857115,-0.123134340526794,0.423272713953293,0.622094455563645,2502.74333656529,1333.36466739656,6196.09545086036,8335.30666506241,8095.35454346609,7817.90214682733,7745.52207528577
354.401125480814,-0.645533726887596,-0.130857474585005,0.415813944876111,0.627105487172941,2402.73904540559,1221.43472218941,6259.15314093202,8357.9357773917,8112.97041457666,7798.60206818298,7722.08449192847
375.601192806416,-0.643923436304354,-0.138560265712169,0.408297516023712,0.632025948322245,2301.38100059994,1108.81659272037,6318.67422624992,8380.29512096514,8130.82339982886,7779.14413449715,7698.80738821544
396.801260132018,-0.642221701763616,-0.146241545525784,0.400724615674741,0.636855147218272,2198.72684973748,995.573990577033,6374.62656514692,8402.36937606649,8148.89722372986,7759.54541485828,7675.70756127062
418.00132745762,-0.640428849147205,-0.153900151986829,0.393096440179193,0.641592410426483,2094.83493620459,881.770932222293,6426.9800990048,8424.143462965,8167.17564513841,7739.82290199822,7652.80160413665
439.201394783221,-0.638545220388149,-0.161534929688869,0.385414193586776,0.646237082959279,1989.76426299864,767.471700186398,6475.70686617886,8445.60255689357,8185.64247037232,7719.99349809788,7630.10589003859
460.401462108823,-0.63657117328974,-0.16914473014077,0.377679087275196,0.650788528353954,1883.57445628348,652.740804259268,6520.78101454115,8466.7321018367,8204.28156615376,7700.07400095535,7607.63655766673
481.601529434425,-0.634507081338303,-0.176728412042865,0.369892339578716,0.655246128740445,1776.32572871399,537.642942709347,6562.17881264744,8487.51782317302,8223.07687241634,7680.08109048711,7585.40949743547
502.801596760027,-0.632353333509923,-0.184284841556439,0.362055175417337,0.659609284898968,1668.07884255623,422.242963554623,6599.87865953388,8507.9457392161,8242.01241499496,7660.03131553533,7563.44033867763
524.001664085628,-0.630110334071425,-0.191812892566382,0.354168825926922,0.663877416307605,1558.8950726298,306.605825910825,6633.86109315046,8528.00217169647,8261.07231821766,7639.94108095627,7541.74443773399
545.20173141123,-0.627778502375851,-0.199311446936887,0.346234528090598,0.668049961179955,1448.83616909802,190.79656144118,6664.1087974389,8547.67375522787,8280.24081741751,7619.8266349658,7520.33686689865
566.401798736832,-0.625358272652729,-0.206779394760098,0.338253524371744,0.672126376492945,1337.96432013141,74.8802359315084,6690.6066080635,8566.94744580078,8299.50227138202,7599.70405671848,7499.23240418015
587.601866062434,-0.622850093793388,-0.214215634597575,0.330227062348892,0.676106138004934,1226.34211446934,-41.0780889862065,6713.34151680446,8585.81052834741,8318.84117475793,7579.58924409609,7478.44552383821
608.801933388036,-0.620254429131611,-0.221619073714515,0.322156394352827,0.679988740264224,1114.03250390425,-157.013393939211,6732.30267462333,8604.25062342327,8338.24217042976,7559.49790168097,7457.99038765422
630.002000713637,-0.617571756219886,-0.22898862830663,0.314042777106193,0.683773696608142,1001.09876571236,-272.860739726406,6747.48139341139,8622.255693052,8357.69006189181,7539.44552888792,7437.88083689247
651.202068039239,-0.614802566601547,-0.236323223719623,0.305887471365895,0.687460539152826,887.604465054342,-388.55530501643,6758.871146432,8639.81404578237,8377.16982563516,7519.44740822668,7418.13038490661
672.402135364841,-0.611947364998757,-0.243621795978365,0.297691742742911,0.691048818317521,773.613417368911,-504.032423810622,6766.4675674687,8656.91483640867,8396.66673966823,7499.51839923178,7398.75177467318
693.602202690443,-0.609006670419005,-0.250883289067441,0.289456858710981,0.694538103776194,659.189650781831,-619.227622650573,6770.2684486911,8673.54799496399,8416.16639281132,7479.67294633978,7379.75703185263
714.802270016045,-0.605981015436427,-0.258106656006034,0.281184089099617,0.697927984174039,544.397368552357,-734.076657550735,6770.27373725133,8689.70287342963,8435.65437840866,7459.92559624325,7361.15865635304
736.002337341646,-0.602870945219377,-0.265290860752516,0.2728747072641,0.701218066472203,429.300911578709,-848.515550636796,6766.48553062398,8705.36918229234,8455.11651233593,7440.29063235428,7342.96879832706
757.202404667248,-0.599677017724487,-0.27243487742467,0.264529988879388,0.704407976217718,313.964720983807,-962.480626471169,6758.90807070304,8720.53699040525,8474.53884465887,7420.78206556072,7325.19925434775
778.40247199285,-0.596399803460242,-0.279537690449958,0.256151211583513,0.707497357489613,198.453300801954,-1075.90854804744,6747.54773666955,8735.19672589848,8493.90767250007,7401.41362283727,7307.86146329432
799.602539318451,-0.593039885238127,-0.286598294731784,0.247739654646435,0.710485872828762,82.8311807868115,-1188.73635243608,6732.41303664406,8749.33917756899,8513.20955336529,7382.19873534051,7290.96650175085
820.802606644053,-0.589597857921636,-0.293615695808648,0.239296598644034,0.713373203159761,-32.8371206394072,-1300.90148606414,6713.51459813841,8762.95549601981,8532.43131878304,7363.15052627088,7274.52507953499
842.002673969655,-0.586074328173595,-0.30058891000581,0.230823325137101,0.716159047705215,-148.48713327596,-1412.34183961219,6690.8651573214,8776.0371946194,8551.56008830906,7344.28179844325,7258.54753528512
863.202741295257,-0.582469914202046,-0.307516964579482,0.222321116355478,0.718843123892645,-264.054471853636,-1522.99578251198,6664.47954711347,8788.57615037431,8570.58328395556,7325.6050214959,7243.04383201497
884.402808620859,-0.578785245504962,-0.314398897853608,0.21379125488757,0.721425167254231,-379.474872546009,-1632.80219702894,6634.37468412548,8800.56460481768,8589.48864511186,7307.13231866039,7228.02355253409
905.60287594646,-0.575020962614037,-0.321233759349304,0.205235023375384,0.723904931319607,-494.684229263362,-1741.70051191377,6600.56955445715,8811.99516502645,8608.26424402829,7288.87545300764,7213.49589462409
926.802943272062,-0.571177716837705,-0.328020609907405,0.196653704215561,0.726282187501759,-609.618629711127,-1849.63073560797,6563.08519837093,8822.86080498746,8626.89850196421,7270.84581304069,7199.46966576397
948.003010597664,-0.567256170003784,-0.334758521803772,0.188048579266215,0.728556724976409,-724.214391194919,-1956.53348898835,6521.94469385715,8833.15486788215,8645.38020619181,7253.05439736076,7185.95327688793
969.203077923265,-0.563256994202831,-0.34144657885417,0.179420929557149,0.730728350556637,-838.40809615461,-2062.35003763584,6477.17313910677,8842.87106689301,8663.6985273441,7235.51179929776,7172.95473727537
990.403145248867,-0.559180871529713,-0.348083876518861,0.170772035011514,0.732796888558419,-952.136627410114,-2167.02232361461,6428.79763390804,8852.00348863294,8681.84303810797,7218.22818986636,7160.48164695156
1011.60321257447,-0.555028493826882,-0.354669521995606,0.16210317416995,0.734762180662355,-1065.33720310183,-2270.49299674723,6376.84725998392,8860.54659712108,8699.80373285834,7201.21329978917,7148.54118840409
1032.80327990007,-0.5508005624279,-0.361202634307021,0.153415623921982,0.736624085769266,-1177.94741130902,-2372.70544537248,6321.35306028696,8868.49523870334,8717.57104838,7184.47640038182,7137.14011725383
1054.00334722567,-0.54649778790177,-0.367682344381487,0.144710659243999,0.738382479850228,-1289.90524432945,-2473.60382657232,6262.34801726902,8875.84464831888,8735.13588582481,7168.02628309592,7126.2847515128
1075.20341455127,-0.542120889798337,-0.374107795127665,0.135989552943851,0.740037255791293,-1401.1491326042,-2573.1330958551,6199.86703014307,8882.59045736953,8752.48963401745,7151.87123757278,7115.98095918964
1096.40348187688,-0.537670596395042,-0.380478141502809,0.127253575412132,0.741588323233043,-1511.61797827138,-2671.23903628198,6133.94689115487,8888.72870348238,8769.624194223,7136.01902805394,7106.2341439759
1117.60354920248,-0.53314764444528,-0.386792550575046,0.118503994380235,0.743035608405162,-1621.2511883331,-2767.86828702444,6064.62626088239,8894.25584248794,8786.53200648768,7120.47686799077,7097.04922872026
1138.80361652808,-0.52855277892866,-0.393050201579822,0.109742074685214,0.74437905395614,-1729.98870741985,-2862.96837134028,5991.94564258131,8899.16876297202,8803.20607765678,7105.25139269491,7088.43063637054
1160.00368385368,-0.523886752803461,-0.399250285970709,0.100969078041494,0.745618618778262,-1837.77105013725,-2956.48772395639,5915.94735559493,8903.46480379856,8819.64001116289,7090.34862987408,7080.38226803415
1181.20375117928,-0.519150326761595,-0.405392007464791,0.0921862628194367,0.746754277827976,-1944.53933297964,-3048.3757178466,5836.67550784754,8907.14177504032,8835.82803865846,7075.77396790667,7072.9074777793
1202.40381850489,-0.514344268986437,-0.411474582082827,0.0833948838307351,0.747786021941724,-2050.23530579586,-3138.58269039316,5754.17596744015,8910.19798279816,8851.76505354064,7061.53212172399,7066.00904377054
1223.60388583049,-0.50946935491386,-0.417497238184427,0.0745961921205945,0.748713857647325,-2154.80138279229,-3227.05996892079,5668.49633336816,8912.63225843244,8867.44664637882,7047.62709619386,7059.68913530623
1244.80395315609,-0.504526366996924,-0.423459216498412,0.0657914347665988,0.749537806970928,-2258.18067305888,-3313.75989559246,5579.68590538065,8914.44399277266,8882.86914220427,7034.06214693652,7053.94927530328
1266.00402048169,-0.499516094474626,-0.429359770148594,0.0569818546841279,0.750257907239584,-2360.31701060369,-3398.63585165648,5487.79565300142,8915.63317591125,8898.0296395543,7020.83973855524,7048.79029775915
1287.20408780729,-0.494439333145234,-0.435198164675113,0.0481686904381257,0.750874210879416,-2461.15498388216,-3481.64228103453,5392.87818373226,8916.20044322067,8912.92605107516,7007.96150033583,7044.21229971562
1308.40415513289,-0.489296885144736,-0.440973678051504,0.039353176060952,0.751386785209391,-2560.63996480713,-3562.73471324093,5294.98771045908,8916.14712825629,8927.55714537558,6995.42817956411,7040.21458725835
1329.6042224585,-0.484089558730138,-0.446685600714444,0.0305365408869758,0.751795712220743,-2658.71813722629,-3641.86978562335,5194.18001808222,8915.47532633426,8941.92259041769,6983.23959151505,7036.79561236014
1350.8042897841,-0.478818168011597,-0.452333237074103,0.0217200103467642,0.752101087468046,-2755.33652485372,-3719.005264916,5090.51242939231,8914.18859759914,8956.02314818836,6971.3943191076,7033.95234509745
1372.0043571097,-0.473483532965486,-0.45791590120905,0.0129048030008179,0.752303022385219,-2850.44301864258,-3794.10006809609,4984.04377021357,8912.29117193894,8969.86051933789,6959.88999479951,7031.68096789651
1393.2044244353,-0.468086479005392,-0.463432920510868,0.0040921327777868,0.752401641949584,-2943.98640358631,-3867.11428253539,4874.83433383671,8909.78779531629,8983.43732107721,6948.72334866344,7029.97700714063
1414.4044917609,-0.462627836854597,-0.468883635221904,-0.00471679150372973,0.752397084700784,-3035.91638493604,-3938.00918543845,4762.945844764,8906.68431469378,8996.75723375789,6937.88997160987,7028.83481521135
1435.6045590865,-0.457108442390824,-0.474267398036658,-0.0135207665452093,0.752289502735884,-3126.18361382202,-4006.74726255978,4648.44142178949,8902.98777259176,9009.82502990463,6927.38427216433,7028.24748564938
1456.80462641211,-0.451529136481364,-0.479583574078062,-0.0223185947289054,0.752079061477072,-3214.73971226739,-4073.29222619268,4531.38554043762,8898.70652295152,9022.64659907431,6917.19943307202,7028.20675178298
1478.00469373771,-0.44589076482947,-0.484831540873756,-0.0311090842742483,0.751765939431541,-3301.53729758308,-4137.60903242268,4411.84399478377,8893.85035626859,9035.22896275425,6907.32737496451,7028.70288025979
1499.20476106331,-0.440194177833085,-0.490010688323779,-0.0398910493960485,0.751350327948549,-3386.53000613258,-4199.6638976391,4289.88385868084,8888.43063258349,9047.58027595445,6897.75873029712,7029.7245614875
1520.40482838891,-0.43444023045647,-0.495120418657662,-0.0486633104662625,0.750832430974885,-3469.6725164562,-4259.42431429856,4165.57344641593,8882.46042039726,9059.70981162409,6888.48283132688,7031.25879954569
1541.60489571451,-0.428629782115039,-0.500160146378614,-0.0574246941810942,0.7502124648103,-3550.92057174442,-4316.85906593495,4038.98227282198,8875.95463865752,9071.62792343184,6879.48771659216,7033.29080503647
1562.80496304012,-0.42276369657321,-0.505129298192038,-0.0661740337351981,0.749490657865051,-3630.23100165052,-4371.93824141037,3910.18101286899,8868.93019783449,9083.34598189043,6870.76016105731,7035.8038954071
1584.00503036572,-0.416842841854427,-0.510027312915165,-0.0749101690046134,0.74866725042235,-3707.56174343318,-4424.63324840273,3779.24146076027,8861.40613477922,9094.87627833716,6862.28573574474,7038.77940848534
1605.20509769132,-0.410868090161605,-0.514853641364243,-0.0836319467397142,0.747742494409312,-3782.87186241996,-4474.91682612551,3646.23648855891,8853.40373454606,9106.23189098744,6854.04890321682,7042.1966362817
1626.40516501692,-0.404840317805109,-0.519607746215541,-0.0923382207688716,0.746716653180779,-3856.12157178316,-4522.76305727597,3511.24000437044,8844.94663071587,9117.4265072611,6846.03315559072,7046.03278746781
1647.60523234252,-0.398760405134001,-0.524289101836475,-0.101027852212586,0.745590001321223,-3927.27225162016,-4568.14737920881,3374.32691010741,8836.06087406583,9128.47419697002,6838.22120174048,7050.26298822906
1668.80529966812,-0.392629236464641,-0.528897194083633,-0.109699709706546,0.744362824470669,-3996.28646733038,-4611.04659433236,3235.57305886213,8826.77495783144,9139.38913189608,6830.59520980903,7054.86033226535
1690.00536699373,-0.386447699999031,-0.533431520065472,-0.118352669630322,0.743035419180993,-4063.12798728206,-4651.43887972526,3095.05521191394,8817.11978649729,9150.18524893127,6823.1371099485,7059.7959913725
1711.20543431933,-0.38021668772353,-0.53789158786914,-0.126985616336276,0.741608092809038,-4127.76179976213,-4689.30379597204,2952.85099539743,8807.12857429237,9160.87585643513,6815.82896016066,7065.03939803369
1732.40550164493,-0.373937095277143,-0.54227691625328,-0.135597442370777,0.740081163452381,-4190.15412920317,-4724.6222952164,2809.03885665827,8796.83665966366,9171.47318688169,6808.65337508095,7070.55851050591
1753.60556897053,-0.367609821777693,-0.546587034311985,-0.144187048677217,0.738454959932125,-4250.27245168185,-4757.37672843182,2663.69802032343,8786.28122330356,9181.9879032298,6801.59401346573,7076.3201687152
1774.80563629613,-0.361235769594246,-0.550821481118993,-0.152753344767847,0.736729821824641,-4308.085509684,-4787.55085190933,2516.90844411259,8775.50090013715,9192.42857164126,6794.63611504495,7082.29054563906
1796.00570362173,-0.354815844055633,-0.554979805365703,-0.161295248849555,0.734906099540544,-4363.56332613173,-4815.12983296327,2368.75077441752,8764.53528029023,9202.80111890411,6787.76707149587,7088.43569361782
1817.20577094734,-0.348350953088013,-0.55906156501103,-0.16981168788793,0.732984154444516,-4416.67721766875,-4840.1002548559,2219.30630167655,8753.42430054951,9213.10829870919,6780.9770099883,7094.72217824564
1838.40583827294,-0.341842006779521,-0.56306632696492,-0.178301597594725,0.730964359004153,-4467.39980720054,-4862.45012094279,2068.65691557075,8742.20753604024,9223.34919609158,6774.25936167815,7101.11778444636
1859.60590559854,-0.33528991687685,-0.566993666829684,-0.186763922326805,0.72884709695028,-4515.70503568669,-4882.16885804113,1916.88506006885,8730.92341130738,9233.51880304806,6767.61138251109,7107.59227064079
1880.80597292414,-0.328695596226867,-0.57084316872329,-0.195197614889854,0.726632763426154,-4561.568173183,-4899.24731902375,1764.07368834766,8719.60835986073,9243.60769968314,6761.03459068112,7114.11813847227
1902.00604024974,-0.322059958185002,-0.574614425205732,-0.203601636247614,0.724321765099362,-4604.96582913194,-4913.67778464229,1610.3062176145,8708.29597037551,9253.60187343048,6754.53508498116,7120.67137852435
1923.20610757534,-0.315383916020029,-0.578307037323159,-0.211974955146476,0.721914520209305,-4645.87596190023,-4925.45396458338,1455.66648385837,8697.01616477012,9263.48270343969,6748.12371177877,7127.23214808141
1944.40617490095,-0.308668382350421,-0.581920614774916,-0.2203165476749,0.719411458525489,-4684.27788756314,-4934.57099776227,1300.23869655612,8685.79445696629,9273.2271280821,6741.81605572511,7133.78533636064
1965.60624222655,-0.301914268649475,-0.585454776196829,-0.228625396785823,0.716813021197787,-4720.15228793553,-4941.02545185892,1144.1073933598,8674.65134020839,9282.80800127862,6735.63224025972,7140.32097651211
1986.80630955215,-0.295122484853806,-0.58890914954162,-0.236900491816504,0.714119660489039,-4753.48121785034,-4944.815322102,987.357394791055,8663.60184487138,9292.19462916303,6729.59653756778,7146.83447216218
2008.00637687775,-0.288293939102494,-0.592283372526041,-0.245140828042719,0.711331839391768,-4784.24811168565,-4945.94002930695,830.073758968399,8652.6552979576,9301.35346411744,6723.73680238238,7153.32661874753
2029.20644420335,-0.281429537622893,-0.595577093106219,-0.253345406302117,0.708450031142724,-4812.43778914214,-4944.40041717438,672.341736392523,8641.81530101528,9310.24892032009,6718.08375806632,7159.80341502457
2050.40651152896,-0.274530184765348,-0.598789969939185,-0.261513232715045,0.705474718659613,-4838.03646027322,-4940.19874885608,514.246724814836,8631.07992671777,9318.84426536166,6712.67017491321,7166.27567609543
2071.60657885456,-0.267596783175481,-0.601921672791646,-0.269643318520494,0.702406393930961,-4861.03172977075,-4933.33870279601,355.874224213841,8620.44211850935,9327.10253761743,6707.52998784585,7172.75847350564
2092.80664618016,-0.260630234077447,-0.604971882855661,-0.277734680035941,0.699245557400364,-4881.41260050957,-4923.82536785411,197.309791903686,8609.89026062617,9334.98743850631,6702.69740435155,7179.27044214085
2114.00671350576,-0.253631437640009,-0.607940292960805,-0.28578633873005,0.695992717368987,-4899.169476355,-4911.66523772151,38.6389977987426,8599.40887959901,9342.46415469337,6698.20604947566,7185.83299719122
2135.20678083136,-0.24660129338448,-0.610826607660393,-0.293797321396483,0.692648389455609,-4914.29416423751,-4896.86620463587,-120.052620142315,8588.97943024373,9349.50007358662,6694.08818887845,7192.46950901552
2156.40684815696,-0.23954070059964,-0.61363054319709,-0.301766660403464,0.689213096132697,-4926.77987549948,-4879.43755240603,-278.67960026998,8578.58111718191,9356.06536643999,6690.37406170461,7199.20448254172
2177.60691548257,-0.232450558731939,-0.616351827359637,-0.309693393991725,0.685687366351118,-4936.6212265197,-4859.38994875561,-437.156601372422,8568.19170800982,9362.1334257795,6687.09134315935,7206.06278052469
2198.80698280817,-0.225331767726387,-0.618990199249493,-0.317576566593504,0.682071735257411,-4943.81423862102,-4836.73543699569,-595.398446557095,8557.78830055003,9367.68115516916,6684.26474556762,7213.06892193292
2220.00705013377,-0.218185228302184,-0.621545408980661,-0.32541522914797,0.67836674399941,-4948.35633726801,-4811.4874270366,-753.32016686398,8547.34801543985,9372.68911899715,6681.91575654749,7220.2464770501
2241.20711745937,-0.211011842155546,-0.624017217336973,-0.333208439393155,0.674572939610182,-4950.24635056078,-4783.66068574979,-910.837044589618,8536.84859482229,9377.14156721458,6680.06250477355,7227.61757124093
2262.40718478497,-0.203812512089564,-0.62640539540954,-0.340955262120231,0.670690874956625,-4949.48450703264,-4753.27132669061,-1067.86465630162,8526.26889701394,9381.02635458943,6678.71973802987,7235.202500691
2283.60725211058,-0.196588142076565,-0.628709724233706,-0.348654769381624,0.66672110873761,-4946.07243275881,-4720.3367991932,-1224.31891552398,8515.58928494503,9384.33477620116,6677.89889486655,7243.01945639458
2304.80731943618,-0.189339637262189,-0.6309299944406,-0.356306040649602,0.6626642055168,-4940.01314778424,-4684.87587684912,-1380.11611507406,8504.79191245177,9387.06134099657,6677.60824991156,7251.08434749396
2326.00738676178,-0.182067903922392,-0.633066005933886,-0.363908162926041,0.658520735776799,-4931.31106187881,-4646.90864538138,-1535.1729690328,8493.86091700857,9389.2035037775,6677.8531133185,7259.41071175386
2347.20745408738,-0.17477384938506,-0.635117567598195,-0.371460230807029,0.654291275983463,-4919.97196962848,-4606.45648992592,-1689.40665433039,8482.78253030591,9390.76137353194,6678.63606646255,7268.00969927488
2368.40752141298,-0.167458381927329,-0.63708449704218,-0.378961346507782,0.649976408651731,-4906.00304487137,-4563.54208173253,-1842.73485193018,8471.54511944346,9391.73741303532,6679.95721836402,7276.89011519387
2389.60758873858,-0.160122410658442,-0.638966620376451,-0.38641061985428,0.645576722406761,-4889.41283448789,-4518.18936429778,-1995.07578759419,8460.13917172622,9392.13614152453,6681.8144700233,7286.05850773841
2410.80765606419,-0.152766845396303,-0.640763772024698,-0.393807168248187,0.641092812036359,-4870.21125155447,-4470.42353894209,-2146.3482722147,8448.5572354399,9391.96384925978,6684.20377659086,7295.51928926338
2432.00772338979,-0.145392596544172,-0.642475794565075,-0.401150116611283,0.636525278532498,-4848.40956787064,-4420.27104984384,-2296.47174169636,8436.79382783532,9391.22833011736,6687.1193998601,7305.27487951853
2453.20779071539,-0.138000574972277,-0.644102538598284,-0.408438597315008,0.631874729121141,-4824.0204058692,-4367.75956854291,-2445.36629637459,8424.84532010902,9389.93863608857,6690.55414583426,7315.32586215292
2474.40785804099,-0.130591691907657,-0.645643862638586,-0.4156717500999,0.627141777280631,-4797.05772991984,-4312.91797792654,-2592.95273995633,8412.70980761927,9388.10485572542,6694.49958402244,7325.6711471979
2495.60792536659,-0.123166858834339,-0.64709963302403,-0.422848721988879,0.622327042749566,-4767.53683703634,-4255.77635571019,-2739.15261796999,8400.38697205195,9385.73791715474,6698.94624665388,7336.30813387815
2516.80799269219,-0.115726987404948,-0.648469723842544,-0.429968667197505,0.617431151525537,-4735.47434699783,-4196.36595742619,-2883.88825571219,8387.87794083783,9382.849415236,6703.88380718418,7347.23286952352
2538.0080600178,-0.108272989364139,-0.649754016870864,-0.437030747043646,0.612454735856294,-4700.88819189473,-4134.71919893307,-3027.08279567942,8375.1851478694,9379.45146171118,6709.30123834332,7358.44020156488
2559.2081273434,-0.100805776483702,-0.650952401523761,-0.444034129858328,0.607398434224952,-4663.79760510984,-4070.86963845811,-3168.66023447349,8362.31219849002,9375.55655672441,6715.18695059036,7369.92392059628
2580.408194669,-0.0933262605088009,-0.65206477481146,-0.450977990899068,0.602262891330823,-4624.2231097456,-4004.85195818601,-3308.54545917033,8349.26374083705,9371.17747982337,6721.52891224184,7381.67689328275
2601.6082619946,-0.0858353531146235,-0.653091041303556,-0.457861512266546,0.597048758067309,-4582.18650650789,-3936.70194540613,-3446.6642831423,8336.04534489701,9366.32719844028,6728.3147527774,7393.69118451328
2622.8083293202,-0.0783339658725431,-0.65403111309808,-0.464683882825197,0.591756691498173,-4537.71086105759,-3866.45647323095,-3582.94348132476,8322.66339006232,9361.01879184618,6735.53185093682,7405.95816866517
2644.00839664581,-0.0708230102248815,-0.654884909794729,-0.47144429812802,0.586387354833317,-4490.82049084036,-3794.15348089814,-3717.31082491839,8309.12496154168,9355.26538864506,6743.16740924165,7418.46863018417
2665.20846397141,-0.0633033974673392,-0.655652358471499,-0.478141960345783,0.580941417405013,-4441.54095140549,-3719.83195366836,-3849.69511551926,8295.43775564978,9349.08011599506,6751.20851652964,7431.21285392167
2686.40853129701,-0.0557760387381975,-0.656333393664198,-0.484776078200641,0.575419554645406,-4389.89902222473,-3643.53190233112,-3980.02621866932,8281.60999376681,9342.47605889353,6759.64220000346,7444.18070582382
2707.60859862261,-0.0482418450134566,-0.656927957348484,-0.491345866904145,0.56982244806594,-4335.92269202145,-3565.29434233042,-4108.23509682047,8267.65034459523,9335.46622802558,6768.4554681827,7457.36170465953
2728.80866594821,-0.040701727107135,-0.657435998924214,-0.497850548099532,0.564150785239206,-4279.64114362091,-3485.16127252213,-4234.253841706,8253.56785423572,9328.06353484081,6777.63534602332,7470.74508551822
2750.00873327381,-0.0331565956760244,-0.657857475201985,-0.504289349808215,0.558405259783658,-4221.08473833199,-3403.17565357438,-4358.01570611368,8239.37188354187,9320.28077268369,6787.16890333874,7484.31985581844
2771.20880059942,-0.0256073612282708,-0.65819235039184,-0.510661506380329,0.552586571351461,-4160.28499987078,-3319.38138602251,-4479.45513505535,8225.07205218446,9312.13060295413,6797.04327752992,7498.07484455297
2792.40886792502,-0.0180549341676166,-0.658440596128488,-0.516966258448076,0.546695425578413,-4097.27459783613,-3233.82328798941,-4598.50779632823,8210.67820090983,9303.62554818417,6807.24568691684,7511.99873478512
2813.60893525062,-0.010500224821982,-0.658602191475138,-0.52320285288611,0.540732534063439,-4032.08733074713,-3146.54707258222,-4715.11061046375,8196.20041404157,9294.77800156357,6817.76341844961,7526.08004249915
2834.80900257622,-0.00294414323402644,-0.658677122684672,-0.529370542778499,0.534698614652082,-3964.75810865249,-3057.59932497591,-4829.20178006014,8181.64882640417,9285.60018907245,6828.5838963049,7540.30728520604
2856.00906990182,0.0046124005457259,-0.658665383489573,-0.535468587373797,0.528594391087958,-3895.32293532131,-2967.02747919379,-4940.72081849531,8167.03364829442,9276.10418065424,6839.69466814777,7554.66895789508
2877.20913722742,0.0121684965263078,-0.658566975006644,-0.541496252059436,0.522420593132078,-3823.81889002458,-2874.87979459525,-5049.60857801699,8152.36515071945,9266.30189381294,6851.08340464792,7569.1535442923
2898.40920455303,0.0197232347614355,-0.658381905733159,-0.547452808335036,0.516177956580675,-3750.28410891678,-2781.20533208005,-5155.80727720756,8137.65363809622,9256.20509525591,6862.73790316651,7583.74953878183
2919.60927187863,0.027275705327248,-0.658110191552617,-0.553337533789136,0.50986722327841,-3674.75776602633,-2686.05393001887,-5259.26052782108,8122.90942446153,9245.82540364576,6874.64608981766,7598.44546516304
2940.80933920423,0.0348249982992929,-0.657751855743499,-0.559149712079524,0.503489141134963,-3597.28005386359,-2589.4761799188,-5359.91336099061,8108.14281254615,9235.17429312002,6886.79602031288,7613.22989287201
2962.00940652983,0.0423702037291265,-0.657306928991023,-0.564888632917199,0.49704446414509,-3517.89216365484,-2491.5234018328,-5457.71225280384,8093.36407538234,9224.26309735922,6899.17587984395,7628.09145099375
2983.20947385543,0.0499104116207659,-0.65677544940197,-0.570553592053988,0.49053395241204,-3436.63626521033,-2392.24761952146,-5552.60514924554,8078.58344015254,9213.10301402596,6911.77398221545,7643.01884034893
3004.40954118104,0.0574447119072058,-0.656157462522673,-0.576143891273868,0.48395837217421,-3353.55548643427,-2291.70153537506,-5644.54149050544,8063.81107401811,9201.70510943017,6924.57876840372,7658.00084390535
3025.60960850664,0.0649721944272068,-0.655453021360254,-0.581658838388024,0.477318495834932,-3268.69389248429,-2189.93850510386,-5733.47223465016,8049.05707169577,9190.08032330547,6937.57880468739,7673.02633573328
3046.80967583224,0.0724919489025486,-0.654662186407157,-0.587097747233726,0.470615101995244,-3182.09646458752,-2087.01251220392,-5819.34988065825,8034.33144457488,9178.23947360355,6950.76278047049,7688.08428869712
3068.00974315784,0.0800030649159329,-0.653785025669037,-0.592459937677067,0.463848975489524,-3093.80907852046,-1982.97814220576,-5902.12849081701,8019.64411119299,9166.19326123491,6964.11950589604,7703.16378105104
3089.20981048344,0.0875046318897172,-0.652821614696053,-0.597744735619639,0.457020907423819,-3003.87848275901,-1877.89055671253,-5981.76371248034,8005.00488890792,9153.9522746991,6977.63790933027,7718.25400208485
3110.40987780904,0.0949957390656552,-0.651772036617605,-0.602951473009236,0.450131695216746,-2912.35227630531,-1771.80546723436,-6058.21279918649,7990.42348662412,9141.52699456229,6991.30703478205,7733.34425694714
3131.60994513465,0.10247547548581,-0.650636382180522,-0.608079487854633,0.443182142642781,-2819.27888619709,-1664.77910882504,-6131.43463113468,7975.90949844805,9128.9277977505,7005.11603930875,7748.42397075606
3152.81001246025,0.109942929974812,-0.649414749790737,-0.613128124244535,0.436173059877804,-2724.70754470559,-1556.86821352692,-6201.38973501947,7961.47239816262,9116.16496163602,7019.05419044941,7763.4826920931
3174.01007978585,0.117397191123618,-0.648107245558447,-0.618096732370778,0.429105263546713,-2628.68826622732,-1448.12998362983,-6268.04030322189,7947.12153442476,9103.24866790217,7033.11086371633,7778.51009596215
3195.21014711145,0.124837347274946,-0.646713983346757,-0.622984668555852,0.421979576772953,-2531.2718238748,-1338.62206474936,-6331.35021235572,7932.86612660167,9090.18900617719,7047.27554016928,7793.49598628499
3216.41021443705,0.132262486510537,-0.645235084823798,-0.627791295284825,0.414796829229777,-2432.50972577136,-1228.40251872959,-6391.28504116767,7918.71526117291,9076.99597743328,7061.5378040897,7808.43029799365
3237.61028176265,0.139671696640395,-0.643670679518298,-0.632515981241764,0.407557857193079,-2332.45419105432,-1117.52979637525,-6447.81208778985,7904.67788863414,9063.67949715006,7075.88734076761,7823.30309877238
3258.81034908826,0.147064065194189,-0.642020904878585,-0.63715810135069,0.400263503595601,-2231.15812559117,-1006.06271001803,-6500.90038634226,7890.76282084789,9050.24939824534,7090.31393440926,7838.10459049297
3280.01041641386,0.15443867941494,-0.64028590633499,-0.641717036821184,0.392914618082338,-2128.67509741265,-894.060405921441,-6550.52072288365,7876.97872879328,9036.71543377791,7104.80746617021,7852.82511038145
3301.21048373946,0.161794626255177,-0.638465837365585,-0.646192175198681,0.38551205706697,-2025.05931186673,-781.582336528687,-6596.64565070788,7863.33414067392,9023.08727942906,7119.35791231613,7867.45513194786
3322.41055106506,0.1691309923757,-0.636560859565243,-0.650582910419541,0.378056683789097,-1920.36558649707,-668.688232557534,-6639.24950498328,7849.83744034888,9009.37453577059,7133.95534251064,7881.98526570559
3343.61061839066,0.176446864147103,-0.634571142717928,-0.654888642870941,0.370549368372117,-1814.64932564937,-555.438074946351,-6678.30841673175,7836.4968660572,8995.58673032836,7148.58991822829,7896.40625970228
3364.81068571627,0.183741327654219,-0.632496864872165,-0.659108779455664,0.362990987881533,-1707.96649480903,-441.892066655154,-6713.80032614429,7823.32050941061,8981.73331945034,7163.2518912893,7910.70899988063
3386.01075304187,0.191013468703633,-0.630338212419628,-0.663242733661829,0.355382426383492,-1600.37359467303,-328.110604325504,-6745.70499522881,7810.31631463385,8967.82368998922,7177.93160251127,7924.88451028335
3407.21082036747,0.198262372834405,-0.62809538017674,-0.66728992563761,0.34772457500335,-1491.92763495911,-214.154249803011,-6774.00401978623,7797.49207803545,8953.86716080892,7192.61948047277,7938.92395311394
3428.41088769307,0.205487125332167,-0.625768571469219,-0.671249782271001,0.34001833198407,-1382.68610795511,-100.0837015262,-6798.68084070996,7784.85544769525,8939.87298412475,7207.30604038292,7952.81862866215
3449.61095501867,0.212686811246714,-0.623357998219474,-0.675121737274649,0.332264602744221,-1272.70696181117,14.0402342145628,-6819.72075460353,7772.41392335796,8925.85034668643,7221.98188305065,7966.55997510038
3470.81102234427,0.21986051541327,-0.620863881036738,-0.678905231275802,0.324464299935386,-1162.04857357753,128.156672144296,-6837.11092371089,7760.17485652489,8911.80837081277,7236.63769394752,7980.13956815548
3492.01108966988,0.227007322477533,-0.618286449309839,-0.68259971191139,0.316618343498762,-1050.76972199057,242.204676992996,-6850.84038515301,7748.14545073826,8897.75611528627,7251.26424235768,7993.54912065825
3513.21115699548,0.234126316924668,-0.615625941302495,-0.686204633928261,0.308727660720719,-938.929560009724,356.123292603679,-6860.9000594643,7736.33276205512,8883.70257611523,7265.85238060882,8006.78048197165
3534.41122432108,0.241216583112363,-0.612882604251004,-0.689719459288592,0.300793186287118,-826.587587108046,469.851571154867,-6867.28275842156,7724.74369970953,8869.65668716991,7280.39304337834,8019.82563729686
3555.61129164668,0.2482772053081,-0.6100566944642,-0.693143657280473,0.292815862336152,-713.803621319018,583.328602493334,-6869.98319215784,7713.38502696397,8855.62732069866,7294.87724706933,8032.67670685534
3576.81135897228,0.255307267730761,-0.607148477425547,-0.696476704633674,0.284796638509504,-600.637771042517,696.493543572761,-6868.99797555296,7702.2633621523,8841.62328772848,7309.29608925171,8045.32594494398
3598.01142629788,0.262305854596704,-0.604158227897217,-0.699718085640577,0.276736472001567,-487.150406612859,809.285647993731,-6864.32563389211,7691.38517991876,8827.65333835374,7323.64074816422,8057.76573885908
3619.21149362349,0.269272050170428,-0.601086230026008,-0.702867292282269,0.268636327606538,-373.402131631992,921.644295640224,-6855.96660778303,7680.75681265814,8813.72616191448,7337.90248227446,8069.98860768471
3640.41156094909,0.276204938819948,-0.597932777450941,-0.705923824359767,0.260497177763126,-259.453754071148,1033.5090224075,-6843.92325732225,7670.38445216452,8799.85038706521,7352.07262989478,8081.98720093969
3661.61162827469,0.283103605077007,-0.594698173412373,-0.708887189630347,0.252320002596658,-145.36625714445,1144.81955001592,-6828.19986550006,7660.27415149674,8786.0345817327,7366.14260885316,8093.75429707743
3682.81169560029,0.289967133702221,-0.591382730862457,-0.711756903948942,0.244105789958366,-31.2007699582313,1255.51581590501,-6808.80264083337,7650.43182706962,8772.28725295893,7380.10391622022,8105.28280183244
3704.01176292589,0.296794609755281,-0.587986772576769,-0.714532491414551,0.235855535461603,82.9814620598489,1365.53800320137,-6785.73971921534,7640.86326098157,8758.61684662388,7393.94812809442,8116.56574640709
3725.2118302515,0.303585118670307,-0.584510631266913,-0.717213484521627,0.227570242514781,197.119106947513,1474.82657075414,-6759.02116497001,7631.57410358947,8745.03174703917,7407.66689945069,8127.59628549253
3746.4118975771,0.310337746336456,-0.580954649693915,-0.719799424316357,0.219250922350787,311.150776205627,1583.32228323068,-6728.65897109986,7622.56987634239,8731.54027640133,7421.25196405918,8138.36769511811
3767.6119649027,0.317051579183873,-0.577319180782218,-0.722289860557774,0.210898594052668,425.015055001847,1690.96624126511,-6694.66705871365,7613.85597488642,8718.15069408935,7434.69513448444,8148.87337032404
3788.8120322283,0.323725704275065,-0.573604587734056,-0.724684351883632,0.202514284575328,538.650532574539,1797.69991165164,-6657.06127562173,7605.43767245807,8704.87119578864,7447.98830217627,8159.1068226488
3810.0120995539,0.330359209401797,-0.569811244144002,-0.726982465980938,0.194099028763049,651.995832830886,1903.46515757399,-6615.85939408537,7597.3201236032,8691.70991242336,7461.12343765992,8169.06167740677
3831.2121668795,0.336951183187788,-0.565939534113428,-0.729183779760945,0.185653869362767,764.989645132585,2008.20426886186,-6571.0811077067,7589.50836807752,8678.67490883362,7474.09259090631,8178.73167089234
3852.41223420511,0.343500715196671,-0.561989852364792,-0.731287879538799,0.1771798570324,877.570755261983,2111.85999226461,-6522.7480274451,7582.00733518389,8665.77418221496,7486.88789181831,8188.11064729776
3873.61230153071,0.350006896045996,-0.557962604355345,-0.733294361217374,0.168678050344589,989.678076560939,2214.37556173179,-6470.88367674617,7574.82184840846,8653.01566024691,7499.50155092045,8197.19255547933
3894.81236885631,0.356468817526971,-0.553858206390119,-0.735202830475345,0.160149515785359,1101.25068123406,2315.69472868939,-6415.51348576873,7567.95663037339,8640.40719886268,7511.92586028874,8205.97144557155
3916.01243618191,0.362885572730068,-0.549677085733927,-0.737012902959335,0.151595327747531,1212.22783180735,2415.76179230025,-6356.66478469555,7561.41630811748,8627.9565796017,7524.15319476681,8214.44146545781
3937.21250350751,0.369256256176546,-0.545419680722134,-0.738724204479978,0.143016568518726,1322.54901273261,2514.52162969608,-6294.36679611301,7555.20541869937,8615.67150647411,7536.17601352851,8222.59685712307
3958.41257083311,0.375579963955958,-0.541086440869922,-0.74033637121174,0.134414328263748,1432.15396212723,2611.91972616799,-6228.65062644534,7549.32841511131,8603.5596022536,7547.98686205908,8230.43195292334
3979.61263815872,0.381855793869672,-0.536677826979831,-0.741849049896325,0.125789705001199,1540.9827036383,2707.9022053017,-6159.54925642859,7543.78967248248,8591.6284041015,7559.57837463998,8237.94117181814
4000.81270548432,0.388082845580476,-0.532194311247253,-0.743261898049483,0.117143804574136,1648.97557841923,2802.41585904296,-6087.09753060991,7538.59349453853,8579.88535840829,7570.94327743873,8245.11901562691
4022.01277280992,0.394260220768291,-0.527636377363663,-0.744574584171011,0.108477740614633,1756.07327720624,2895.40817767752,-6011.33214585775,7533.74412027036,8568.33781472161,7582.07439232229,8251.96006538656
4043.21284013552,0.400387023292047,-0.523004520617286,-0.745786787957758,0.0997926345020865,1862.21687248131,2986.82737970997,-5932.29163886881,7529.24573074871,8556.99301860968,7592.96464153241,8258.45897790703
4064.41290746112,0.406462359357654,-0.518299247990945,-0.746898200519444,0.0910896153150699,1967.34785070747,3076.62244162421,-5850.01637265764,7525.102456064,8545.85810330147,7603.6070533595,8264.61048258846
4085.61297478673,0.412485337692782,-0.513521078256752,-0.747908524596683,0.0823698197770667,2071.4081446212,3164.74312750821,-5764.54852201556,7521.31838202758,8534.94007985177,7613.99476909573,8270.40937887102
4106.81304211233,0.418455069727206,-0.508670542067522,-0.748817474781668,0.0736343921950768,2174.34016556635,3251.14001852445,-5675.93205792554,7517.89755676811,8524.24582566565,7624.12105138011,8275.85053425761
4128.01310943793,0.424370669779979,-0.503748182044496,-0.749624777740545,0.0648844843918417,2276.08683585252,3335.76454220704,-5584.2127309204,7514.84399694793,8513.78207111227,7633.97929421417,8280.92888321372
4149.21317676353,0.430231255253015,-0.498754552861194,-0.750330172437452,0.056121255631268,2376.5916211206,3418.56900156553,-5489.43805337223,7512.16169330784,8503.55538393385,7643.56303495075,8285.63942726885
4170.41324408913,0.436035946831222,-0.493690221323147,-0.750933410359807,0.0473458725370128,2475.79856269686,3499.50660397482,-5391.6572807014,7509.85461526861,8493.57215114208,7652.86596856544,8289.9772366318
4191.61331141473,0.441783868689301,-0.488555766443298,-0.751434255744488,0.0385595090041898,2573.65230991633,3578.5314898297,-5290.92139149451,7507.92671421982,8483.83855805934,7661.88196456889,8293.9374537221
4212.81337874034,0.447474148705327,-0.483351779512882,-0.751832485804424,0.0297633461041433,2670.09815239537,3655.59876094206,-5187.28306652122,7506.38192504642,8474.36056413584,7670.60508695486,8297.5152990927
4234.01344606594,0.453105918681245,-0.47807886416765,-0.752127890955162,0.0209585719822433,2765.08205223234,3730.66450865787,-5080.79666664064,7505.22416535033,8465.14387515327,7679.02961761488,8300.70608030092
4255.21351339154,0.458678314570447,-0.472737636449333,-0.752320275040842,0.0121463817486395,2858.55067611455,3803.68584167055,-4971.51820958937,7504.45733171885,8456.19391141393,7687.15008367973,8303.50520437388
4276.41358071714,0.464190476712573,-0.467328724862336,-0.75240945555899,0.00332797736189892,2950.4514273089,3874.62091350667,-4859.50534564371,7504.08529227491,8447.51577151755,7694.96128926824,8305.90819460883
4297.61364804274,0.4696415500757,-0.461852770425703,-0.752395263883481,-0.00549543249459181,3040.73247751258,3943.42894965926,-4744.81733215001,7504.11187461655,8439.11419135061,7702.45835212939,8307.9107125456
4318.81371536834,0.475030683303212,-0.456310426684503,-0.752277546252609,-0.014322633265013,3129.34279853972,4010.07027434345,-4627.5150069183,7504.54128327806,8430.99359336327,7709.63658134558,8309.508204327
4340.01378269395,0.480357031834065,-0.450702359796147,-0.752056162185357,-0.0231524029159763,3216.23219381887,4074.50633684871,-4507.66076047541,7505.37783973125,8423.15799272695,7716.49160635543,8310.69613966551
4361.21385001955,0.485619756689627,-0.445029248598086,-0.751730985592655,-0.0319835130157051,3301.35132967562,4136.69973746147,-4385.318507175,7506.62516111918,8415.61076725921,7723.0197281349,8311.47074784065
4382.41391734515,0.490818023940137,-0.439291784598052,-0.751301905513011,-0.0408147293593491,3384.65176637387,4196.61425293125,-4260.55365516386,7508.28671885149,8408.35471919115,7729.21775949512,8311.8285452907
4403.61398467075,0.495951005597128,-0.433490672017296,-0.750768825928734,-0.0496448117609735,3466.08598888869,4254.2148614534,-4133.43307520443,7510.3657746751,8401.39200520024,7735.08309609656,8311.76640822607
4424.81405199635,0.501017879914231,-0.427626627822951,-0.7501316659519,-0.058472514220349,3545.60743738293,4309.4677671408,-4004.02506835588,7512.86531477837,8394.72406500292,7740.61378889594,8311.28164741975
4446.01411932196,0.506017831681702,-0.421700381759402,-0.749390360010605,-0.0672965851087498,3623.17053735939,4362.34042395694,-3872.39933251693,7515.78797059231,8388.35154711059,7745.8086215249,8310.3720946671
4467.21418664756,0.510950052526218,-0.415712676380291,-0.748544858026699,-0.0761157673677364,3698.73072945956,4412.80155908235,-3738.62692783571,7519.13592478079,8382.27423348075,7750.66719144496,8309.03620162566
4488.41425397316,0.515813741214682,-0.409664267082413,-0.747595125584349,-0.0849287987225937,3772.24449887981,4460.82119568634,-3602.78024099333,7522.91080170929,8376.49096558568,7755.18999290479,8307.2731508649
4509.61432129876,0.520608103959937,-0.403555922142645,-0.746541144089361,-0.0937344119125224,3843.66940437505,4506.3706750757,-3464.93294836977,7527.11354231386,8370.99957521865,7759.37849893697,8305.08297820529
4530.81438862436,0.525332354725657,-0.397388422758827,-0.745382910919674,-0.102531334939918,3912.96410682,4549.42267819219,-3325.1599781023,7531.74426417246,8365.79682421829,7763.23523874146,8302.46670445387
4552.01445594996,0.529985715526969,-0.391162563095021,-0.74412043956821,-0.111318291341156,3980.08839729733,4589.95124643065,-3183.53747104857,7536.80210874496,8360.8783581575,7766.76386585598,8299.42647343882
4573.21452327557,0.534567416722683,-0.384879150330847,-0.742753759780091,-0.120094000481209,4045.00322468236,4627.93180174945,-3040.14274066837,7542.28507919855,8356.23867982452,7769.96921158042,8295.96569183259
4594.41459060117,0.539076697294498,-0.378539004713503,-0.741282917687252,-0.128857177873963,4107.67072269316,4663.3411660455,-2895.05423183974,7548.18987393804,8351.8711488986,7772.85731731596,8292.08916469571
4615.61465792677,0.543512805108247,-0.372142959609723,-0.739707975944493,-0.137606535529319,4168.05423637535,4696.1575797659,-2748.35147862736,7554.51172282837,8347.76801443648,7775.43543894289,8287.80321908786
4636.81472525237,0.547874997152485,-0.365691861553262,-0.738029013871969,-0.14634078232688,4226.11834799038,4726.36071972925,-2600.11506102267,7561.24423497696,8343.92048646695,7777.71201626857,8283.11580665436
4658.01479257797,0.55216253975041,-0.359186570281773,-0.736246127609757,-0.155058624414224,4281.82890227658,4753.93171612906,-2450.42656067736,7568.37926861573,8340.31885196915,7779.69660111312,8278.03657503573
4679.21485990357,0.556374708742705,-0.352627958755206,-0.73435943029035,-0.163758765625662,4335.15303105188,4778.85316869334,-2299.36851565386,7575.90683479793,8336.95263865146,7781.39973893355,8272.57689753897
4700.41492722918,0.560510789641175,-0.346016913146624,-0.732369052234333,-0.172439907914882,4386.05917712779,4801.10916197406,-2147.024374218,7583.81504698344,8333.81082719625,7782.83280112269,8266.7498510303
4721.61499455478,0.564570077756059,-0.339354332795781,-0.730275141173115,-0.181100751792573,4434.51711750402,4820.68527974117,-1993.47844770152,7592.09012781433,8330.88210906059,7784.00776826301,8260.57013369517
4742.81506188038,0.568551878303455,-0.332641130116345,-0.728077862500115,-0.189739996758192,4480.4979858139,4837.56861845674,-1838.81586246346,7600.71648224473,8328.15518275094,7784.93696851788,8254.0539172872
4764.01512920598,0.572455506502798,-0.325878230449559,-0.725777399548589,-0.198356341714039,4523.97429399076,4851.74779980518,-1683.12251098169,7609.67684260762,8325.61907712379,7785.63277968451,8247.21863269921
4785.21519653158,0.576280287677318,-0.319066571860454,-0.723373953890406,-0.20694848535016,4564.9199531263,4863.21298225666,-1526.4850021077,7618.95248631554,8323.26348625047,7786.10730772652,8240.08269285974
4806.41526385718,0.580025557372229,-0.312207104877161,-0.720867745646198,-0.215515126490518,4603.3102934924,4871.95587164153,-1368.99061051937,7628.52352110471,8321.07909734845,7786.37205825005,8232.6651625779
4827.61533118279,0.58369066150541,-0.305300792179076,-0.718259013794069,-0.224054964394402,4639.12208369827,4877.96973071487,-1210.72722540842,7638.36922668168,8319.05789181244,7786.43761976974,8224.9853903294
4848.81539850839,0.587274956563394,-0.29834860824464,-0.715548016461988,-0.232566699011841,4672.33354895611,4881.24938769091,-1051.783298441,7648.46843611746,8317.1933998997,7786.31337822159,8217.06262132448
4870.01546583399,0.590777809851483,-0.29135153897366,-0.712735031188781,-0.241049031197163,4702.92438842864,4881.79124372858,-892.247791031396,7658.79993616916,8315.48089227668,7786.00728074762,8208.91561381495
4891.21553315959,0.594198599801379,-0.284310581301405,-0.709820355140351,-0.249500662890029,4730.87579163321,4879.59327935055,-732.210120970583,7669.34286356165,8313.91749621013,7785.5256633476,8200.5622810016
4912.41560048519,0.597536716333588,-0.277226742821958,-0.706804305271265,-0.257920297277289,4756.17045387803,4874.65505977911,-571.760108452937,7680.07707449691,8312.50223014212,7784.87315195479,8192.01937895517
4933.6156678108,0.600791561266085,-0.270101041436129,-0.703687218426648,-0.266306638951315,4778.79259070685,4866.97773917411,-410.987921545759,7690.98346725836,8311.23595693922,7784.05264050656,8183.30225690955
4954.8157351364,0.603962548756124,-0.262934505035289,-0.700469451384534,-0.274658394080546,4798.72795133004,4856.56406375883,-249.984021147805,7702.04424233709,8310.12126237849,7783.0653434567,8174.42468071283
4976.015802462,0.607049105759485,-0.255728171227299,-0.697151380843691,-0.282974270606156,4815.96383102061,4843.41837382182,-88.8391054842705,7713.24309032762,8309.16227064016,7781.9109147076,8165.39873393233
4997.2158697876,0.610050672490861,-0.248483087105304,-0.693733403365699,-0.291252978475261,4830.48908245545,4827.54660458356,72.3559458130941,7724.56530408505,8308.36441216012,7780.58762075424,8156.23479495149
5018.4159371132,0.612966702870555,-0.241200309055298,-0.690215935282324,-0.299493229916765,4842.29412598295,4808.95628591879,233.510127990895,7735.99781749252,8307.73416090514,7779.09255329043,8146.94158310635
5039.6160044388,0.615796664073864,-0.233880902198008,-0.686599413365359,-0.30769374005477,4851.37095879982,4787.65654092661,394.532367773195,7747.52946560886,8307.27882172818,7777.42175616717,8137.5260109317
5060.81607176441,0.618540038213477,-0.226525940797444,-0.682884293556466,-0.315853226810477,4857.71316302115,4763.65808334217,555.331580222967,7759.15133189783,8307.00636363239,7775.57029783538,8127.99295127152
5082.01613909001,0.621196323995208,-0.219136508790484,-0.679071049619014,-0.323970410900886,4861.3159126293,4736.97321378529,715.816725813434,7770.85497050555,8306.92479905465,7773.53313491379,8118.34686608803
5103.21620641561,0.623765034067861,-0.211713698303713,-0.675160175682278,-0.332044017259099,4862.17597928866,4707.61581484306,875.896867655942,7782.63312431957,8307.04212544025,7771.30501983716,8108.59124243002
5124.41627374121,0.626245696480616,-0.204258610037917,-0.671152185064737,-0.34007277507574,4860.29173701478,4675.60134498513,1035.48122883038,7794.47960840555,8307.36613032114,7768.88068640289,8098.72874509039
5145.61634106681,0.628637854967709,-0.196772353137735,-0.667047610122289,-0.348055418248846,4855.66316568819,4640.9468313119,1194.47924976382,7806.38912709482,8307.90421801357,7766.25502917602,8088.76141766147
5166.81640839241,0.630941069160154,-0.189256045022128,-0.662847002145686,-0.355990685855824,4848.29185340444,4603.67086113772,1352.80064560268,7818.35709454914,8308.66327069385,7763.42325338182,8078.69087064145
5188.01647571802,0.633154914773056,-0.181710811193234,-0.658550931266373,-0.363877322627303,4838.18099765395,4563.79357241274,1510.35546352341,7830.37946410151,8309.64954217449,7760.38099573683,8068.51845271107
5209.21654304362,0.635278983774084,-0.174137785023162,-0.654159986367636,-0.371714079418158,4825.33540532647,4521.33664298871,1667.05413992654,7842.45257114675,8310.86858167375,7757.1244175946,8058.24540206887
5230.41661036922,0.637312884537394,-0.166538107519154,-0.649674774998264,-0.379499713672515,4809.76149153705,4476.32327873571,1822.80755745924,7854.57299257703,8312.32518404479,7753.65027280918,8047.87297641287
5251.61667769482,0.639256241986413,-0.158912927068391,-0.645095923285878,-0.387232989880647,4791.46727727156,4428.77820051849,1977.52710181116,7866.73742425459,8314.02336254674,7749.95595332353,8037.40256150045
5272.81674502042,0.64110869772818,-0.151263399164276,-0.640424075847258,-0.394912680026524,4770.46238585211,4378.72763004272,2131.12471822909,7878.94257683401,8315.96634019802,7746.03951574583,8026.83575919641
5294.01681234603,0.642869910181095,-0.143590686116263,-0.635659895693294,-0.402537564025525,4746.75803822363,4326.19927458277,2283.51296769597,7891.18508938008,8318.15655595259,7741.89969217125,8016.17445656988
5315.21687967163,0.644539554697309,-0.135895956745367,-0.630804064126613,-0.410106430152229,4720.36704706527,4271.22231060475,2434.60508272048,7903.46145963919,8320.59568229061,7737.53588832157,8005.42087797975
5336.41694699723,0.646117323680424,-0.128180386067422,-0.625857280630302,-0.417618075458542,4691.30380973139,4213.82736629955,2584.31502268399,7915.76798946158,8323.28465124674,7732.94817178088,7994.57762225632
5357.61701432283,0.647602926698737,-0.120445154965957,-0.620820262746556,-0.425071306182567,4659.58430002876,4154.04650304236,2732.55752869226,7928.10074369274,8326.22368635679,7728.13725275417,7983.64768709948
5378.81708164843,0.648996090593968,-0.112691449856387,-0.615693745944409,-0.432464938148693,4625.22605883809,4091.91319579654,2879.24817788034,7940.45552080582,8329.41233845136,7723.1044594089,7972.63448271987
5400.01714897404,0.650296559585183,-0.104920462342985,-0.610478483476015,-0.439797797159371,4588.24818358974,4027.46231248123,3024.30343711987,7952.82783359421,8332.84952363854,7717.85170950359,7961.54183658945
5421.21721629964,0.651504095367496,-0.0971333888698816,-0.605175246221168,-0.447068719379002,4548.67131660483,3960.73009232316,3167.64071607896,7965.21289835114,8336.5335621847,7712.38147967902,7950.37399097168
5442.41728362524,0.652618477205078,-0.0893314303671715,-0.599784822519963,-0.454276551710273,4506.51763231445,3891.75412321463,3309.1784195863,7977.60563110563,8340.4622173177,7706.69677349695,7939.13559469188
5463.61735095084,0.653639502017928,-0.0815157918930142,-0.59430801799361,-0.461420152163207,4461.81082337137,3820.57331810089,3448.83599925195,7990.0006496433,8344.63273324039,7700.80108905993,7927.83169040062
5484.81741827644,0.654566984461924,-0.0736876822725045,-0.588745655353586,-0.468498390217092,4414.57608566964,3747.227890421,3586.53400429882,8002.39228020234,8349.041871857,7694.69838683566,7916.46769838705
5506.01748560204,0.655400757001667,-0.0658483137339533,-0.583098574199319,-0.475510147175387,4364.84010228933,3671.75932862782,3722.19413156036,8014.77456789035,8353.68594788664,7688.39305813634,7905.0493978211
5527.21755292765,0.656140669975665,-0.0579989015431427,-0.577367630804721,-0.482454316513614,4312.6310263845,3594.21036981328,3855.73927460102,8027.14129001322,8358.56086217194,7681.88989456385,7893.58290614519
5548.41762025325,0.65678659165348,-0.050140663636042,-0.571553697893877,-0.489329804220198,4257.97846303391,3514.62497246647,3987.09357191813,8039.48597163622,8363.66213309289,7675.19405862258,7882.07465719955
5569.61768757885,0.65733840828449,-0.0422748202504231,-0.565657664406265,-0.496135529130152,4200.91345007538,3433.04828839275,4116.18245418503,8051.8019028136,8368.98492607177,7668.31105561576,7870.53137854865
5590.81775490445,0.65779602413798,-0.0344025935567684,-0.559680435251865,-0.502870423251474,4141.46843794537,3349.5266338229,4242.93269049714,8064.08215702101,8374.52408120946,7661.246706878,7858.96006837865
5612.01782223005,0.658159361534311,-0.026525207288842,-0.553622931056553,-0.509533432084082,4079.67726854676,3264.10745974205,4367.27243358435,8076.31961041138,8380.27413913181,7654.00712434803,7847.36797225482
5633.21788955565,0.658428360867,-0.0186438863742653,-0.547486087898165,-0.51612351493109,4015.57515316864,3176.83932146897,4489.13126395476,8088.50696158494,8386.22936514845,7646.59868645314,7835.76255996221
5654.41795688126,0.658602980615527,-0.0107598565654338,-0.541270857033625,-0.522639645202237,3949.19864948297,3087.77184751649,4608.44023293685,8100.63675162463,8392.38377184183,7639.0280152524,7824.15150259968
5675.61802420686,0.658683197348793,-0.00287434407109091,-0.534978204617538,-0.529080810709221,3880.58563764341,2996.95570776479,4725.13190458861,8112.7013841968,8398.73114021063,7631.3019547716,7812.54265005462
5696.81809153246,0.658669004931965,0.00501142560659197,-0.528609112392194,-0.535446013946562,3809.77529551307,2904.4425809793,4839.14039644424,8124.69350205666,8405.26512072264,7623.42741277511,7800.94369582425
5718.01815885806,0.658560415993641,0.0128962265966582,-0.522164575579658,-0.541734272347214,3736.80807304785,2810.28512170557,4950.40141907097,8136.6062477176,8411.979320216,7615.41123831447,7789.36193867792
5739.21822618366,0.658357462188438,0.0207788326405777,-0.515645602162993,-0.547944618611095,3661.72566586326,2714.5369265736,5058.85231441008,8148.43176468473,8418.86697578802,7607.26078498611,7777.80559718527
5760.41829350926,0.658060192320423,0.0286580193325212,-0.509053214876786,-0.554076100941696,3584.57098801282,2617.25250004431,5164.43209287851,8160.16210729855,8425.92115920298,7598.98356244364,7766.28301096406
5781.61836083487,0.657668673132183,0.0365325636581551,-0.502388449864557,-0.560127783292174,3505.38814400678,2518.4872196312,5267.08146920884,8171.78928613645,8433.13479760647,7590.58721087259,7754.80259704824
5802.81842816047,0.657182989277185,0.0444012443264756,-0.49565235632234,-0.566098745608111,3424.2224001002,2418.29730062985,5366.74289700757,8183.30528488721,8440.50068808689,7582.07948542604,7743.3728319677
5824.01849548607,0.656603243257716,0.0522628421245774,-0.488845996167954,-0.571988084060386,3341.12015487984,2316.73976038844,5463.36060201341,8194.70207783971,8448.011511829,7573.46824085013,7732.00223348206
5845.21856281167,0.655929555353185,0.060116140269852,-0.481970443705459,-0.577794911268342,3256.12890917955,2213.8723821519,5556.88061403903,8205.97164682933,8455.65984767035,7564.76141670228,7720.69934294407
5866.41863013727,0.655162063539355,0.0679599247588477,-0.475026785284614,-0.583518356513136,3169.29723535399,2109.75367851252,5647.25079758162,8217.10599759538,8463.43818512397,7555.96702311839,7709.47270831169
5887.61869746288,0.654300923398654,0.0757929847124997,-0.468016118955715,-0.589157565941124,3080.67474594069,2004.44285449945,5734.42088108907,8228.09717552805,8471.33893692689,7547.09312708301,7698.33086780843
5908.81876478848,0.653346308021715,0.0836141127174594,-0.460939554120195,-0.594711702757178,2990.31206174066,1897.9997703394,5818.34248487083,8238.93728078858,8479.35445116763,7538.14783916156,7687.28233422973
5930.01883211408,0.652298407900299,0.0914221051632524,-0.453798211177381,-0.600179947407828,2898.26077934739,1790.48490392046,5898.96914764341,8249.61848278856,8487.47702303843,7529.13930065872,7676.33557989308
5951.21889943968,0.651157430811788,0.0992157625750069,-0.446593221167778,-0.605561497754142,2804.57343815463,1681.9593129906,5976.25635170295,8260.13303401786,8495.6989062522,7520.07567117171,7665.49902222866
5972.41896676528,0.649923601695424,0.1069938899415,-0.439325725413275,-0.610855569234278,2709.3034868725,1572.48459712225,6050.16154671804,8270.47328321233,8504.01232415894,7510.96511651121,7654.78101000705
5993.61903409088,0.648597162520489,0.114755297038274,-0.431996875154664,-0.616061395015653,2612.50524958218,1462.12285947346,6120.64417213811,8280.63168785512,8512.40948059114,7501.81579696644,7644.18981020069
6014.81910141649,0.64717837214664,0.122498798745598,-0.42460783118682,-0.621178226136699,2514.23389135832,1350.9366683762,6187.66567821392,8290.60082600705,8520.88257046415,7492.63585589345,7633.73359547458
6036.01916874209,0.645667506176604,0.130223215361033,-0.417159763491948,-0.626205331638163,2414.54538348896,1238.98901878152,6251.18954562785,8300.37340746378,8529.42379015318,7483.43340860919,7623.42043230187
6057.21923606769,0.644064856801461,0.137927372906403,-0.409653850871258,-0.631141998683974,2313.49646832176,1126.34329359081,6311.18130373357,8309.94228423939,8538.02534766637,7474.21653157489,7613.25826969879
6078.41930339329,0.64237073263874,0.145610103428948,-0.402091280575435,-0.635987532671661,2211.14462376544,1013.06322490197,6367.60854740544,8319.3004603783,8546.67947263044,7464.9932518548,7603.25492857262
6099.61937071889,0.640585458563574,0.153270245296479,-0.394473247934266,-0.640741257332353,2107.54802747485,899.212855198646,6420.4409524994,8328.44110109926,8555.3784261034,7455.77153683716,7593.41809167524
6120.81943804449,0.638709375533139,0.160906643486344,-0.386800955985796,-0.645402514820404,2002.76552074768,784.856498509968,6469.65028992836,8337.35754127801,8564.11451022783,7446.55928420476,7583.75529415331
6142.0195053701,0.636742840404647,0.168518149868031,-0.379075615105354,-0.649970665792677,1896.85657216051,670.058701567947,6515.2104383561,8346.04329327733,8572.88007773635,7437.36431214357,7574.27391468438
6163.2195726957,0.634686225747128,0.176103623479247,-0.371298442634805,-0.654445089477577,1789.88124097137,554.884204988703,6557.09739551448,8354.49205413558,8581.66754132114,7428.19434977692,7564.98116718694
6184.4196400213,0.632539919647272,0.183661930795329,-0.363470662512365,-0.658825183733878,1681.90014031568,439.397904503333,6595.28928815031,8362.69771212835,8590.46938287831,7419.0570278133,7555.88409308958
6205.6197073469,0.630304325509579,0.191191945991833,-0.355593504903321,-0.663110365099463,1572.97440022177,323.664812263477,6629.76638060844,8370.65435271944,8599.27816263846,7409.9598693945,7546.98955414291
6226.8197746725,0.6279798618511,0.198692551200195,-0.347668205831981,-0.66730006883006,1463.16563047197,207.750018246075,6660.51108205908,8378.35626392186,8608.08652819497,7400.91028113007,7538.30422575475
6248.01984199811,0.625566962091018,0.206162636756325,-0.339696006815177,-0.671393748928092,1352.53588333458,91.7186517811249,6687.5079523776,8385.79794109122,8616.88722344229,7391.91554430304,7529.83459082731
6269.21990932371,0.623066074335355,0.213601101442051,-0.331678154497625,-0.675390878161766,1241.14761619162,-24.3641567742987,6710.74370668637,8392.97409117805,8625.67309743725,7382.98280622987,7521.58693407126
6290.41997664931,0.620477661157064,0.221006852719307,-0.323615900289471,-0.679290948074536,1129.06365408683,-140.433314193178,6730.20721856833,8399.87963646863,8634.43711319813,7374.1190717561,7513.5673367695
6311.62004397491,0.617802199371789,0.228378806956989,-0.315510500006291,-0.683093468985074,1016.34715221777,-256.42380234481,6745.88952196295,8406.50971784741,8643.17235645705,7365.3311948673,7505.78167195986
6332.82011130051,0.615040179809564,0.235715889650414,-0.30736321351185,-0.686797969977927,903.061558395577,-372.270715948776,6757.78381175575,8412.85969761769,8651.87204438341,7356.62587039231,7498.23560000238
6354.02017862611,0.612192106463373,0.243017037031209,-0.299175305611605,-0.690403998401452,789.270575495279,-487.909300095752,6765.88544307301,8418.92570117877,8660.5296610566,7348.00941483148,7490.93408912305
6375.22024595172,0.609258497747142,0.250281193025003,-0.290948042768673,-0.693911120929731,675.038123919206,-603.274987514875,6770.19192929376,8424.70441796961,8669.13893323176,7339.48782509932,7483.88158444415
6396.42031327732,0.60623988555715,0.257507310807657,-0.282682694031966,-0.697318923115594,560.428304095485,-718.303435568009,6770.70293879191,8430.19186147193,8677.69354598603,7331.06725607177,7477.08310049419
6417.62038060292,0.603136814437983,0.264694354396064,-0.27438053192528,-0.700627008843403,445.505359033258,-832.930562951637,6767.4202904212,8435.38427952231,8686.18735181709,7322.75366865524,7470.54342011714
6438.82044792852,0.599949841746126,0.271841297939566,-0.266042831304407,-0.703835000575323,330.333636955789,-947.092586087644,6760.34794775679,8440.27814677409,8694.61437667711,7314.55282586726,7464.26709913563
6460.02051525412,0.596679537412098,0.27894712587347,-0.25767086900355,-0.706942539296916,214.977554032201,-1060.72605518482,6749.49201210685,8444.87016538355,8702.9688288194,7306.47028472404,7458.25846374125
6481.22058257972,0.59332648369156,0.286010833085342,-0.249265923504328,-0.709949284447538,99.5015572281229,-1173.76788995332,6734.86071430858,8449.15726634533,8711.24510798458,7298.51138768549,7452.52160728871
6502.42064990533,0.589891274914402,0.293031425074149,-0.240829274609842,-0.712854913842763,-16.0299127047957,-1286.15541495488,6716.46440532293,8453.13661085784,8719.43781479122,7290.68125389357,7447.06038703464
6523.62071723093,0.586374517232194,0.300007918101874,-0.232362203123661,-0.715659123589163,-131.552458080992,-1397.82639457178,6694.31554564269,8456.80559178385,8727.54176036613,7282.98477015949,7441.87842075978
6544.82078455653,0.582776828364282,0.306939339337754,-0.223865990533991,-0.718361627991645,-247.001760955525,-1508.71906757834,6668.42869352901,8460.16183530944,8735.55197625983,7275.42658164004,7436.97908317888
6566.02085188213,0.579098837342444,0.313824726996196,-0.215341918704042,-0.720962159453084,-362.313619602236,-1618.77218129871,6638.82049209148,8463.20320351427,8743.46372483908,7268.01108190182,7432.36550150478
6587.22091920773,0.575341184256351,0.320663130462179,-0.206791269563662,-0.723460468369173,-477.423984777029,-1727.9250253355,6605.50965522733,8465.92779558478,8751.27250965032,7260.74240323498,7428.04055216089
6608.42098653334,0.571504519995981,0.327453610417011,-0.198215324812851,-0.725856323013283,-592.268995748137,-1836.11746485379,6568.51695243539,8468.33395065817,8758.97408645206,7253.6244060511,7424.00685601028
6629.62105385894,0.567589505995238,0.334195238952352,-0.189615365627323,-0.728149509416629,-706.785016075487,-1943.28997340578,6527.8651925208,8470.42025154173,8766.56447478191,7246.66066762245,7420.26677275595
6650.82112118454,0.563596813975307,0.340887099677719,-0.180992672370467,-0.730339831241864,-820.90866912164,-2049.38366528128,6483.57920620666,8472.18552882525,8774.03996996454,7239.85447033248,7416.8223949344
6672.02118851014,0.559527125688131,0.347528287821182,-0.172348524311519,-0.73242710965044,-934.576873276989,-2154.34032736998,6435.68582766901,8473.62886588354,8781.39715568937,7233.20878923265,7413.67554106079
6693.22125583574,0.555381132660369,0.354117910323166,-0.16368419934988,-0.734411183164056,-1047.72687688224,-2258.10245052141,6384.21387501177,8474.74960491994,8788.6329172043,7226.72627883669,7410.82774779065
6714.42132316134,0.551159535938049,0.360655085923456,-0.155000973745678,-0.736291907520373,-1160.29629283142,-2360.61326038903,6329.19412969859,8475.54735422271,8795.74445517205,7220.40925908026,7408.28026094431
6735.62139048695,0.546863045832231,0.367138945241553,-0.146300121856652,-0.73806915552321,-1272.22313283886,-2461.81674774499,6270.65931495869,8476.02199682196,8802.72930022978,7214.2597003763,7406.0340252287
6756.82145781255,0.542492381665886,0.373568630850492,-0.137582915881431,-0.739742816887415,-1383.44584135398,-2561.65769825265,6208.64407318406,8476.17370075138,8809.58532828644,7208.27920769995,7404.08967247826
6778.02152513815,0.538048271522318,0.379943297344295,-0.128850625609266,-0.741312798078578,-1493.90332910783,-2660.08172168391,6143.18494233575,8476.00293113585,8816.31077658138,7202.46900364415,7402.4475082247
6799.22159246375,0.533531451995366,0.386262111399171,-0.120104518176235,-0.742779022147788,-1603.53500627547,-2757.03528056899,6074.32033137695,8475.51046434385,8822.90426051355,7196.82991039712,7401.10749639322
6820.42165978935,0.528942667941686,0.392524251828649,-0.111345857827944,-0.744141428561567,-1712.28081523884,-2852.46571826633,6002.09049475126,8474.69740446126,8829.36479123183,7191.36233060835,7400.06924191179
6841.62172711496,0.524282672235414,0.398728909632764,-0.102575905688707,-0.745399973027168,-1820.08126293456,-2946.32128644075,5926.53750592454,8473.5652023593,8835.69179395126,7186.06622713027,7399.331971011
6862.82179444056,0.519552225525522,0.404875288041475,-0.0937959195371594,-0.746554627313359,-1926.87745277169,-3038.55117193809,5847.7052300089,8472.11567764503,8841.88512692767,7180.94110165121,7398.89450898605
6884.02186176616,0.514752095996189,0.41096260255243,-0.0850071535882411,-0.74760537906685,-2032.61111610442,-3129.10552304508,5765.63929548825,8470.35104379439,8847.94510098135,7175.98597227223,7398.75525519018
6905.22192909176,0.509883059130536,0.416990080963239,-0.0762108582814267,-0.748552231624465,-2137.22464324511,-3217.93547512316,5680.3870650644,8468.27393677486,8853.87249940809,7171.19935012838,7398.91215503351
6926.42199641736,0.504945897478106,0.422956963398347,-0.0674082800750586,-0.74939520382119,-2240.6611140032,-3304.99317560558,5591.99760564368,8465.88744746471,8859.66859804985,7166.57921521701,7399.36266877416
6947.62206374296,0.499941400426466,0.42886250233061,-0.0586006612465719,-0.750134329794215,-2342.8643277357,-3390.23180834716,5500.52165748392,8463.1951581657,8865.335185217,7162.12299167291,7400.10373691281
6968.82213106856,0.494870363977364,0.434705962597624,-0.0497892396983521,-0.750769658783068,-2443.77883289541,-3473.60561731655,5406.01160252224,8460.20118348161,8870.87458105456,7157.82752282735,7401.1317420416
6990.02219839417,0.48973359052787,0.440486621412809,-0.0409752487688955,-0.75130125492597,-2543.349956063,-3555.069929621,5308.52143190429,8456.91021579211,8876.28965582563,7153.68904650768,7402.44246705777
7011.22226571977,0.484531888655306,0.446203768401754,-0.0321599170688082,-0.751729197034625,-2641.52383044959,-3634.5811778541,5208.10671273601,8453.3275812742,8881.58384780968,7149.70316891973,7404.03104462007
7032.42233304537,0.479266072849608,0.451856707089486,-0.0233444692570546,-0.752053577498749,-2738.24742385648,-3712.09692175727,5104.82455407934,8449.45994989344,8886.76133402207,7145.86458453174,7405.89132932883
7053.62240037097,0.473936963538953,0.457444750505202,-0.0145301230119222,-0.7522745046537,-2833.46856607922,-3787.57586918595,4998.73357221357,8445.31444173807,8891.82682413345,7142.16742110803,7408.01668553154
7074.82246769657,0.468545386645212,0.462967225007432,-0.00571809138610509,-0.752392100339515,-2927.13597574335,-3860.97789637212,4889.89385518443,8440.89854114577,8896.78552414478,7138.60528906146,7410.40006557463
7096.02253502218,0.463092173463705,0.468423469656904,0.00309041778183584,-0.752406500017898,-3019.19928655935,-3932.2640674748,4778.36692666341,8436.22061953901,8901.64323715075,7135.17109769989,7413.0335532528
7117.22260234778,0.457578160503396,0.473812835842987,0.0118942022630435,-0.752317852754592,-3109.6090729849,-4001.39665341081,4664.21570914013,8431.28999610734,8906.40635142816,7131.85705621929,7415.90831527885
7138.42266967338,0.452004189316359,0.479134687243472,0.0206920656104818,-0.752126321000224,-3198.31687528261,-4068.33914995826,4547.50448647102,8426.11701091694,8911.08182103521,7128.65467973433,7419.01454370976
7159.62273699898,0.446371106335269,0.484388399781438,0.0294828173272273,-0.75183208036679,-3285.27522396195,-4133.05629512595,4428.2988658076,8420.71309835229,8915.67713380172,7125.55480710027,7422.34140055011
7180.82280432458,0.440679762719056,0.489573361571448,0.0382652730359726,-0.751435319404798,-3370.43766359431,-4195.51408578183,4306.66573892837,8415.09085834678,8920.20026399111,7122.54763350978,7425.87696719243
7202.02287165019,0.434931014206313,0.494688972853302,0.0470382546507071,-0.750936239382698,-3453.75877599058,-4255.6797935347,4182.67324299851,8409.26412235344,8924.65960672497,7119.622761115,7429.60820181121
7223.22293897579,0.429125720975603,0.499734645911474,0.055800590551287,-0.750335054070533,-3535.19420273096,-4313.52197986311,4056.39072078175,8403.24801021315,8929.06389110314,7116.76927120965,7433.52090852095
7244.42300630139,0.423264747511275,0.504709804978232,0.0645511157612956,-0.749631989530212,-3614.70066703717,-4369.01051048646,3927.88868032926,8397.05897320719,8933.42206892456,7113.97582168078,7437.59972284062
7265.62307362699,0.417348962472713,0.50961388611837,0.0732886721291063,-0.748827283915213,-3692.23599497768,-4422.11656897341,3797.23875417071,8390.714817677,8937.74317608121,7111.23077343892,7441.82811872822
7286.82314095259,0.411379238564121,0.514446337093652,0.0820121085113768,-0.747921187283023,-3767.75913599682,-4472.81266958334,3664.51365803272,8384.23470272073,8942.0361641304,7108.52234927894,7446.18844309229
7308.02320827819,0.405356452401102,0.519206617205424,0.0907202809572728,-0.746913961423889,-3841.23018275939,-4521.07266933719,3529.78714911046,8377.63910472852,8946.3097003317,7105.83882802151,7450.66198415718
7329.2232756038,0.399281484369334,0.523894197114582,0.0994120528905615,-0.745805879709709,-3912.6103903025,-4566.87177931407,3393.13398391809,8370.94974102043,8950.57193564018,7103.16877574008,7455.22908023585
7350.4233429294,0.393155218469826,0.528508558639217,0.108086295285324,-0.744597226966724,-3981.86219448716,-4610.18657517138,3254.62987574416,8364.18944476244,8954.83024184645,7100.50131430272,7459.86927520359
7371.623410255,0.386978542144578,0.533049194531803,0.116741886829517,-0.743288299375241,-4048.94922974247,-4650.99500688572,3114.3514517383,8357.38198383709,8959.09092127867,7097.82642528629,7464.56152610855
7392.8234775806,0.380752346076237,0.537515608239886,0.12537771406906,-0.741879404398561,-4113.83634609566,-4689.27640771319,2972.37620965537,8350.55181762965,8963.35889521771,7095.13528453595,7469.28446674493
7414.0235449062,0.37447752395565,0.54190731365667,0.13399267152377,-0.740370860741682,-4176.48962548205,-4725.01150236783,2828.78247428393,8343.72378792824,8967.63738032837,7092.42061930289,7474.01672852806
7435.2236122318,0.368154972212424,0.546223834870594,0.142585661765552,-0.73876299833804,-4236.87639732916,-4758.18241441753,2683.64935358538,8336.92274344531,8971.92756578428,7089.67707615981,7478.73731658706
7456.42367955741,0.361785589705689,0.550464705925672,0.151155595449143,-0.73705615835965,-4294.96525341009,-4788.77267289744,2537.05669457071,8330.1731018577,8976.22830705336,7086.90158405186,7483.42603468525
7477.62374688301,0.355370277375495,0.554629470606597,0.159701391286656,-0.735250693242663,-4350.72606196142,-4816.76721814137,2389.08503894165,8323.49835858962,8980.53585509675,7084.09369330735,7488.06394759132
7498.82381420861,0.348909937859469,0.55871768226386,0.168221975959544,-0.733346966716893,-4404.12998106191,-4842.15240683203,2239.8155785229,8316.92055748946,8984.84364151638,7081.25586873508,7492.63386423868
7520.02388153421,0.342405475084183,0.562728903694012,0.176716283965414,-0.73134535382483,-4455.14947126836,-4864.91601627207,2089.3301105124,8310.45974452505,8989.14214044122,7078.39371365689,7497.12081998807
7541.22394885981,0.335857793845739,0.566662707088067,0.18518325740234,-0.729246240913558,-4503.75830750596,-4885.04724787774,1937.71099257641,8304.13343090977,8993.41882622025,7075.51610241706,7501.51253224975
7562.42401618541,0.329267799398469,0.570518674056904,0.193621845699459,-0.727050025582543,-4549.93159021071,-4902.53672989804,1785.041097816,8297.95609583085,8997.65824201638,7072.63520197453,7505.79980138224
7583.62408351102,0.322636397073605,0.574296395736321,0.20203100530899,-0.724757116571802,-4593.6457557222,-4917.37651936261,1631.40376963175,8291.93876036431,9001.84218819031,7069.76636874619,7509.97682883964
7604.82415083662,0.315964491950516,0.577995472966782,0.210409699380445,-0.722367933578858,-4634.87858592566,-4929.56010326222,1476.88277651295,8286.08866260444,9005.95003130553,7066.9279146826,7514.04142743194
7626.02421816222,0.309252988601274,0.581615516535569,0.218756897441248,-0.719882906998161,-4673.60921714268,-4939.08239896597,1321.56226677778,8280.40905952937,9009.95912549751,7064.14074585243,7517.99510411066
7647.22428548782,0.302502790923209,0.585156147457433,0.227071575111039,-0.71730247758741,-4709.81814827042,-4945.93975388051,1165.52672329052,8274.89917244371,9013.84532854526,7061.42788712532,7521.84300478017
7668.42435281342,0.295714802069034,0.588616997272634,0.23535271387125,-0.714627096066513,-4743.48724817015,-4950.1299443562,1008.8609181817,8269.55428272311,9017.58358688912,7058.81391589336,7525.59372064362
7689.62442013903,0.288889924473822,0.591997708332572,0.243599300909376,-0.711857222666846,-4774.59976230589,-4951.65217384652,851.649867596851,8264.36597627138,9021.14855870645,7056.32433404221,7529.25896350832
7710.82448746463,0.282029059968549,0.595297934042947,0.251810329050299,-0.708993326654796,-4803.1403186351,-4950.50707032688,693.978786499175,8259.3225196817,9024.51524033948,7053.98491364081,7532.85313106089
7732.02455479023,0.275133109963843,0.598517339044074,0.25998479677597,-0.706035885851833,-4829.09493275337,-4946.69668297995,535.93304355121,8254.40934436394,9027.65956256611,7051.82105189916,7536.39278845499
7753.22462211583,0.268202975681293,0.601655599311756,0.268121708327423,-0.702985386175343,-4852.45101229609,-4940.22447815472,377.598116100135,8249.60960766341,9030.55892687095,7049.8571687841,7539.89609783678
7774.42468944143,0.261239558407483,0.604712402171256,0.27622007387542,-0.699842321220709,-4873.19736060019,-4931.09533460729,219.059545291038,8244.90479669555,9033.19265822637,7048.11617532527,7543.38222890598
7795.62475676703,0.254243759746617,0.607687446225372,0.284278909740888,-0.696607191899798,-4891.3241796298,-4919.31553803154,60.402891332023,8240.27534077453,9035.54235882644,7046.61903319849,7546.87078190268
7816.82482409264,0.247216481850952,0.610580441205111,0.292297238643972,-0.693280506144604,-4906.82307217026,-4904.89277488858,-98.2863110653645,8235.70120150479,9037.59215563991,7045.38441773457,7550.38125008426
7838.02489141824,0.240158627613347,0.613391107756852,0.300274089960771,-0.689862778678432,-4919.68704329506,-4887.83612554388,-256.922597047406,8231.16241505778,9039.32884255582,7044.42848814371,7553.93254265872
7859.22495874384,0.233071100812172,0.616119177183013,0.308208499969332,-0.686354530851355,-4929.91050111118,-4868.15605672192,-415.420615758663,8226.63956791771,9040.74192451267,7043.76476136182,7557.54258221553
7880.42502606944,0.225954806204626,0.618764391154011,0.316099512070376,-0.682756290532505,-4937.48925678846,-4845.8644132879,-573.695174239599,8222.11419450457,9041.82357587282,7043.40408010798,7561.22798381927
7901.62509339504,0.218810649569541,0.621326501408197,0.323946176972786,-0.679068592049082,-4942.42052387926,-4820.97440936708,-731.661281059912,8217.56909177711,9042.56852828287,7043.35466176864,7565.00381679059
7922.82516072064,0.211639537704549,0.623805269453986,0.331747552838443,-0.675291976160942,-4944.70291693508,-4793.50061881213,-889.234189666657,8212.98855162183,9042.97390446969,7043.62221257959,7568.88344523335
7944.02522804625,0.20444237838491,0.626200466285258,0.339502705384938,-0.671426990059793,-4944.33644942705,-4763.45896502947,-1046.3294414268,8208.35851624095,9043.03901415812,7044.21009103819,7572.87843977131
7965.22529537185,0.197220080292555,0.628511872117722,0.347210707947847,-0.667474187383175,-4941.32253097788,-4730.86671017575,-1202.86290834449,8203.66666478246,9042.76512694679,7045.11950519889,7576.99855071847
7986.42536269745,0.189973552923957,0.630739276150832,0.354870641506407,-0.663434128235053,-4935.66396391301,-4695.74244373595,-1358.75083543378,8198.90244120008,9042.15523494114,7046.34973009701,7581.25173187099
8007.62543002305,0.182703706484925,0.632882476357207,0.362481594677764,-0.659307379206774,-4927.36493913916,-4658.10607049471,-1513.90988272852,8194.05703399051,9041.21381557344,7047.89833364155,7585.64420403699
8028.82549734865,0.175411451779265,0.634941279299436,0.370042663685465,-0.655094513393947,-4916.43103135879,-4617.97879791282,-1668.25716691117,8189.12331827719,9039.94660262028,7049.76140160947,7590.18054805167
8050.02556467426,0.168097700097003,0.636915499972713,0.377552952307856,-0.6507961104065,-4902.86919362925,-4575.38312292108,-1821.71030254366,8184.09576994761,9038.36037116073,7051.93375462883,7594.86381810937
8071.22563199986,0.160763363106515,0.638804961670854,0.385011571811627,-0.646412756370511,-4886.68775127587,-4530.34281814346,-1974.18744288339,8178.97036043231,9036.46274022574,7054.40915209981,7599.69566756814
8092.42569932546,0.153409352753646,0.640609495872786,0.392417640875082,-0.641945043921485,-4867.89639516809,-4482.88291756243,-2125.60732026862,8173.74443942253,9034.26199523133,7057.18047978352,7604.67648078175
8113.62576665106,0.146036581169854,0.64232894214647,0.399770285504984,-0.637393572189492,-4846.50617436863,-4433.02970163852,-2275.88928605801,8168.41661150152,9031.76693097664,7060.23991925103,7609.80550586855
8134.82583397666,0.13864596059051,0.643963148067358,0.407068638950078,-0.632758946777083,-4822.52948816523,-4380.81068189707,-2424.95335010948,8162.98661140636,9028.98671500214,7063.57909853218,7615.08098456435
8156.02590130226,0.131238403283796,0.645511969148724,0.414311841613668,-0.628041779731211,-4795.98007749509,-4326.25458499461,-2572.72021978484,8157.45518150169,9025.93077040459,7067.18922416094,7620.50027638326
8177.22596862787,0.123814821490153,0.646975268781578,0.421499040967037,-0.623242689510462,-4766.8730157723,-4269.39133627779,-2719.11133846655,8151.82395406531,9022.60867674674,7071.06119541963,7626.05997521367
8198.42603595347,0.11637612737187,0.648352918182203,0.428629391464992,-0.618362300948965,-4735.22469912858,-4210.25204284748,-2864.04892357439,8146.09534016438,9019.03008743179,7075.18570198264,7631.7560172073
8219.62610327907,0.108923232972169,0.649644796345768,0.435702054464364,-0.613401245218241,-4701.05283607769,-4148.86897614078,-3007.45600406986,8140.27242623763,9015.20466179179,7079.55330639335,7637.58377939184
8240.82617060467,0.101457050183048,0.650850790004748,0.442716198146029,-0.60836015978816,-4664.37643661428,-4085.27555404387,-3149.25645743726,8134.35887897656,9011.14201012419,7084.15451291625,7643.53816887078
8262.02623793027,0.0939784907210365,0.651970793591221,0.449670997440724,-0.603239688388035,-4625.2158007577,-4019.50632254805,-3289.37504613077,8128.35885870227,9006.85164997078,7088.9798243226,7649.61370278984
8283.22630525588,0.0864884661100675,0.653004709202333,0.456565633958809,-0.598040480968718,-4583.59250655154,-3951.59693696184,-3427.7374534776,8122.27694114125,9002.34297204061,7094.01978812006,7655.80457946898
8304.42637258148,0.0789878876706439,0.653952446568451,0.463399295923963,-0.592763193666444,-4539.52939752957,-3881.58414269153,-3564.27031902799,8116.11804729793,8997.62521431478,7099.2650336481,7662.10474124159
8325.62643990708,0.0714776665145724,0.65481392302367,0.470171178110767,-0.58740848876903,-4493.05056965895,-3809.50575560259,-3698.90127334321,8109.88738098308,8992.70744301916,7104.70630134647,7668.50792962681
8346.82650723268,0.0639587135445667,0.65558906347849,0.476880481786061,-0.581977034684888,-4444.18135777117,-3735.40064197425,-3831.55897221367,8103.590373473,8987.59853930391,7110.33446537812,7675.00773349962
8368.02657455828,0.056431939458096,0.656277800394558,0.483526414653949,-0.576469505915253,-4392.94832149176,-3659.30869805924,-3962.17313029962,8097.23263473001,8982.30719061494,7116.14055065822,7681.59763093049
8389.22664188388,0.048898254754922,0.656880073761482,0.490108190804328,-0.570886583029888,-4339.379230679,-3581.27082926079,-4090.67455418746,8090.81991060082,8976.84188588174,7122.11574521461,7688.27102535015
8410.42670920949,0.0413585697478178,0.657395831075724,0.496625030664806,-0.565228952646495,-4283.50305038243,-3501.32892893853,-4216.99517485538,8084.3580454159,8971.21091377233,7128.25140868511,7695.02127666392
8431.62677653509,0.0338137945760269,0.657825027321674,0.503076160955931,-0.559497307413942,-4225.34992533143,-3419.52585685479,-4341.06807954252,8077.85294943547,8965.42236338013,7134.53907764686,7701.84172789867
8452.82684386069,0.0262648392210588,0.658167624954989,0.509460814649612,-0.553692345999431,-4164.95116396425,-3335.90541727275,-4462.82754301636,8071.31057061854,8959.4841268093,7140.97046837248,7708.72572791996
8474.02691118629,0.0187126135613814,0.658423593927594,0.5157782309293,-0.547814773032469,-4102.33922200753,-3250.51233671735,-4582.2090582335,8064.73688445479,8953.40390646233,7147.53747207652,7715.66663815233
8495.22697851189,0.0111580273886925,0.658592911668209,0.522027655157376,-0.541865299106776,-4037.54768561642,-3163.39224140996,-4699.14936638958,8058.1379356048,8947.18923509651,7154.23212928573,7722.65779356862
8516.42704583749,0.00360199022611208,0.658675562863578,0.528208338846912,-0.535844641034458,-3970.611254085,-3074.59163438715,-4813.58648635422,8051.51966529798,8940.84744730031,7161.04668615385,7729.69265238009
8537.62711316309,-0.00395458838835402,0.658671539731334,0.534319539622075,-0.529753521514191,-3901.5657221366,-2984.15787231407,-4925.45974348778,8044.88796062313,8934.38569947956,7167.97356766841,7736.76475057291
8558.8271804887,-0.0115107989657673,0.658580841921457,0.540360521196892,-0.523592669250648,-3830.44796180348,-2892.13914200224,-5034.70979783664,8038.24865480163,8927.81097937071,7175.00536873549,7743.86769975816
8580.0272478143,-0.0190657320484423,0.658403476509759,0.546330553352429,-0.517362818972285,-3757.29590390497,-2798.58443664161,-5141.27867170428,8031.60751581089,8921.13011292134,7182.13484979078,7750.9951952027
8601.2273151399,-0.026618478186091,0.658139458000354,0.552228911916935,-0.511064711445717,-3682.14851913302,-2703.54353175609,-5245.10977659567,8024.97023699946,8914.34977128393,7189.35493194479,7758.14102219387
8622.4273824655,-0.0341681279115943,0.657788808331419,0.558054878749201,-0.504699093493503,-3605.04579875374,-2607.06696089188,-5346.14793953299,8018.34242921564,8907.47647775998,7196.65869189376,7765.29906117145
8643.62744979111,-0.0417137717166845,0.657351556884218,0.563807741725169,-0.49826671801539,-3526.02873493347,-2509.20599104714,-5444.33942874056,8011.72961424311,8900.51661461763,7204.03935670688,7772.46329181201
8664.82751711671,-0.0492545000277229,0.656827740495476,0.569486794727892,-0.491768344012888,-3445.13930069737,-2410.0125978516,-5539.63197869753,8005.13721936683,8893.47642972573,7211.49029857568,7779.62779622186
8686.02758444231,-0.0567894031817375,0.656217403473145,0.575091337640912,-0.48520473661704,-3362.42042952845,-2309.53944050421,-5631.97481455661,7998.57057291413,8886.3620429627,7219.00502959378,7786.78676137385
8707.22765176791,-0.0643175714028891,0.655520597615632,0.580620676345132,-0.478576667119282,-3277.91599461458,-2207.83983647663,-5721.31867592781,7992.03490063635,8879.17945237129,7226.57719661914,7793.93448090422
8728.42771909351,-0.0718380947795262,0.654737382234533,0.586074122719282,-0.471884913005219,-3191.67078775072,-2104.96773599005,-5807.61584002568,7985.53532281344,8871.93454004017,7234.2005762586,7801.06535636945
8749.62778641911,-0.0793500632419907,0.653867824180903,0.591450994644064,-0.465130257991213,-3103.73049790337,-2000.97769627257,-5890.8201441792,7979.07685197944,8864.63307770159,7241.86907000415,7808.17389804874
8770.82785374471,-0.0868525665413289,0.652911997875097,0.59675061601007,-0.458313492063604,-3014.1416894438,-1895.92485560401,-5970.88700770304,7972.66439118087,8857.28073204095,7249.57669954143,7815.25472536497
8792.02792107032,-0.0943446942290671,0.651869985340193,0.60197231672957,-0.451435411520446,-2922.95178005664,-1789.86490715464,-6047.77345312927,7966.3027326914,8849.88306971889,7257.31760224429,7822.30256698641
8813.22798839592,-0.101825535638206,0.650741876239018,0.607115432752253,-0.444496819015569,-2830.20901832961,-1682.85407262418,-6121.43812679838,7959.99655711743,8842.44556211079,7265.08602686335,7829.31226066171
8834.42805572152,-0.109294179865586,0.649527767914766,0.612179306085033,-0.437498523604843,-2735.96246103039,-1574.9490756871,-6191.84131880857,7953.75043283779,8834.97358977142,7272.87632941232,7836.27875283284
8855.62812304712,-0.116749715755789,0.648227765435218,0.617163284815998,-0.430441340794462,-2640.26195007598,-1466.20711524979,-6258.94498232198,7947.56881572962,8827.47244663503,7280.68296925139,7843.1970980629
8876.82819037272,-0.124191231886709,0.646841981640538,0.622066723142594,-0.423326092591087,-2543.15808919975,-1356.68583852511,-6322.71275222655,7941.45604913881,8819.94734396255,7288.50050536509,7850.06245831043
8898.02825769833,-0.131617816556974,0.645370537194638,0.62688898140415,-0.416153607553684,-2444.70222032116,-1246.44331392962,-6383.10996315205,7935.41636406023,8812.40341404924,7296.32359282883,7856.87010207566
8919.22832502393,-0.139028557775348,0.643813560640067,0.631629426118803,-0.408924720846878,-2344.94639962261,-1135.53800380817,-6440.10366683861,7929.45387949811,8804.84571370643,7304.14697945723,7863.61540344
8940.42839234953,-0.146422543252277,0.642171188456412,0.636287430024929,-0.401640274295651,-2243.94337333801,-1024.02873699093,-6493.66264885572,7923.5726029818,8797.27922753197,7311.96550262536,7870.29384101589
8961.62845967513,-0.153798860393739,0.640443565122146,0.640862372127153,-0.394301116441205,-2141.74655325703,-911.974681187131,-6543.75744466964,7917.77643121622,8789.7088709841,7319.77408625368,7876.90099682059
8982.82852700073,-0.161156596297536,0.638630843179895,0.64535363774701,-0.386908102597802,-2038.40999194901,-799.435315219918,-6590.36035505674,7912.06915085035,8782.13949327352,7327.56773794571,7883.43255508459
9004.02859432634,-0.168494837752195,0.636733183305051,0.649760618578329,-0.379462094910395,-1933.98835771008,-686.47040110665,-6633.44546085995,7906.45443934974,8774.57588008841,7335.34154626826,7889.88430100246
9025.22866165194,-0.175812671238615,0.634750754377681,0.654082712747424,-0.371963962412864,-1828.53690923721,-573.139955988517,-6672.98863708526,7900.93586596264,8767.02275616714,7343.09067816214,7896.25211943171
9046.42872897754,-0.183109182934629,0.632683733557663,0.65831932487812,-0.364414581086659,-1722.1114700321,-459.504223913527,-6708.9675663348,7895.51689277141,8759.48478773297,7350.81037647219,7902.5319935432
9067.62879630314,-0.190383458722607,0.630532306362959,0.662469866161717,-0.356814833919643,-1614.76840253841,-345.623647476677,-6741.3617515726,7890.20087582328,8751.96658480482,7358.49595758487,7908.72000342485
9088.82886362874,-0.197634584200282,0.628296666750957,0.6665337544319,-0.34916561096496,-1506.56458201509,-231.558839321098,-6770.15252821871,7884.99106633681,8744.4727033979,7366.14280916138,7914.81232463842
9110.02893095434,-0.204861644694903,0.625977017202795,0.670510414244677,-0.341467809399688,-1397.55737014871,-117.370553503935,-6795.32307556706,7879.8906119821,8737.0076476277,7373.74638795465,7920.80522672815
9131.22899827994,-0.212063725280906,0.62357356881055,0.674399276963364,-0.333722333583102,-1287.80458840757,-3.11965673070503,-6816.8584275218,7874.90255823459,8729.57587173021,7381.30221769831,7926.69507167833
9152.42906560555,-0.219239910801212,0.621086541367213,0.678199780848658,-0.325930095114309,-1177.36449114042,111.1329005381,-6834.74548264642,7870.02984980407,8722.18178201112,7388.8058870559,7932.47831231555
9173.62913293115,-0.226389285892311,0.61851616345933,0.681911371153833,-0.318092012889069,-1066.29573842223,225.326113104333,-6848.97301351968,7865.27533214183,8714.82973873636,7396.25304761855,7938.15149065068
9194.82920025675,-0.233510935013263,0.615862672562193,0.685533500225075,-0.310209013155552,-954.657368649827,339.398950169535,-6859.5316753916,7860.64175303063,8707.52405797564,7403.63941193952,7943.71123615372
9216.02926758235,-0.240603942478768,0.613126315137453,0.689065627606967,-0.302282029568845,-842.508770890102,453.290384588272,-6866.41401413226,7856.13176426342,8700.26901341062,7410.96075159424,7949.15426395444
9237.22933490795,-0.247667392496411,0.610307346733041,0.692507220153141,-0.294312003243961,-729.909656983366,566.939422233297,-6869.6144734661,7851.74792341822,8693.06883811864,7418.21289525414,7954.47737295986
9258.42940223356,-0.254700369208241,0.607406032085246,0.6958577521421,-0.286299882807148,-616.920033404836,680.285131468175,-6869.12940148308,7847.4926957381,8685.92772634283,7425.39172676318,7959.67744387921
9279.62946955916,-0.261701956736792,0.604422645222815,0.699116705398187,-0.278246624445248,-503.600172887073,793.266672722802,-6864.95705641842,7843.36845612667,8678.84983525855,7432.49318320568,7964.75143714541
9300.82953688476,-0.268671239235679,0.601357469572916,0.702283569417712,-0.270153191952901,-390.010585806504,905.823328166999,-6857.09761169142,7839.37749127056,8671.83928674579,7439.51325295472,7969.69639072151
9322.02960421036,-0.275607300944886,0.598210798068828,0.705357841500196,-0.262020556777354,-276.21199133728,1017.89453147707,-6845.55316019379,7835.5220019027,8664.90016917688,7446.44797368977,7974.50941777909
9343.22967153596,-0.282509226250854,0.594982933259168,0.708339026884713,-0.25384969806064,-162.265288375959,1129.41989768993,-6830.32771781717,7831.80410522109,8658.03653922757,7453.29343037341,7979.18770423461
9364.42973886157,-0.289376099751491,0.591674187418508,0.711226638891289,-0.245641602678911,-48.231526240764,1240.33925313897,-6811.42722620919,7828.22583747978,8651.25242371946,7460.04575317625,7983.72850612878
9385.62980618717,-0.296207006326196,0.588284882659193,0.714020199067321,-0.237397265278678,65.828124850557,1350.59266546556,-6788.8595547467,7824.78915677057,8644.55182150042,7466.70111534049,7988.12914683253
9406.82987351277,-0.303001031211015,0.584815351044186,0.716719237338954,-0.229117688309733,179.852403519896,1460.12047369962,-6762.63450171475,7821.49594601569,8637.93870536868,7473.25573097232,7992.38701406224
9428.02994083837,-0.309757260079001,0.581265934700736,0.719323292167355,-0.220803882054524,293.77998718025,1568.8633184022,-6732.76379467895,7818.34801619373,8631.41702404526,7479.70585275427,7996.49955668569
9449.23000816397,-0.316474779125885,0.577636985934695,0.721831910709827,-0.212456864653754,407.549522194357,1676.7621718625,-6699.26109003881,7815.34710982324,8624.99070419733,7486.04776956951,8000.46428129903
9470.43007548957,-0.323152675161132,0.57392886734526,0.72424464898567,-0.204077662127962,521.099654234934,1783.75836834154,-6662.14197174917,7812.49490473029,8618.66365251379,7492.27780403098,8004.27874855407
9491.63014281517,-0.32979003570446,0.570141951939934,0.726561072046718,-0.195667308394879,634.369058840471,1889.79363435362,-6621.42394919629,7809.79301812887,8612.43975783145,7498.39230990974,8007.9405692141
9512.83021014078,-0.336385949087897,0.566276623249512,0.728780754152439,-0.187226845282316,747.29647216005,1994.81011897662,-6577.12645421515,7807.24301104507,8606.32289330812,7504.38766945838,8011.44739991576
9534.03027746638,-0.342939504563427,0.562333275442827,0.730903278949519,-0.178757322536378,859.820721880084,2098.75042418146,-6529.27083723395,7804.84639311791,8600.31691863457,7510.26029062824,8014.79693861385
9555.23034479198,-0.349449792416302,0.558312313441074,0.732928239655799,-0.17025979782477,971.880758325317,2201.55763517013,-6477.88036253178,7802.60462781298,8594.42568227432,7516.00660418071,8017.98691968516
9576.43041211758,-0.355915904083969,0.554214153031448,0.734855239248493,-0.161735336734945,1083.41568572581,2303.17535071149,-6422.98020259503,7800.51913811966,8588.65302372136,7521.62306068515,8021.01510863863
9597.63047944319,-0.362336932281067,0.5500392209798,0.73668389065637,-0.153185012767156,1194.36479364101,2403.54771346316,-6364.59743155803,7798.59131265234,8583.00277572783,7527.1061274564,8023.87929651343
9618.83054676879,-0.368711971129766,0.545787955142208,0.738413816956121,-0.14460990732167,1304.66758853128,2502.61944026694,-6302.76101771348,7796.82251232372,8577.47876649771,7532.45228539983,8026.57729383219
9640.03061409439,-0.375040116296175,0.541460804575059,0.740044651572441,-0.136011109680446,1414.26382546673,2600.33585240495,-6237.50181507789,7795.21407762053,8572.08482180594,7537.65802578843,8029.10692410037
9661.23068141999,-0.381320465132559,0.537058229643437,0.741576038481801,-0.127389716982906,1523.09353996212,2696.64290580238,-6168.85255399735,7793.76733646738,8566.82476698142,7542.71984702225,8031.46601688556
9682.43074874559,-0.387552116825423,0.53258070212754,0.743007632419739,-0.118746834195628,1631.09707992633,2791.48722116266,-6096.84783077925,7792.48361274349,8561.70242869638,7547.6342514011,8033.65240044568
9703.63081607119,-0.393734172549463,0.52802870532685,0.744339099091495,-0.110083574075803,1738.21513771376,2884.81611401937,-6021.52409633541,7791.36423548941,8556.72163648458,7552.39774196269,8035.66389390466
9724.83088339679,-0.399865735627421,0.523402734161762,0.745570115385799,-0.101401057128318,1844.38878226427,2976.57762468915,-5942.91964382229,7790.41054883634,8551.88622389264,7557.00681945344,8037.49829898345
9746.0309507224,-0.405945911695841,0.518703295272395,0.746700369591631,-0.0927004115563261,1949.55949131766,3066.7205481086,-5861.07459526452,7789.62392268325,8547.20002914807,7561.45797951732,8039.15339130809
9767.231018048,-0.411973808876756,0.513930907114267,0.747729561617737,-0.0839827732051779,2053.66918368772,3155.19446353768,-5776.03088714793,7789.00576413592,8542.66689520266,7565.74771020928,8040.62691133373
9788.4310853736,-0.417948537955298,0.509086100050545,0.748657403214681,-0.0752492854996354,2156.66025157996,3241.94976411117,-5687.83225496886,7788.55752970697,8538.29066898128,7569.87248996581,8041.91655494571
9809.6311526992,-0.423869212563275,0.504169416440562,0.749483618199215,-0.0665010993742679,2258.47559293651,3326.93768621917,-5596.52421672708,7788.28073825463,8534.07519963314,7573.82878619532,8043.01996382736
9830.8312200248,-0.429734949368731,0.499181410724288,0.750207942680683,-0.0577393731969861,2359.05864379057,3410.11033869667,-5502.15405535001,7788.17698461061,8530.02433554476,7577.61305468595,8043.93471571928
9852.0312873504,-0.435544868271537,0.494122649502449,0.750830125289221,-0.0489652726856743,2458.35341061223,3491.42073180165,-5404.77080003665,7788.24795381082,8526.14191983136,7581.22174006984,8044.65831473916
9873.23135467601,-0.441298092605066,0.488993711611995,0.751349927405419,-0.0401799708179085,2556.30450262625,3570.8228059603,-5304.42520651042,7788.49543579637,8522.43178397636,7584.65127762885,8045.18818198446
9894.43142200161,-0.446993749343884,0.48379518819662,0.751767123391231,-0.0313846477336773,2652.85716408185,3648.27146025732,-5201.16973617063,7788.92134045379,8518.8977392499,7587.89809675719,8045.52164665254
9915.63148932721,-0.452630969318251,0.478527682772044,0.752081500821337,-0.0225804906315802,2747.95730645361,3723.72258064856,-5095.0585341335,7789.52771256311,8515.54356543452,7590.95862653843,8045.65593818955
9936.83155665281,-0.458208887434421,0.473191811285844,0.752292860715221,-0.0137686936578117,2841.55154055167,3797.13306787253,-4986.14740615427,7790.31674638597,8512.37299638074,7593.82930386551,8045.58817984937
9958.03162397842,-0.463726642901742,0.467788202171582,0.752401017769011,-0.00495045778853819,2933.58720851867,3868.46086503675,-4874.49379442308,7791.29079956474,8509.38970187432,7596.50658457715,8045.31538410763
9979.23169130402,-0.469183379466633,0.462317496397085,0.752405800586629,0.00387300929435717,3024.01241568996,3937.66498485421,-4760.15675222847,7792.4524055684,8506.59726517909,7598.98695826583,8044.83445076535
10000.4317586296,-0.47457824436585,0.456780347470998,0.752307052730694,0.0127004941068695,3112.77606229313,4004.70553650477,-4643.19691748334,7793.80476402458,8503.99926091174,7601.2667861096,8044.14174742276
10021.6318259552,-0.479910391770039,0.451177421524621,0.752104630940098,0.0215307755545576,3199.82787496156,4069.54375209559,-4523.67648510948,7795.35138226324,8501.59915160786,7603.3424548113,8043.23343345554
10042.8318932808,-0.485178981075269,0.4455093973634,0.751798406560907,0.0303626263051367,3285.11843803668,4132.14201269451,-4401.65917827826,7797.09541338616,8499.40010126664,7605.21065808388,8042.10605591155
10064.0319606064,-0.490383176672719,0.439776966453358,0.751388266098243,0.0391948132197446,3368.59922463238,4192.46387390941,-4277.21021850603,7799.04021819279,8497.40504570564,7606.86822655811,8040.75607438364
10085.232027932,-0.495522148761357,0.433980832948576,0.750874111092996,0.0480260971815488,3450.22262743442,4250.47409098661,-4150.39629460478,7801.1893426426,8495.61663585227,7608.31217668823,8039.17989902377
10106.4320952576,-0.500595073639591,0.428121713706885,0.750255858325695,0.0568552332545401,3529.94198920748,4306.13864340069,-4021.28553048967,7803.54649922564,8494.03717646886,7609.53976229078,8037.37392716215
10127.6321625832,-0.505601133994777,0.422200338301484,0.749533440020265,0.06568097085683,3607.71163298119,4359.42475890814,-3889.94745184678,7806.11553808143,8492.66855721853,7610.54853418557,8035.33459081776
10148.8322299088,-0.510539519201002,0.416217449029875,0.748706804039688,0.0745020539431553,3683.48689188674,4410.30093703665,-3756.45295166594,7808.90040556663,8491.51217633215,7611.33640821417,8033.05841684458
10170.0322972344,-0.515409425624909,0.41017380092138,0.747775914072248,0.0833172211977985,3757.22413861451,4458.73697198199,-3620.8742546455,7811.90508830527,8490.56885773109,7611.90174137609,8030.54210098381
10191.23236456,-0.520210056938701,0.404070161744627,0.746740749807326,0.0921252062396502,3828.88081446318,4504.70397488417,-3483.28488047703,7815.13354091903,8489.83876312093,7612.24341527281,8027.78259672989
10212.4324318856,-0.524940624438917,0.39790731201646,0.745601307099935,0.100924737841546,3898.41545795013,4548.17439545456,-3343.75960602042,7818.58959599351,8489.32130136993,7612.3609253518,8024.7772193503
10233.6324992112,-0.529600347368862,0.391686045013662,0.744357598123656,0.109714540166373,3965.78773295288,4589.12204292562,-3202.374426381,7822.27685544822,8489.01503840401,7612.2544735997,8021.52376458702
10254.8325665368,-0.534188453241807,0.385407166788553,0.743009651512224,0.118493333022708,4030.95845635071,4627.52210629517,-3059.2065149027,7826.19856338722,8488.9176118385,7611.92506137424,8018.0206404917
10276.0326338624,-0.538704178161284,0.379071496189012,0.741557512490828,0.127259832142803,4093.88962513588,4663.35117383697,-2914.33418209272,7830.35746173829,8489.02565554956,7611.3745780444,8014.2670095155
10297.232701188,-0.543146767134022,0.372679864882608,0.740001242999183,0.136012749485505,4154.54444296325,4696.58725185005,-2767.83683349533,7834.75563153049,8489.33474024604,7610.60588012161,8010.2629364369
10318.4327685136,-0.547515474370543,0.366233117383355,0.738340921809475,0.144750793566062,4212.88734610759,4727.20978261905,-2619.79492653425,7839.39432445321,8489.83933669043,7609.62285473886,8006.00953606664
10339.6328358392,-0.551809563568273,0.359732111078183,0.736576644643377,0.153472669813652,4268.88402879733,4755.1996615587,-2470.28992634501,7844.27379125943,8490.5328083603,7608.43046083078,8001.50911307857
10360.8329031648,-0.556028308172345,0.353177716248636,0.734708524293156,0.162177080955878,4322.50146789412,4780.53925351576,-2319.40426062064,7849.39311542835,8491.40743986993,7607.03474135953,7996.76528499435
10382.0329704904,-0.560170991610358,0.346570816081729,0.732736690752402,0.170862727427402,4373.70794688738,4803.2124082022,-2167.22127349586,7854.75006203142,8492.45450624241,7605.44280058094,7991.78307855317
10403.2330378161,-0.564236907499105,0.339912306662693,0.730661291361743,0.179528307797641,4422.47307917349,4823.20447473437,-2013.82517849713,7860.34095265678,8493.66438606929,7603.66274176709,7986.56898968613
10424.4331051417,-0.568225359823805,0.333203096941636,0.728482490974028,0.188172519210125,4468.76783058945,4840.50231525332,-1859.30101058751,7866.16057725261,8495.02671876187,7601.70356301606,7981.13099830303
10445.6331724673,-0.572135663093319,0.326444108666394,0.726200472141697,0.196794057824285,4512.56454117147,4855.09431760215,-1703.73457733746,7872.20215263025,8496.53060267232,7599.57501168796,7975.47853119949
10466.8332397929,-0.575967142477906,0.319636276275121,0.723815435326528,0.205391619249372,4553.83694610909,4866.97040703749,-1547.21240925438,7878.4573350342,8498.16482717738,7597.2874013621,7969.62236955908
10488.0333071185,-0.579719133938795,0.312780546744497,0.721327599128972,0.213963898960315,4592.56019586646,4876.12205695263,-1389.82170930563,7884.9162907353,8499.9181283222,7594.85139864442,7963.57450152376
10509.2333744441,-0.583390984360634,0.305877879392665,0.718737200531147,0.222509592686759,4628.7108754426,4882.54229859128,-1231.65030167155,7891.56782433582,8501.7794548155,7592.27779021173,7957.3479247218
10530.4334417697,-0.586982051698373,0.298929245639656,0.716044495144888,0.231027396769251,4662.26702274357,4886.22572973161,-1072.78657976674,7898.39955987331,8503.73822950688,7589.5772427083,7950.95640792568
10551.6335090953,-0.590491705149136,0.291935628731674,0.713249757454433,0.239516008480226,4693.20814603996,4887.16852232164,-913.319453569459,7905.39816546196,8505.78459127668,7586.76006914227,7944.41422458326
10572.8335764209,-0.593919325357091,0.28489802343847,0.710353281042793,0.247974126311535,4721.51524048432,4885.36842904804,-753.338296300845,7912.54960870472,8507.90960362339,7583.83601507452,7937.73587331372
10594.0336437465,-0.597264304655804,0.277817435734796,0.707355378791658,0.256400450234143,4747.17080366383,4880.82478882184,-592.932890497027,7919.83942791632,8510.10541898929,7580.81407617518,7930.93580126253
10615.2337110721,-0.600526047348419,0.270694882477239,0.704256383046746,0.264793681938663,4770.15885016461,4873.53853116563,-432.193373518758,7927.25300357576,8512.36539164279,7577.70235588978,7924.02814538929
10636.4337783977,-0.603703970022052,0.263531391086623,0.701056645743421,0.273152525067125,4790.46492512535,4863.51217948843,-271.210182544659,7934.77581537941,8514.68413620907,7574.50796841927,7917.02650450038
10657.6338457233,-0.606797501889554,0.256327999243959,0.697756538490667,0.281475685446732,4808.07611675879,4850.74985323566,-110.073999095406,7942.39367255164,8517.05753314463,7571.23698846874,7909.94375152574
10678.8339130489,-0.609806085149664,0.249085754605016,0.694356452614612,0.289761871335314,4822.98106782105,4835.25726890325,51.124306862493,7950.0929082742,8519.48268608762,7567.89444573101,7902.79189168343
10700.0339803745,-0.612729175355748,0.241805714535463,0.690856799165363,0.298009793686129,4835.16998601003,4817.04173990623,212.293733183596,7957.86053272234,8521.95783873204,7564.48435922002,7895.58196830051
10721.2340477001,-0.615566240835601,0.234488945436764,0.687258009745722,0.306218166756692,4844.63465327548,4796.11217529399,373.34320213028,7965.68466397342,8524.48233184961,7561.00968245647,7888.32373264369
10742.4341150257,-0.618316764642962,0.227136523196641,0.683560535053685,0.31438570786332,4851.36843402444,4772.47907730561,534.181617227573,7973.55494007857,8527.05655710398,7557.47225444156,7881.02533054714
10763.6341823513,-0.62098024577947,0.219749533438777,0.679764843982305,0.322511137467873,4855.36628220788,4746.15453776072,694.717920333627,7981.46095172512,8529.68145951706,7553.87351078863,7873.69473225896
10784.8342496769,-0.623556196820559,0.212329070083402,0.675871425971936,0.330593180448206,4856.62474727502,4717.15223328236,854.861148872488,7989.39312499863,8532.35856773064,7550.21427854733,7866.33901491721
10806.0343170025,-0.62604414535198,0.204876235637829,0.671880789908471,0.338630566094306,4855.14197898399,4685.48741935081,1014.52049317518,7997.34273194807,8535.08985418828,7546.49488315177,7858.96440335033
10827.2343843281,-0.628443634287469,0.197392141005571,0.667793463992173,0.346622028500973,4850.91773105873,4651.17692318802,1173.60535387483,8005.30183727619,8537.87759588524,7542.71526744478,7851.57636243583
10848.4344516537,-0.630754222125831,0.189877905271756,0.663609995637746,0.35456630698604,4843.95336368376,4614.23913547495,1332.02539930096,8013.26323192051,8540.72424796191,7538.87510320965,7844.17969559484
10869.6345189793,-0.632975483186388,0.182334655479216,0.659330951372799,0.3624621465175,4834.25184482992,4574.69400090499,1489.69062281814,8021.22035772697,8543.63233204921,7534.97389291106,7836.77864533009
10890.8345863049,-0.635107007825362,0.174763526393651,0.654956916734274,0.370308298145619,4821.8177504061,4532.56300757875,1646.51140005366,8029.16722787141,8546.6043403346,7531.01105997212,7829.37699169888
10912.0346536305,-0.63714840263525,0.167165660256762,0.650488496162464,0.378103519436895,4806.65726323327,4487.86917524704,1802.39854595929,8037.09834680219,8549.64265535059,7526.98602684519,7821.97814566387
10933.2347209561,-0.639099290629202,0.159542206526938,0.645926312891828,0.385846574907353,4788.77817083908,4440.63704241064,1957.26337165198,8045.00863259043,8552.74948477957,7522.89828086345,7814.5852352301
10954.4347882817,-0.640959311412181,0.151894321607586,0.641271008837625,0.393536236453224,4768.1898620728,4390.89265228663,2111.01774097879,8052.89334376456,8555.92681009721,7518.74742838884,7807.20118309674
10975.6348556073,-0.642728121340461,0.144223168563596,0.636523244477289,0.40117128377757,4744.90332254223,4338.66353765343,2263.57412675165,8060.74801200894,8559.17634760288,7514.53323812329,7799.82877521293
10996.8349229329,-0.644405393670675,0.13652991682668,0.6316836987255,0.408750504811815,4718.93112887539,4283.9787045875,2414.845666598,8068.56838153214,8562.49952026622,7510.25567465575,7792.47072013337
11018.0349902585,-0.645990818699368,0.128815741890462,0.626753068802019,0.416272696131493,4690.28744181223,4226.86861510668,2564.74621837401,8076.35035546085,8565.89743881413,7505.91492340961,7785.12969943657
11039.2350575841,-0.647484103893704,0.121081824996266,0.621732070091444,0.423736663365762,4658.98799813235,4167.36516873644,2713.1904150876,8084.08994927546,8569.37089055588,7501.5114081634,7777.80840971776
11060.4351249097,-0.648884974013801,0.113329352810573,0.616621435994235,0.431141221600363,4625.05010142706,4105.50168301683,2860.09371927976,8091.78325106189,8572.92033456612,7497.04580226925,7770.50959682292
11081.6351922353,-0.650193171226914,0.105559517095067,0.611421917768474,0.43848519577389,4588.49261172514,4041.31287296925,3005.37247681299,8099.42638819134,8576.54590199489,7492.5190346082,7763.23608306972
11102.8352595609,-0.651408455213618,0.0977735143701655,0.606134284361975,0.44576742106721,4549.33593398356,3974.83482954373,3148.94397001712,8107.01549993971,8580.24740043198,7487.93229121639,7755.99078822756
11124.0353268865,-0.652530603265958,0.0899725455728439,0.600759322234494,0.452986743286003,4507.60200545571,3906.10499706831,3290.72647014388,8114.54671550726,8584.02432141023,7483.28701340344,7748.77674501576
11145.2353942121,-0.65355941037753,0.082157815709527,0.595297835169887,0.460142019236303,4463.31428195122,3835.16214972378,3430.63928908257,8122.01613688256,8587.87585028005,7478.58489307089,7741.59710984039
11166.4354615377,-0.654494689325342,0.0743305335047365,0.589750644078163,0.46723211709301,4416.49772300295,3762.04636706788,3568.60283029072,8129.41982600383,8591.8008778219,7473.82786583211,7734.45516943673
11187.6355288633,-0.655336270743331,0.0664919110461361,0.584118586787475,0.474255916761256,4367.17877595781,3686.79900863434,3704.53863889495,8136.75379569499,8595.79801308227,7469.0181024367,7727.35434402243
11208.8355961889,-0.656084003187345,0.0586431634265613,0.578402517826125,0.481212310230518,4315.38535900979,3609.46268763312,3838.36945091866,8144.01400389001,8599.86559702165,7464.15799891502,7720.29818750195
11230.0356635145,-0.656737753191459,0.0507855083835782,0.572603308194748,0.488100201921374,4261.14684319436,3530.08124377919,3970.01924159478,8151.19635069878,8604.00171665059,7459.25016578205,7713.29038519912
11251.2357308401,-0.657297405315434,0.0429201659370774,0.566721845128867,0.494918509024733,4204.49403336505,3448.69971527796,4099.41327272338,8158.29667791066,8608.20421940265,7454.29741657445,7706.3347495352
11272.4357981657,-0.657762862183209,0.0350483580253709,0.560759031852032,0.501666161833394,4145.45914817369,3365.36430999656,4226.47813903564,8165.31077057386,8612.47072755373,7449.30275593906,7699.43521401362
11293.6358654913,-0.658134044512279,0.027171308140247,0.554715787319839,0.508342104065744,4084.07579907728,3280.1223758506,4351.14181352733,8172.23436032937,8616.79865254628,7444.26936744515,7692.59582582347
11314.8359328169,-0.658410891133864,0.0192902409613978,0.548593045955065,0.514945293181427,4020.378968395,3193.02237043681,4473.33369172671,8179.06313021491,8621.18520911611,7439.20060125469,7685.820737329
11336.0360001425,-0.658593359003788,0.0114063819906314,0.54239175737426,0.521474700688781,3954.40498644021,3104.11382994272,4592.98463486366,8185.79272068912,8625.62742915053,7434.09996175389,7679.11419667401
11357.2360674681,-0.658681423204007,0.00352095718625786,0.536112886106093,0.527929312443846,3886.19150775286,3013.44733736476,4710.02701190851,8192.4187366565,8630.12217523154,7428.97109522443,7672.48053769642
11378.4361347937,-0.658675076089208,-0.00436480825287432,0.529757412351624,0.534308128935264,3815.77748645854,2921.0744900667,4824.3947404509,8198.93714726958,8634.66624342246,7423.81762655898,7665.92382440639
11399.6362021193,-0.658574328980604,-0.0122496885882076,0.523326329597312,0.540610165542088,3743.20315078125,2827.04786671093,4936.02332639107,8205.34443868189,8639.25642267949,7418.64308037476,7659.44770883042
11420.8362694449,-0.658379212095433,-0.0201324578508447,0.516820644307259,0.546834452864219,3668.50997673736,2731.42099359481,5044.84990241754,8211.63618023588,8643.8891794216,7413.45142280883,7653.05668953432
11442.0363367705,-0.658089772876253,-0.0280118918679394,0.51024137765373,0.552980036963075,3591.7406610389,2634.24831042518,5150.8132652473,8217.80792147807,8648.5608576563,7408.24672053528,7646.75532314244
11463.2364040961,-0.657706076735774,-0.0358867678456445,0.503589564229375,0.559045979609636,3512.93909323498,2535.58513556372,5253.85391160614,8223.85521717223,8653.26769315278,7403.0331244606,7640.54819941299
11484.4364714217,-0.657228207024463,-0.0437558647034461,0.496866251695578,0.565031358529285,3432.1503271202,2435.48763077632,5353.91407292906,8229.77363599193,8658.0058245394,7397.81485892476,7634.43993071438
11505.6365387473,-0.656656264967144,-0.0516179634281539,0.490072500452351,0.57093526763663,3349.42055143949,2334.01276551928,5450.93774876196,8235.55877028586,8662.77130432703,7392.59621071978,7628.43514068817
11526.8366060729,-0.655990369590092,-0.0594718474253945,0.483209383303351,0.576756817260499,3264.79705991908,2231.21828079529,5544.87073884831,8241.20624587033,8667.56010964115,7387.38151831535,7622.53845300749
11548.0366733985,-0.65523065763918,-0.0673163028678845,0.476277985115904,0.582495134358959,3178.32822065328,2127.16265261199,5635.66067388558,8246.71173176122,8672.36815267385,7382.17516130041,7616.75448029754
11569.2367407241,-0.654377283489183,-0.0751501190401705,0.469279402476394,0.588149362724269,3090.06344487729,2021.90505507559,5723.25704493857,8252.07094978407,8677.19129087111,7376.9815500405,7611.0878132626
11590.4368080497,-0.653430419044396,-0.0829720886795512,0.462214743341407,0.593718663177649,3000.05315515591,1915.50532315206,5807.61123149803,8257.27968400794,8682.02533686978,7371.80511555049,7605.54301005846
11611.6368753754,-0.652390253630723,-0.0907810083128986,0.455085126685005,0.599202213753778,2908.34875301835,1808.02391512773,5888.67652817493,8262.33378995468,8686.86606819808,7366.65029958158,7600.12458594434
11632.836942701,-0.651256993879392,-0.0985756785891048,0.447891682142517,0.604599209874956,2815.00258606903,1699.52187480108,5966.4081700222,8267.22920354126,8691.7092367514,7361.52154492154,7594.83700324449
11654.0370100266,-0.650030863602502,-0.106354904606894,0.440635549651223,0.609908864514861,2720.06791460458,1590.06079343709,6040.76335647738,8271.9619497176,8696.55057805528,7356.42328590676,7589.6846616455
11675.2370773522,-0.648712103660559,-0.114117496237748,0.43331787908832,0.615130408351855,2623.59887776653,1479.70277151486,6111.70127392123,8276.52815076743,8701.38582032543,7351.35993914475,7584.67188885185
11696.4371446778,-0.647300971822226,-0.121862268443701,0.425939829906527,0.620263089911817,2525.65045925952,1368.51038029914,6179.1831168486,8280.92403424401,8706.21069333376,7346.33589444572,7579.8029316195
11717.6372120034,-0.645797742616491,-0.129588041589771,0.418502570767741,0.625306175700484,2426.27845266432,1256.54662326536,6243.17210764946,8285.14594051713,8711.02093708935,7341.35550596133,7575.08194718314
11738.837279329,-0.644202707177459,-0.137293641750813,0.411007279175071,0.630258950325291,2325.53942637475,1143.8748974079,6303.63351499936,8289.19032991176,8715.81231034102,7336.42308352883,7570.5129950906
11760.0373466546,-0.642516173082015,-0.144977901012577,0.403455141103664,0.635120716606734,2223.49068818732,1030.55895446009,6360.53467085952,8293.05378942317,8720.58059890942,7331.54288421789,7566.10002945406
11781.2374139802,-0.640738464180566,-0.15263965776678,0.395847350630656,0.639890795679279,2120.19024957201,916.662862054416,6413.84498608861,8296.73303899682,8725.32162385476,7326.71910407735,7561.84689162523
11802.4374813058,-0.638869920421124,-0.160277756999992,0.388185109564618,0.644568527081849,2015.69678965222,802.250964850491,6463.5359646687,8300.22493736586,8730.03124948683,7321.95587007793,7557.75730329828
11823.6375486314,-0.636910897666963,-0.167891050576184,0.380469627074862,0.649153268837957,1910.06961892164,687.38784565783,6509.58121654955,8303.52648744259,8734.70539122399,7317.25723224634,7553.83486004115
11844.837615957,-0.634861767508105,-0.175478397512742,0.372702119320941,0.653644397525538,1803.3686427252,572.138286579896,6551.95646911615,8306.63484126444,8739.34002330757,7312.62715598513,7550.08302525307
11866.0376832826,-0.63272291706689,-0.183038664249826,0.364883809082699,0.658041308336571,1695.65432453089,456.567230205199,6590.63957728541,8309.54730449878,8743.93118637928,7308.06951457125,7546.50512454247
11887.2377506082,-0.630494748797888,-0.190570724912917,0.357015925391192,0.662343415126567,1586.98764901894,340.739740870631,6625.61053223891,8312.26134051471,8748.47499492887,7303.58808182525,7543.10434051662
11908.4378179338,-0.628177680282428,-0.198073461568423,0.349099703160834,0.666550150454043,1477.43008501397,224.720966021573,6656.85146879937,8314.7745740341,8752.96764462066,7299.1865249414,7539.88370797102
11929.6378852594,-0.625772144017987,-0.205545764472235,0.341136382823059,0.670660965610088,1367.04354828577,108.576097692715,6684.34667145937,8317.08479437789,8757.40541950854,7294.86839746714,7536.84610946271
11950.837952585,-0.62327858720274,-0.212986532311125,0.333127209961838,0.674675330638137,1255.89036424352,-7.62966586713794,6708.08257907152,8319.1899583277,8761.78469914941,7290.63713241913,7533.99427124918
11972.0380199106,-0.620697471515521,-0.220394672436895,0.325073434951347,0.678592734344102,1144.03323054776,-123.831158403571,6728.04778820999,8321.08819262641,8766.10196562675,7286.49603552086,7531.33075957052
11993.2380872362,-0.618029272891466,-0.227769101093186,0.316976312596077,0.682412684297003,1031.53517966428,-239.963283676305,6744.23305521397,8322.77779614602,8770.35381049741,7282.44827854471,7528.85797724867
12014.4381545618,-0.61527448129364,-0.235108743634892,0.308837101773687,0.686134706820238,918.459541383231,-355.961053268697,6756.63129692419,8324.2572417542,8774.53694167549,7278.49689273994,7526.57816057518
12035.6382218874,-0.612433599821721,-0.242412536219432,0.300657066402645,0.689758346462894,804.86990532647,-471.759624166082,6765.23759012407,8325.52576339097,8778.6483281595,7274.64453357028,7524.49285977637
12056.838289213,-0.609507146124741,-0.249679422438378,0.292437471861799,0.693283167172541,690.830083465724,-587.294336082588,6770.0491696978,8326.58302112393,8782.68514236775,7270.89359282261,7522.60322929929
12078.0383565386,-0.606495651238111,-0.256908355360818,0.284179586359744,0.696708751682842,576.404072673457,-702.500748516752,6771.06542551785,8327.42798715527,8786.64450230187,7267.24662995765,7520.91100967293
12099.2384238642,-0.603399658892045,-0.264098298804993,0.275884681537144,0.700034701075898,461.656017328143,-817.314677516592,6768.28789807494,8328.05982311756,8790.5236716717,7263.70603437405,7519.41775561928
12120.4384911898,-0.600219725643419,-0.271248226703281,0.26755403138921,0.703260635004012,346.650171995121,-931.672232135356,6761.72027286402,8328.47786712535,8794.32006268729,7260.27402493755,7518.12484638358
12141.6385585154,-0.596956420636802,-0.278357123258466,0.25918891191456,0.706386191634799,231.450864203691,-1045.50985055976,6751.36837353979,8328.68163435507,8798.0312427882,7256.95264361373,7517.03348388532
12162.838625841,-0.593610325355685,-0.285423983110017,0.25079060078419,0.709411027582061,116.122457340821,-1158.76433589291,6737.24015385609,8328.67081828205,8801.6549416153,7253.74374873875,7516.14469029506
12184.0386931666,-0.590182033371719,-0.292447811493128,0.242360377015414,0.712334817828702,0.729313681310905,-1271.37289157461,6719.34568840341,8328.44529204527,8805.1890581026,7250.64900813043,7515.4593055058
12205.2387604922,-0.586672150092324,-0.299427624390443,0.233899520650861,0.715157255641893,-114.664242426009,-1383.27315642219,6697.69716215932,8328.00511004558,8808.63166772458,7247.66989198837,7514.97798440395
12226.4388278178,-0.583081292506787,-0.306362448676908,0.225409312443055,0.71787805248054,-229.993961196929,-1494.40323927541,6672.30885886663,8327.35051041681,8811.9810300632,7244.80766532087,7514.70119337248
12247.6388951434,-0.579410088932774,-0.313251322252758,0.216891033540603,0.720496937897382,-345.19570385653,-1604.7017532293,6643.19714825474,8326.48191593005,8815.23559613309,7242.0633808398,7514.62920817622
12268.838962469,-0.57565917875958,-0.320093294176441,0.20834596518586,0.72301365943106,-460.20547887144,-1714.10784943941,6610.38047211936,8325.39993690572,8818.39401628894,7239.43787094297,7514.7621100794
12290.0390297946,-0.571829212192526,-0.326887424785446,0.199775388414171,0.725427982493357,-574.959477951517,-1822.56125048414,6573.87932927656,8324.1053745865,8821.45514838333,7236.93173935917,7515.09978155233
12311.2390971202,-0.567920849996772,-0.333632785810766,0.191180583759566,0.727739690249504,-689.394111803141,-1930.00228326905,6533.71625940681,8322.59922489561,8824.4180661586,7234.5453524858,7515.64190163231
12332.4391644458,-0.56393476324108,-0.340328460484343,0.182562830966396,0.729948583492097,-803.446045616587,-2036.37191145884,6489.91582580551,8320.88268294578,8827.28206795554,7232.27883028012,7516.38794061577
12353.6392317714,-0.559871633041835,-0.346973543639446,0.173923408706918,0.732054480508876,-917.052234270227,-2141.61176742241,6442.5045970561,8318.9571484143,8830.04668576141,7230.13203666567,7517.3371539792
12374.839299097,-0.555732150307573,-0.35356714180407,0.16526359430493,0.734057216944591,-1030.14995723458,-2245.66418367735,6391.51112764246,8316.82423191209,8832.71169461662,7228.10456941581,7518.4885754156
12396.0393664226,-0.551517015484288,-0.360108373287485,0.156584663465527,0.735956645657156,-1142.67685315952,-2348.47222381989,6336.96593751762,8314.48576248433,8835.27712239384,7226.19574948174,7519.84100886568
12417.2394337482,-0.547226938301767,-0.36659636826003,0.147887890011067,0.737752636568318,-1254.57095412813,-2449.97971292727,6278.90149064563,8311.94379638898,8837.74325995493,7224.40460973852,7521.39301941652
12438.4395010738,-0.542862637521206,-0.373030268826279,0.139174545623394,0.739445076509023,-1365.770719561,-2550.13126741918,6217.35217253411,8309.20062730857,8840.11067168119,7222.7298831322,7523.14292293392
12459.6395683994,-0.538424840684394,-0.379409229091701,0.130445899592352,0.741033869059687,-1476.21506975503,-2648.87232436566,6152.35426677491,8306.25879815886,8842.38020635802,7221.16999022373,7525.08877428914
12480.839635725,-0.5339142838647,-0.385732415222946,0.121703218570608,0.742518934385563,-1585.84341904092,-2746.14917022892,6083.945930611,8303.12111466576,8844.55300837853,7219.72302614178,7527.22835403635
12502.0397030506,-0.529331711420171,-0.39199900550188,0.112947766334785,0.743900209067394,-1694.59570854376,-2841.90896902681,6012.16716954736,8299.79066088753,8846.63052920765,7218.38674697785,7529.55915339513
12523.2397703762,-0.524677875748987,-0.398208190373485,0.104180803552858,0.745177645927523,-1802.4124385316,-2936.09978990597,5937.05981102459,8296.27081686281,8848.61453902186,7217.15855568439,7532.0783573925
12544.4398377018,-0.519953537047579,-0.404359172487766,0.0954035875577679,0.746351213851648,-1909.23470033667,-3028.67063411306,5858.66747717373,8292.5652785649,8850.50713840453,7216.03548757115,7534.78282602371
12565.6399050274,-0.515159463071704,-0.410451166735749,0.0866173721271604,0.747420897606376,-2015.00420783455,-3119.57146135262,5777.03555667137,8288.67808033781,8852.31076993575,7215.0141955377,7537.6690733005
12586.839972353,-0.51029642890078,-0.416483400279693,0.0778234072691121,0.748386697652759,-2119.66332846663,-3208.75321552043,5692.21117571434,8284.61361997754,8854.02822946428,7214.09093523311,7540.73324407211
12608.0400396786,-0.505365216705785,-0.422455112577565,0.0690229390136936,0.749248629955973,-2223.15511379131,-3296.16784980154,5604.24316813351,8280.37668660132,8855.6626767877,7213.26155039908,7543.97108853035
12629.2401070042,-0.500366615521072,-0.428365555401853,0.0602172092101475,0.750006725791304,-2325.4233295499,-3381.76835112251,5513.18204466681,8275.97249141515,8857.2176453935,7212.5214587315,7547.3779343469
12650.4401743298,-0.495301421020399,-0.434213992852704,0.0514074553294276,0.750661031546622,-2426.4124852332,-3465.50876394743,5419.07996141155,8271.40670144182,8858.69705082621,7211.86563869054,7550.9486564437
12671.6402416554,-0.49017043529755,-0.439999701365375,0.0425949102717817,0.751211608521547,-2526.06786313506,-3547.34421340806,5321.99068747681,8266.68547620481,8860.1051971439,7211.28861780223,7554.67764446745
12692.840308981,-0.484974466649091,-0.445721969760336,0.0337808022106409,0.751658532695134,-2624.33554687943,-3627.23092775821,5221.96957185669,8261.81551669206,8861.44678303388,7210.78445945252,7558.55875980613
12714.0403763066,-0.479714329304368,-0.451380100690435,0.0249663553417398,0.752001893655663,-2721.16244940778,-3705.12626014328,5119.07350954596,8256.80477929401,8862.72706330171,7210.34649180849,7562.58470524216
12735.2404436322,-0.474390843457853,-0.456973406201187,0.0161527868233789,0.752241796994869,-2816.49634041381,-3780.98870967583,5013.36090691955,8251.66149155894,8863.95161093791,7209.96769931851,7566.74789356159
12756.4405109578,-0.469004834806767,-0.462501211701547,0.00734130922802568,0.752378361784346,-2910.28587321314,-3854.77794180886,4904.8916463979,8246.39413473092,8865.12628612794,7209.6407571863,7571.04046582439
12777.6405782834,-0.463557134433573,-0.467962855198666,-0.00146687013677462,0.752411720776629,-3002.48061103523,-3926.45480799831,4793.72705042072,8241.01191259628,8866.25731462995,7209.35787989502,7575.45388226523
12798.8406456091,-0.458048578638081,-0.473357686954339,-0.0102705496037624,0.752342020373519,-3093.03105272576,-3995.98136464703,4679.92984475165,8235.52478866624,8867.35126126714,7209.11084263541,7579.97889355393
12820.0407129347,-0.452480008758331,-0.478685069438531,-0.0190685333204412,0.752169420415173,-3181.88865784769,-4063.32089132281,4563.56412113708,8229.94353113127,8868.41499609439,7208.89100905916,7584.6055062291
12841.2407802603,-0.446852270997329,-0.483944377279217,-0.0278596314191321,0.751894093966398,-3269.0058711696,-4128.43790824335,4444.69529934241,8224.27975433709,8869.45564895482,7208.68937127054,7589.32295257002
12862.4408475859,-0.441166216255442,-0.489134997201708,-0.0366426601867709,0.751516227104764,-3354.33614653032,-4191.29819302154,4323.39008858952,8218.54595419617,8870.48055042768,7208.49660445862,7594.11966737378
12883.6409149115,-0.435422699967775,-0.494256327956106,-0.0454164422348698,0.75103601871205,-3437.83397006919,-4251.86879666494,4199.71644841955,8212.75553458124,8871.49715714714,7208.30313865253,7598.98327441991
12904.8409822371,-0.429622581945479,-0.499307780231545,-0.0541798066697354,0.750453680270793,-3519.45488281172,-4310.11805882353,4073.74354900538,8206.92282117055,8872.51295950028,7208.09925014101,7603.90058589199
12926.0410495627,-0.423766726219496,-0.504288776555848,-0.0629315892626506,0.749769435667988,-3599.15550260064,-4366.01562228064,3945.54173093839,8201.06305862947,8873.53536987716,7207.87517502265,7608.85761850404
12947.2411168883,-0.417856000884738,-0.509198751179361,-0.0716706326191923,0.748983521008278,-3676.89354536313,-4419.53244668205,3815.18246451463,8195.19238646635,8874.57158999195,7207.62124708875,7613.83963049963
12968.4411842139,-0.411891277942143,-0.514037149941985,-0.0803957863461661,0.748096184439201,-3752.62784570491,-4470.64082149899,3682.73830854555,8189.32778846042,8875.6284563748,7207.3280617254,7618.83118399167
12989.6412515395,-0.405873433135514,-0.51880343012292,-0.0891059072137877,0.747107685991177,-3826.31837682283,-4519.31437822124,3548.28286871886,8183.48701030742,8876.71226399802,7206.98666669236,7623.81623721218
13010.8413188651,-0.399803345779508,-0.523497060273425,-0.0977998593097403,0.746018297434847,-3897.9262697277,-4565.52810177681,3411.89075553515,8177.68844017435,8877.82856919025,7206.58877943349,7628.77827104803
13032.0413861907,-0.393681898574801,-0.528117520033965,-0.10647651418065,0.744828302158056,-3967.41383176974,-4609.25834117561,3273.63754184635,8171.95094731516,8878.98197453167,7206.12702895634,7633.70045364521
13053.2414535163,-0.387509977406334,-0.532664299938549,-0.115134750955434,0.743537995064104,-4034.74456445948,-4650.48281937453,3133.59972002217,8166.29367490451,8880.17590030199,7205.59521827507,7638.56584576406
13074.4415208419,-0.381288471120811,-0.537136901210731,-0.123773456444027,0.742147682491825,-4099.88318057743,-4689.18064236238,2991.85465877066,8160.73578490921,8881.41234921494,7204.98860098114,7643.35764787178
13095.6415881675,-0.375018271280382,-0.541534835557719,-0.132391525204353,0.740657682156483,-4162.79562056629,-4725.33230746329,2848.48055963962,8155.29615521864,8882.69167349683,7204.30416279769,7648.0594876132
13116.8416554931,-0.36870027189085,-0.545857624970933,-0.140987859570367,0.739068323108541,-4223.44906820015,-4758.91971085796,2703.55641322519,8149.99303240672,8884.01235565927,7203.54089617907,7652.65574332427
13138.0417228187,-0.362335369104825,-0.550104801543099,-0.149561369634677,0.737379945704992,-4281.81196552544,-4789.92615432252,2557.16195511443,8144.8436473139,8885.37081630692,7202.7000534193,7657.13189575109
13159.2417901443,-0.355924460902965,-0.554275907313109,-0.158110973180973,0.735592901585469,-4337.85402706909,-4818.33635118549,2409.37762158853,8139.86380490105,8886.76126368036,7201.78536169881,7661.47489634154
13180.4418574699,-0.349468446759659,-0.558370494150135,-0.166635595564289,0.733707553643044,-4391.5462533099,-4844.13643150381,2260.2845051135,8135.06746417694,8888.17560000115,7200.80318244417,7665.67353673856
13201.6419247955,-0.342968227302905,-0.562388123687427,-0.17513416954097,0.731724275977798,-4442.86094340951,-4867.31394645928,2109.9643096449,8130.46632794081,8889.60339872861,7199.76259771339,7669.71880088984
13222.8419921211,-0.336424703981198,-0.566328367313679,-0.183605635054867,0.729643453820484,-4491.77170720016,-4887.85787197767,1958.49930577362,8126.06946502118,8891.03196431934,7198.67540837913,7673.60417902998
13244.0420594467,-0.329838778752789,-0.57019080622668,-0.192048938990815,0.727465483413432,-4538.25347642674,-4905.75861157298,1805.97228573905,8121.88298938601,8892.44648202446,7197.55603268362,7677.3259218897
13265.2421267723,-0.323211353812212,-0.573975031543464,-0.200463034913396,0.725190771842049,-4582.28251524147,-4921.00799842014,1652.46651833648,8117.90981836893,8893.83025935441,7196.42129999112,7680.8832160792
13286.4421940979,-0.31654333137079,-0.577680644466393,-0.208846882807102,0.722819736805334,-4623.83642994971,-4933.59929665974,1498.06570374497,8114.14953049495,8895.1650545533,7195.29014115892,7684.27826390603
13307.6422614235,-0.309835613502099,-0.581307256486558,-0.217199448841243,0.720352806328197,-4662.89417800654,-4943.52720193907,1342.85392830208,8110.59833869483,8896.4314807119,7194.18318442925,7687.51625574762
13328.8423287491,-0.303089102059615,-0.584854489606016,-0.2255197051795,0.717790418420401,-4699.43607626371,-4950.78784119432,1186.91561925156,8107.24918452848,8897.60946709252,7193.12227443641,7690.6052326439
13350.0423960747,-0.296304698668067,-0.588321976558347,-0.233806629850203,0.715133020691812,-4733.44380846756,-4955.37877167914,1030.33549948979,8104.09195232509,8898.67875461135,7192.12993764985,7693.55584305414
13371.2424634003,-0.289483304783049,-0.591709361004741,-0.242059206688559,0.712381069939784,-4764.90043200883,-4957.29897924552,873.198542336654,8101.11379282255,8899.61939930438,7191.22882219995,7696.38100601726
13392.4425307259,-0.282625821807493,-0.595016297685412,-0.25027642535478,0.709535031727129,-4793.79038392597,-4956.54887588312,715.589926356175,8098.29953796942,8900.41225708644,7190.44114183038,7699.09549971056
13413.6425980515,-0.275733151248984,-0.598242452510647,-0.258457281424649,0.706595379969988,-4820.09948616403,-4953.13029652406,557.594990251912,8095.63218248872,8901.03942513778,7189.78815267527,7701.71549924992
13434.8426653771,-0.268806194899327,-0.601387502582055,-0.266600776542278,0.703562596553369,-4843.81495009171,-4947.04649512031,399.299187861828,8093.0934042677,8901.48461949656,7189.28968788263,7704.25808999054
13456.0427327027,-0.261845855017463,-0.604451136141482,-0.274705918619713,0.700437170988765,-4864.92538027985,-4938.30214000155,240.788043276896,8090.66409488993,8901.73347426663,7188.96376938791,7706.74078243944
13477.2428000283,-0.254853034498708,-0.607433052451627,-0.282771722065156,0.697219600123523,-4883.42077754494,-4926.90330852163,82.1471061073781,8088.3248735097,8901.77375446174,7188.8263092146,7709.1810524193
13498.4428673539,-0.247828637016773,-0.610332961617772,-0.290797208020991,0.693910387906453,-4899.29254126192,-4912.85748100223,-76.5380930797667,8086.05656127653,8901.59548107252,7188.89090544968,7711.59592586877
13519.6429346795,-0.240773567129435,-0.613150584363687,-0.298781404594354,0.690510045209236,-4912.53347095094,-4896.17353398291,-235.182087129316,8083.84059892563,8901.19097275635,7189.1687313367,7714.00162233144
13540.8430020051,-0.233688730343415,-0.615885651776448,-0.30672334706606,0.687019089699097,-4923.13776714319,-4876.8617327868,-393.699516449529,8081.65939616764,8900.55481311528,7189.66851036986,7716.41326550973
13562.0430693307,-0.226575033138207,-0.618537905034904,-0.314622078067656,0.683438045755314,-4931.10103153157,-4854.93372341192,-552.005172925153,8079.49660741446,8899.68375560316,7190.39656622266,7718.84466388012
13583.2431366563,-0.219433382952054,-0.621107095135012,-0.322476647720517,0.679767444420592,-4936.42026641211,-4830.40252375816,-710.014043570201,8077.33733360818,8898.57657967645,7191.35693390592,7721.30815975769
13604.4432039819,-0.212264688135607,-0.623592982622948,-0.330286113734776,0.676007823377871,-4939.09387342296,-4803.28251420049,-867.641353899518,8075.16825412079,8897.23391204623,7192.55151761142,7723.81454163443
13625.6432713075,-0.205069857880135,-0.6259953373441,-0.338049541468999,0.672159726943728,-4939.12165158744,-4773.58942751924,-1024.80261099876,8072.97769571381,8895.6580260834,7193.98028100204,7726.3730121861
13646.8433386331,-0.197849802127528,-0.628313938213234,-0.345766003953882,0.668223706070683,-4936.50479466899,-4741.34033819848,-1181.41364627294,8070.75564740581,8893.85263089926,7195.64145692977,7728.99120298777
13668.0434059587,-0.190605431469035,-0.630548573008662,-0.353434581884704,0.664200318352248,-4931.24588784531,-4706.5536511039,-1337.39065785439,8068.49373092952,8891.82265968527,7197.53176536265,7731.67522654001
13689.2434732843,-0.183337657038878,-0.632699038191135,-0.361054363587986,0.660090128026152,-4923.34890371011,-4669.24908955187,-1492.65025265152,8066.18513647023,8889.57406481507,7199.64663038076,7734.42975647955
13710.4435406099,-0.176047390407826,-0.634765138746656,-0.368624444967907,0.655893705972725,-4912.81919761051,-4629.44768278139,-1647.10948802033,8063.82453278932,8887.11362519209,7201.98038921903,7737.2581276148
13731.6436079355,-0.16873554348067,-0.636746688051391,-0.376143929437726,0.651611629706695,-4899.66350232927,-4587.17175284103,-1800.68591304152,8061.40795986178,8884.44876950341,7204.52648832103,7740.16244848943
13752.8436752611,-0.16140302840046,-0.638643507756223,-0.38361192784086,0.64724448336174,-4883.88992212039,-4542.44490090315,-1953.29760938637,8058.93271097786,8881.58741748979,7207.27766311588,7743.1437203749
13774.0437425867,-0.154050757461361,-0.640455427688261,-0.391027558365552,0.642792857667929,-4865.50792610769,-4495.29199301747,-2104.86323175546,8056.39721001816,8878.5378400927,7210.22609968861,7746.20195780084
13795.2438099123,-0.146679643031203,-0.642182285766611,-0.398389946456299,0.638257349922707,-4844.52834105585,-4445.73914531685,-2255.30204787486,8053.80088840916,8875.30853838432,7213.36357767202,7749.33630686771
13816.4438772379,-0.139290597484145,-0.643823927929911,-0.40569822472452,0.633638563956443,-4820.96334352349,-4393.81370868749,-2404.5339780351,8051.14406516952,8871.90814049908,7216.6815945603,7752.54515859708
13837.6439445635,-0.131884533143396,-0.645380208073379,-0.412951532860287,0.628937110093728,-4794.82645140848,-4339.54425291638,-2552.47963415891,8048.42783249979,8868.3453153261,7220.17147226709,7755.82625543794
13858.8440118891,-0.124462362233602,-0.64685098799349,-0.420149017546406,0.624153605111648,-4766.13251489542,-4282.96055032871,-2699.06035838441,8045.65394856483,8864.62870144791,7223.82444716014,7759.17678975565
13880.0440792147,-0.117024996842304,-0.648236137338704,-0.427289832375726,0.619288672196238,-4734.89770681575,-4224.09355892789,-2844.19826115105,8042.8247384671,8860.76684968078,7227.63174504686,7762.5934936926
13901.2441465403,-0.109573348889734,-0.649535533564994,-0.434373137772174,0.614342940898227,-4701.13951243066,-4162.97540505079,-2987.81625877634,8039.94300389703,8856.7681775482,7231.5846426954,7766.07272021963
13922.4442138659,-0.102108330106166,-0.650749061895222,-0.441398100915809,0.609317047089064,-4664.87671864753,-4099.63936555124,-3129.83811051198,8037.01194155939,8852.64093407013,7235.67451749209,7769.61051551369
13943.6442811915,-0.0946308520160524,-0.651876615281634,-0.448363895671966,0.604211632918081,-4626.12940268042,-4034.11984952403,-3270.1884550687,8034.03507019193,8848.39317335047,7239.89288678441,7773.20268302004
13964.8443485171,-0.0871418259281642,-0.652918094370998,-0.455269702524472,0.599027346771522,-4584.91892016518,-3966.45237958231,-3408.79284659987,8031.01616579484,8844.03273557462,7244.23143836374,7776.8448397033
13986.0444158427,-0.0796421629310442,-0.653873407472014,-0.462114708512818,0.593764843234017,-4541.26789273992,-3896.67357270069,-3545.57779013433,8027.95920456213,8839.56723417194,7248.68205342145,7780.53246507957
14007.2444831683,-0.0721327738931114,-0.65474247052483,-0.468898107173145,0.588424783052999,-4495.2001951015,-3824.82112063661,-3680.47077644971,8024.86831293036,8835.00404804473,7253.23682317826,7784.26094366412
14028.444550494,-0.0646145694668288,-0.655525207072555,-0.475619098482877,0.583007833106414,-4446.74094154878,-3750.93376994201,-3813.40031637815,8021.74772412544,8830.35031790834,7257.88806025031,7788.02560147868
14049.6446178196,-0.0570884600964062,-0.656221548234735,-0.482276888808829,0.577514666374028,-4395.91647202308,-3675.05130157765,-3944.29597453675,8018.60174058276,8825.61294592086,7262.6283056825,7791.82173724856
14070.8446851452,-0.0495553560285653,-0.656831432682865,-0.488870690858657,0.571945961912519,-4342.75433765664,-3597.21451014182,-4073.08840247567,8015.43470163105,8820.79859790432,7267.4503324541,7795.64464889042
14092.0447524708,-0.0420161673259505,-0.657354806617987,-0.495399723635488,0.566302404834509,-4287.28328583932,-3517.46518272531,-4199.70937123766,8012.2509558594,8815.91370756941,7272.34714614644,7799.48965585214
14113.2448197964,-0.0344718038828147,-0.657791623750492,-0.501863212395661,0.560584686291611,-4229.53324481419,-3435.84607740412,-4324.09180332289,8009.05483762521,8810.96448225334,7277.31198335856,7803.35211782105
14134.444887122,-0.026923175442648,-0.658141845282242,-0.508260388609453,0.554793503461547,-4169.53530781203,-3352.40090138135,-4446.16980405378,8005.85064720283,8805.9569097658,7282.33830836417,7807.2274502702
14155.6449544476,-0.0193711916584809,-0.658405439934982,-0.514590489923169,0.548929559486812,-4107.32171673505,-3267.17428878909,-4565.87869233492,8002.6426504234,8800.89676972993,7287.41980217055,7811.11112289403
14176.8450217732,-0.0118167620944911,-0.658582383912638,-0.520852760129111,0.542993563497245,-4042.92584539958,-3180.21177816158,-4683.15503080359,7999.43512318222,8795.78965572152,7292.5503337249,7814.99861850749
14198.0450890988,-0.00426079606742601,-0.658672660704826,-0.527046449138359,0.536986230836084,-3976.38218234773,-3091.55978958976,-4797.93665536702,7996.2321856818,8790.64094929506,7297.72401205976,7818.88557712072
14219.2451564244,0.00329579708177416,-0.658676261346175,-0.533170812943105,0.530908282744026,-3907.7263132375,-3001.26560156785,-4910.16270412255,7993.0378615725,8785.45584290472,7302.93515426195,7822.76774246668
14240.44522375,0.0108521080499414,-0.65859318431809,-0.53922511359684,0.524760446477348,-3836.99490282059,-2909.37732754182,-5019.77364565775,7989.85608170681,8780.23935075238,7308.17827407608,7826.64095730992
14261.6452910756,0.0184072275526839,-0.658423435542202,-0.545208619192824,0.518543455325088,-3764.22567651735,-2815.94389216952,-5126.71130672752,7986.69067783783,8774.99631713705,7313.44807462124,7830.50116759349
14282.8453584012,0.0259602463001661,-0.658167028382131,-0.551120603845418,0.512258048623672,-3689.45740159753,-2721.01500730189,-5230.91889930563,7983.54537785745,8769.73142466399,7318.73944098024,7834.34442532345
14304.0454257268,0.0335102549726205,-0.657823983648612,-0.556960347674502,0.505904971774975,-3612.72986797554,-2624.64114769441,-5332.34104700851,7980.4238021606,8764.44920220066,7324.04743284075,7838.16689055604
14325.2454930524,0.0410563441958508,-0.657394329607927,-0.56272713679307,0.499484976267845,-3534.08386862875,-2526.8735264575,-5430.92381088933,7977.32946096258,8759.15403253798,7329.36727726105,7841.9648326354
14346.445560378,0.0485976045168899,-0.656878101993749,-0.568420263298055,0.492998819702928,-3453.56117964682,-2427.76407025449,-5526.6147146006,7974.26575242347,8753.85015973013,7334.69436161399,7845.7346308062
14367.6456277036,0.0561331263799692,-0.656275344022432,-0.574039025264494,0.486447265820703,-3371.20453991991,-2327.36539425525,-5619.36276892369,7971.2359614528,8748.54169609678,7340.02422674843,7849.47277430738
14388.8456950292,0.0636620001029553,-0.65558610641181,-0.579582726743121,0.47983108453257,-3287.05763047346,-2225.73077685334,-5709.11849566405,7968.24325908581,8743.23262888027,7345.35256039577,7853.17586203723
14410.0457623548,0.0711833158544081,-0.654810447403533,-0.585050677761477,0.473151051954862,-3201.16505345668,-2122.91413415426,-5795.83395091059,7965.2907023376,8737.92682655746,7350.6751908392,7856.840601867
14431.2458296804,0.0786961636314122,-0.653948432788994,-0.590442194328634,0.466407950445641,-3113.57231079181,-2018.969994242,-5879.46274765832,7962.38123445511,8732.62804481071,7355.98808085628,7860.46380966777
14452.445897006,0.0861996332383341,-0.653000135938849,-0.595756598443644,0.459602568644128,-3024.32578249076,-1913.95347123082,-5959.96007779293,7959.51768549841,8727.33993216689,7361.28732193878,7864.0424081055
14473.6459643316,0.0936928142666572,-0.651965637836159,-0.600993218107793,0.452735701512618,-2933.47270464557,-1807.92023910889,-6037.28273343638,7956.70277319282,8722.06603531598,7366.56912878935,7867.57342525042
14494.8460316572,0.101174796076045,-0.65084502711315,-0.606151387340787,0.445808150380736,-2841.06114709876,-1700.92650538001,-6111.38912765211,7953.9391040027,8716.80980412356,7371.82983409044,7871.05399303876
14516.0460989828,0.108644667776782,-0.649638400091611,-0.611230446200928,0.438820722991861,-2747.13999079933,-1593.02898450963,-6182.23931450905,7951.22917438486,8711.57459635235,7377.065883538,7874.48134561899
14537.2461663084,0.116101518213751,-0.648345860826895,-0.616229740809423,0.43177423355157,-2651.75890484992,-1484.28487118064,-6249.79500850289,7948.57537218655,8706.36368210967,7382.27383113063,7877.85281760857
14558.446233634,0.123544435952093,-0.64696752115553,-0.621148623378886,0.424669502777939,-2554.96832325034,-1374.75181336473,-6314.0196033334,7945.97997815855,8701.1802480379,7387.45033470263,7881.16584228242
14579.6463009596,0.130972509264703,-0.645503500746414,-0.625986452246133,0.417507357953523,-2456.8194213424,-1264.48788521428,-6374.87819003615,7943.44516755907,8696.02740126569,7392.59215168851,7884.41794971049
14600.8463682852,0.138384826121715,-0.64395392715555,-0.630742591909375,0.410288632978847,-2357.36409196066,-1153.55155977997,-6432.33757446706,7940.97301182826,8690.9081731374,7397.69613510571,7887.60676485762
14622.0464356108,0.145780474182124,-0.642318935884302,-0.635416413069876,0.403014168427247,-2256.65492129358,-1042.0016815587,-6486.3662941377,7938.56548031706,8685.8255227384,7402.75922974146,7890.7300056565
14643.2465029364,0.153158540787714,-0.640598670441132,-0.640007292678161,0.395684811600854,-2154.74516445911,-929.897438876615,-6536.93463439926,7936.22444205732,8680.78234023379,7407.77846852952,7893.78548106101
14664.446570262,0.160518112959416,-0.638793282406736,-0.644514613984868,0.388301416587568,-2051.68872079869,-817.298336111384,-6584.01464397265,7933.9516675629,8675.78145003732,7412.75096910242,7896.77108908577
14685.6466375876,0.167858277396277,-0.636902931502572,-0.648937766596295,0.380864844318818,-1947.5401088934,-704.264165758134,-6627.58014982202,7931.74883065406,8670.82561382753,7417.67393050445,7899.68481483501
14706.8467049132,0.175178120477171,-0.634927785662672,-0.653276146534727,0.373375962627913,-1842.35444130561,-590.854980343044,-6667.60677136856,7929.61751029958,8665.91753342717,7422.54463005119,7902.52472852231
14728.0467722388,0.182476728265411,-0.632868021108695,-0.657529156303602,0.365835646308816,-1736.1873990496,-477.13106418858,-6704.07193404104,7927.55919247294,8661.059853562,7427.36042032082,7905.28898348145
14749.2468395644,0.189753186516416,-0.630723822428137,-0.661696204957576,0.358244777175115,-1629.09520579417,-363.152905034261,-6736.95488215937,7925.57527202065,8656.25516451434,7432.11872626332,7907.97581416678
14770.44690689,0.197006580688569,-0.628495382655608,-0.665776708177539,0.350604244119005,-1521.13460180032,-248.981165516751,-6766.23669114674,7923.66705454256,8651.50600468669,7436.81704241303,7910.58353414051
14791.6469742156,0.204235995957422,-0.626182903357107,-0.669770088350625,0.34291494317008,-1412.3628175968,-134.676654513072,-6791.90027906569,7921.83575828505,8646.81486308995,7441.45293019069,7913.11053404292
14812.8470415412,0.211440517233401,-0.623786594717166,-0.673675774655278,0.335177777553713,-1302.83754739637,-20.3002983506777,-6813.93041747307,7920.08251604961,8642.18418177084,7446.0240152814,7915.55527954081
14834.0471088668,0.218619229183131,-0.621306675628797,-0.677493203151375,0.327393657748827,-1192.61692225557,94.0868881118016,-6832.31374158795,7918.4083771206,8637.61635819262,7450.5279850742,7917.91630924787
14855.2471761924,0.225771216254552,-0.618743373786108,-0.681221816875475,0.319563501544844,-1081.75948298044,208.423830529324,-6847.03875976676,7916.81430921689,8633.11374758286,7454.96258615018,7920.19223261023
14876.447243518,0.232895562705942,-0.616096925779478,-0.684861065941184,0.311688234097574,-970.32415278112,322.649424236785,-6858.09586227865,7915.30120047374,8628.67866526221,7459.32562180496,7922.381727749
14897.6473108436,0.239991352638993,-0.613367577193172,-0.68841040764467,0.303768787983861,-858.370209677842,436.702563532934,-6865.47732937428,7913.86986146197,8624.31338896728,7463.6149495925,7924.48353925078
14918.8473781692,0.247057670036081,-0.610555582705272,-0.691869306575327,0.295806103254725,-745.957258661105,550.522171077652,-6869.17733864018,7912.52102725318,8620.02016118123,7467.8284788761,7926.49647589619
14940.0474454948,0.254093598801841,-0.607661206189767,-0.695237234731606,0.287801127486803,-633.145203608843,664.047227398275,-6869.19197163063,7911.2553595405,8615.80119148522,7471.96416837328,7928.41940831517
14961.2475128204,0.26109822280919,-0.604684720820695,-0.698513671641985,0.279754815831854,-519.994218963497,777.216800500367,-6865.51921976841,7910.07344882646,8611.65865894375,7476.02002368037,7930.2512665569
14982.447580146,0.268070625949924,-0.601626409178147,-0.701698104491075,0.271668131064094,-406.564721172072,889.970075578132,-6858.15898950508,7908.97581668994,8607.59471453714,7479.99409476317,7931.99103756073
15003.6476474716,0.275009892189982,-0.59848656335602,-0.704790028250856,0.263542043625135,-292.917339892421,1002.24638481938,-6847.11310673135,7907.96291814686,8603.61148365395,7483.88447339921,7933.63776251359
15024.8477147972,0.281915105629529,-0.595265485071323,-0.707788945816984,0.255377531666307,-179.112888969244,1113.98523729965,-6832.38532042705,7907.03514411993,8599.71106865642,7487.68929055723,7935.19053407777
15046.0477821228,0.28878535056793,-0.591963485774884,-0.710694368150165,0.247175581088111,-65.2123371834954,1225.12634895967,-6813.98130554016,7906.19282403522,8595.89555153163,7491.40671369941,7936.64849347139
15067.2478494484,0.295619711573748,-0.588580886763288,-0.713505814422517,0.238937185576577,48.7232212207573,1335.60967266016,-6791.90866508371,7905.43622856507,8592.1669966412,7495.03494399101,7938.0108273827
15088.447916774,0.302417273559851,-0.585118019291851,-0.716222812168912,0.230663346636311,162.632596227722,1445.3754283072,-6766.17693143878,7904.76557253894,8588.52745358188,7498.57221340264,7939.27676469737
15109.6479840996,0.309177121863716,-0.581575224688449,-0.718844897443189,0.222355073619966,276.454531954799,1554.36413304144,-6736.7975668517,7904.18101804648,8584.97896016929,7502.01678168918,7940.44557301599
15130.8480514252,0.315898342333038,-0.577952854468016,-0.721371614979204,0.214013383753927,390.127736765947,1662.51663148339,-6703.78396311267,7903.68267775929,8581.52354555643,7505.36693323017,7941.51655493788
15152.0481187508,0.322580021416697,-0.574251270447491,-0.723802518356632,0.205639302159979,503.590913587973,1769.7741260271,-6667.15144040321,7903.27061850129,8578.16323349799,7508.62097371542,7942.48904408407
15173.2481860764,0.329221246261178,-0.570470844861029,-0.72613717017142,0.197233861872707,616.78279042375,1876.07820717337,-6626.91724529886,7902.94486510001,8574.90004577062,7511.77722666034,7943.36240083149
15194.448253402,0.335821104812501,-0.566611960475243,-0.728375142210827,0.188798103852422,729.642151055867,1981.37088389367,-6583.10054791376,7902.70540455516,8571.7360057579,7514.83402973511,7944.13600772729
15215.6483207277,0.342378685923723,-0.562675010704272,-0.730516015632917,0.180333076993375,842.107865933678,2085.594614015,-6535.72243817306,7902.5521905641,8568.67314220734,7517.7897308928,7944.80926455051
15236.8483880533,0.348893079468064,-0.558660399724436,-0.732559381150427,0.171839838127045,954.118923236144,2188.69233461523,-6484.80592119921,7902.48514844797,8565.71349316414,7520.64268428156,7945.38158298599
15258.0484553789,0.355363376457696,-0.55456854258825,-0.734504839218864,0.163319452020269,1065.61446010226,2290.60749241812,-6430.37591179756,7902.50418052629,8562.85911008404,7523.39124592783,7945.85238087326
15279.2485227045,0.361788669168244,-0.550399865337563,-0.736352000228734,0.154772991368023,1176.53379402019,2391.28407417637,-6372.45922802693,7902.60917199218,8560.11206212339,7526.03376917896,7946.22107599136
15300.4485900301,0.368168051269014,-0.546154805115558,-0.738100484701743,0.14620153678062,1286.81645436569,2490.66663703027,-6311.08458384055,7902.79999734506,8557.4744406002,7528.56859989593,7946.48707933883
15321.6486573557,0.374500617958951,-0.541833810277376,-0.739749923490869,0.137606176765138,1396.40221407947,2588.70033882898,-6246.28258078254,7903.07652744881,8554.94836361531,7530.99407138786,7946.64978786105
15342.8487246813,0.38078546610838,-0.537437340499092,-0.74129995798411,0.128988007700885,1505.23112147266,2685.33096840067,-6178.08569872551,7903.43863730562,8552.53598081933,7533.30849907735,7946.70857656117
15364.0487920069,0.387021694406717,-0.532965866884743,-0.742750240311687,0.120348133808877,1613.24353214877,2780.50497575706,-6106.5282856345,7903.88621445726,8550.2394782616,7535.51017496087,7946.66279009169
15385.2488593325,0.393208403515535,-0.52841987207124,-0.744100433556825,0.111687667114695,1720.38014102949,2874.16950221699,-6031.64654634285,7904.41916833764,8548.06108333377,7537.59736178281,7946.51173356744
15406.4489266581,0.39934469622771,-0.523799850330738,-0.745350211969602,0.103007727405102,1826.58201447131,2966.27241043311,-5953.47853032574,7905.03744050418,8546.00306972212,7539.56828699984,7946.2546626939
15427.6489939837,0.405429677632241,-0.519106307670264,-0.746499261183852,0.0943094421779945,1931.79062245884,3056.76231430489,-5872.06411845739,7905.74101584191,8544.0677622995,7541.4211365633,7945.89077316647
15448.8490613093,0.411462455284816,-0.514339761928265,-0.747547278436933,0.0855939465856155,2035.94787085993,3145.58860876032,-5787.44500873809,7906.52993482674,8542.25754186555,7543.15404856585,7945.41918931104
15470.0491286349,0.417442139384102,-0.509500742867789,-0.748493972792123,0.0768623833709276,2138.99613372689,3232.70149938816,-5699.66470097798,7907.40430692185,8540.57484961663,7544.76510682062,7944.8389519576
15491.2491959605,0.423367842953745,-0.504589792265964,-0.749339065363488,0.0681159027970561,2240.8782856274,3318.05203190139,-5608.76848042444,7908.36432517414,8539.02219119637,7546.25233446488,7944.14900555577
15512.4492632861,0.429238682030078,-0.499607463999467,-0.75008228954296,0.0593556625697483,2341.53773398747,3401.59212141232,-5514.8034003212,7909.4102820661,8537.60214014238,7547.61368770883,7943.34818456539
15533.6493306117,0.435053775855524,-0.494554324125651,-0.75072339122942,0.0505828277528117,2440.91845142841,3483.27458149852,-5417.81826338699,7910.54258666033,8536.31734050214,7548.84704988466,7942.435199186
15554.8493979373,0.440812247077714,-0.489430950958992,-0.751262129059539,0.0417985706765302,2538.96500807854,3563.05315303842,-5317.86360220325,7911.76178304741,8535.17050834209,7549.95022599311,7941.40862053002
15576.0494652629,0.446513221954347,-0.48423793514254,-0.751698274640089,0.0330040708390817,2635.62260383977,3640.88253279437,-5214.99165850027,7913.06857007203,8534.16443181773,7550.9209379929,7940.26686539541
15597.2495325885,0.452155830563847,-0.478975879714019,-0.752031612781448,0.0242005148010216,2730.83710058814,3716.71840172064,-5109.25636133268,7914.46382226209,8533.30196940848,7551.75682113727,7939.00818085823
15618.4495999141,0.457739207021896,-0.473645400166288,-0.752261941731961,0.0153890960729224,2824.5550542867,3790.51745297271,-5000.71330413569,7915.94861182132,8532.58604584995,7552.45542172672,7937.63062898514
15639.6496672397,0.463262489703981,-0.468247124501837,-0.752389073412785,0.00657101499629477,2916.72374698823,3862.23741959399,-4889.4197206547,7917.52423146172,8532.019645219,7553.01419672315,7936.1320720628
15660.8497345653,0.468724821473841,-0.462781693281049,-0.752412833652951,-0.00225252138222282,3007.29121870444,3931.83710185514,-4775.4344597418,7919.19221779264,8531.60580055451,7553.43051573632,7934.51015881699
15682.0498018909,0.474125348546452,-0.457249759628883,-0.752333063297788,-0.0110803002666903,3096.20629911768,3999.27639422086,-4658.81795901418,7920.95490180145,8531.34769498871,7553.70146687137,7932.76184997781
15703.2498692165,0.479463224258397,-0.451651989316353,-0.75214961622223,-0.0199111011015335,3183.41863911007,4064.51631191829,-4539.63221737024,7922.81492710803,8531.24854176513,7553.82404721983,7930.88384851196
15724.4499365421,0.484737606862654,-0.445989060804185,-0.751862361077402,-0.0287436972427416,3268.87874208481,4127.51901708072,-4417.94076636067,7924.77474306192,8531.31144055582,7553.79537716172,7928.87305821095
15745.6500038677,0.489947659606833,-0.440261665232123,-0.751471181650529,-0.0375768561960905,3352.53799505293,4188.24784443999,-4293.80864041341,7926.83714334147,8531.53945254594,7553.61252910061,7926.72612783282
15766.8500711933,0.495092551464919,-0.434470506439919,-0.750975976796904,-0.0464093394882196,3434.34869945889,4246.66732654019,-4167.30234591229,7929.00526787519,8531.93555747865,7553.27255786177,7924.43946740145
15788.0501385189,0.50017145741838,-0.428616300976555,-0.750376660655956,-0.055239902823646,3514.26410171716,4302.74321844542,-4038.48982913126,7931.28261255247,8532.50260530196,7552.77253318773,7922.00926067898
15809.2502058445,0.505183558738007,-0.422699778103494,-0.749673162866931,-0.0640672962528533,3592.23842343171,4356.44252191358,-3907.4404430271,7933.67303208148,8533.24325854003,7552.10958047724,7919.43148679469
15830.4502731701,0.510128043274684,-0.416721679792935,-0.748865428777881,-0.0728902643472836,3668.22689126957,4407.73350900836,-3774.22491289555,7936.18073364328,8534.15992474204,7551.28093076237,7916.70195313416
15851.6503404957,0.515004105759687,-0.410682760722074,-0.747953419646315,-0.0817075463818658,3742.18576645946,4456.58574512094,-3638.91530089723,7938.81025902367,8535.25467873904,7550.28398063614,7913.81634141573
15872.8504078213,0.519810948114544,-0.404583788264612,-0.746937112830046,-0.0905178765262938,3814.07237388547,4502.97011137341,-3501.58496946159,7941.56645272358,8536.52917489233,7549.11636255358,7910.77026883891
15894.0504751469,0.524547779770099,-0.39842554248097,-0.745816501966777,-0.0993199840467399,3883.84513074614,4546.8588263752,-3362.30854357873,7944.45441351123,8537.9845501365,7547.77602548737,7907.55936596764
15915.2505424725,0.529213817993883,-0.392208816108801,-0.744591597141149,-0.108112593520195,3951.46357474822,4588.22546730429,-3221.16187199092,7947.47942702226,8539.6213194127,7546.26132531224,7904.17937257757
15936.4506097981,0.533808288224236,-0.385934414555447,-0.74326242503828,-0.11689442506412,4016.88839180476,4627.04499028503,-3078.22198729738,7950.64687739828,8541.43926604504,7544.57112351175,7900.6262520055
15957.6506771237,0.538330424408764,-0.379603155893828,-0.741829029083352,-0.125664194584521,4080.08144320656,4663.29375003411,-2933.56706498775,7953.96213664365,8543.4373307052,7542.70489185662,7896.89632355414
15978.8507444493,0.542779469343819,-0.373215870862857,-0.740291469567542,-0.134420614045802,4141.00579223611,4696.94951874728,-2787.2763814217,7957.4304314191,8545.61350377067,7540.66281963242,7892.98641121647
16000.0508117749,0.547154675010721,-0.366773402872809,-0.738649823761524,-0.143162391765722,4199.62573019296,4727.99150419874,-2639.4302707739,7961.05668840093,8547.96472700873,7538.44591886743,7888.89400541647
16021.2508791005,0.551455302903633,-0.360276608015082,-0.736904186018934,-0.151888232738357,4255.9068017997,4756.40036702635,-2490.11008096553,7964.84536108974,8550.48681146734,7536.05612193796,7884.6174326949
16042.4509464261,0.555680624343437,-0.353726355074458,-0.735054667873353,-0.160596838987015,4309.81582995747,4782.15823717579,-2339.39812860564,7968.80024296693,8553.17437905208,7533.49636505537,7880.15602643802
16063.6510137517,0.559829920771859,-0.347123525540521,-0.733101398133494,-0.169286909947607,4361.32093982053,4805.24872947749,-2187.37765296721,7972.92427401236,8556.02083532453,7530.77065063723,7875.51029005497
16084.8510810773,0.563902484020654,-0.340469013613274,-0.731044522982153,-0.177957142880911,4410.39158215911,4825.65695833066,-2034.13276902519,7977.21934958252,8559.01838040193,7527.8840816118,7870.68204270813
16106.0511484029,0.567897616551957,-0.333763726196615,-0.7288842060848,-0.186606233309846,4456.99855598086,4843.36955146976,-1879.74841958533,7981.68614221854,8562.15806334894,7524.84286144639,7865.67453706294
16127.2512157285,0.571814631667998,-0.32700858287237,-0.72662062871339,-0.195232875475302,4501.11403038068,4858.37466278896,-1724.31032653457,7986.32394780309,8565.42988311198,7521.65425521011,7860.49253880001
16148.4512830541,0.575652853691089,-0.320204515847316,-0.724253989889792,-0.203835762801841,4542.7115655901,4870.66198420155,-1567.90494124596,7991.13056734401,8568.82293596161,7518.32650925493,7855.14235899303
16169.6513503797,0.579411618117909,-0.313352469866292,-0.721784506551265,-0.212413588362959,4581.76613319724,4880.22275651175,-1410.61939417241,7996.10223435445,8572.32560583678,7514.86872998018,7849.63183293575
16190.8514177053,0.583090271755094,-0.306453402086097,-0.719212413737771,-0.220965045335041,4618.2541355095,4887.04977927774,-1252.54144366575,8001.23359530785,8575.92579031104,7511.29072535389,7843.97024246044
16212.0514850309,0.586688172845621,-0.299508281907443,-0.716537964797951,-0.229488827429854,4652.15342403159,4891.13741964524,-1093.75942405927,8006.5177471386,8579.61115159028,7507.60281602609,7838.1681829064
16233.2515523565,0.590204691196865,-0.29251809076526,-0.71376143160769,-0.237983629297482,4683.44331703235,4892.48162013282,-934.362193053398,8011.94633159239,8583.36937947163,7503.81562556664,7832.23738020229
16254.4516196821,0.593639208321352,-0.285483821880937,-0.710883104792885,-0.246448146894798,4712.10461617476,4891.07990535056,-774.439078446136,8017.50968189795,8587.18845191771,7499.93986121425,7826.19046747598
16275.6516870077,0.596991117599841,-0.278406479982951,-0.707903293946666,-0.254881077818374,4738.11962218448,4886.9313876355,-614.079824251176,8023.19701328108,8591.05687903522,7495.98609726806,7820.04073368466
16296.8517543333,0.600259824473849,-0.271287081004417,-0.704822327831134,-0.263281121604699,4761.47214953315,4880.03677158838,-453.37453624826,8028.99664577193,8594.96391777998,7491.96457279047,7813.80185857521
16318.0518216589,0.603444746671362,-0.264126651767095,-0.701640554554657,-0.271646980003961,4782.14754011393,4870.3983574975,-292.413627011743,8034.89624592193,8598.89974741283,7487.88501371217,7807.48764864833
16339.2518889845,0.606545314465787,-0.256926229661159,-0.698358341717774,-0.279977357236084,4800.13267588781,4858.02004363705,-131.28776046463,8040.88307360262,8602.85559921063,7483.75648699041,7801.11178774783
16360.4519563101,0.609560970964855,-0.24968686232882,-0.694976076523315,-0.288270960238854,4815.41599048059,4842.90732742873,29.9122039933484,8046.94422093561,8606.82383771288,7479.58729153587,7794.68761367306
16381.6520236357,0.612491172423555,-0.242409607357838,-0.691494165849116,-0.296526498917845,4827.98747971137,4825.0673054569,191.095267733956,8053.06683235659,8610.79799438979,7475.38488758494,7788.22792920293
16402.8520909614,0.615335387547693,-0.235095531526965,-0.687913037206098,-0.304742686753049,4837.83871103527,4804.5086723291,352.170349474196,8059.2386544119,8614.77283706927,7471.15572777798,7781.74453903609
16424.052158287,0.618093099728889,-0.227745711338094,-0.684233137061643,-0.31291824041021,4844.96283188391,4781.2417183754,513.046342123844,8065.44844650825,8618.74439168276,7466.9051515623,7775.24791733187
16445.2522256126,0.620763807819787,-0.220361233021413,-0.680454930376709,-0.321051879932806,4849.35457688911,4755.27832618153,673.632169854382,8071.68457637172,8622.70952831346,7462.6379924863,7768.74848282467
16466.4522929382,0.623347024041425,-0.212943191179232,-0.676578902741364,-0.329142329873258,4851.01027397638,4726.63196595252,833.836845335966,8077.93600286655,8626.66604512699,7458.35830508483,7762.25578769262
16487.6523602638,0.625842275383486,-0.205492689013045,-0.672605559342207,-0.337188319262345,4849.9278493166,4695.31768970511,993.569527088513,8084.19236110687,8630.61255979536,7454.06942561458,7755.77849409225
16508.8524275894,0.628249103941477,-0.198010838100175,-0.668535424846241,-0.34518858196246,4846.1068311256,4661.35212428904,1152.73957689254,8090.44398930823,8634.5483887071,7449.77405371947,7749.32440222656
16530.052494915,0.630567067202564,-0.190498758156468,-0.66436904330322,-0.35314185705006,4839.54835230314,4624.75346323854,1311.25661720503,8096.68193193547,8638.47342546806,7445.47433948596,7742.90049768178
16551.2525622406,0.632795738311451,-0.182957576796544,-0.660106978040029,-0.361046889213109,4830.25515190427,4585.54145745789,1469.03058852523,8102.89792278535,8642.38802317892,7441.17197188944,7736.51301329094
16572.4526295662,0.634934706316812,-0.175388429289163,-0.655749811548494,-0.368902429159769,4818.23157543779,4543.73740474554,1625.9718066553,8109.08435269489,8646.29288398848,7436.86826511623,7730.1675003567
16593.6526968918,0.636983576398963,-0.167792458305586,-0.651298145367821,-0.376707234034856,4803.48357398814,4499.36413816374,1781.9910198006,8115.23422624723,8650.18895827641,7432.56424014694,7723.86890478302
16614.8527642174,0.638941970079862,-0.160170813659484,-0.646752599962182,-0.384460067840968,4786.01870215862,4452.44601326201,1936.99946545451,8121.3411113312,8654.07735482808,7428.26069981561,7717.62164447738
16636.052831543,0.640809525416767,-0.152524652037501,-0.64211381459353,-0.392159701861529,4765.84611483567,4403.00889416422,2090.90892701302,8127.39908480781,8657.95926255814,7423.95829627111,7711.42968519272
16657.2528988686,0.642585897180922,-0.144855136720072,-0.637382447189326,-0.399804915083525,4742.97656277563,4351.08013853117,2243.63179006451,8133.40267691579,8661.83588372352,7419.65759034448,7705.29661272389
16678.4529661942,0.644270757022562,-0.137163437292497,-0.632559174204707,-0.407394494618104,4717.42238701666,4296.68858141143,2395.08109830081,8139.34681645834,8665.708378123,7415.35910276989,7699.22570002469
16699.6530335198,0.645863793623402,-0.129450729346552,-0.62764469047848,-0.414927236117619,4689.19751212078,4239.86451799554,2545.17060899591,8145.22677828177,8669.57781748744,7411.06335752982,7693.21996835565
16720.8531008454,0.647364712837596,-0.12171819417312,-0.622639709082301,-0.422401944188044,4658.31743825203,4180.63968528935,2693.81484799987,8151.03813410141,8673.44514909377,7406.77091781332,7687.28224200714
16742.053168171,0.648773237821951,-0.113967018446469,-0.617544961162458,-0.429817432795952,4624.79923209874,4119.04724272462,2840.92916419572,8156.77670735274,8677.31116755828,7402.48241520861,7681.41519647566
16763.2532354966,0.650089109156009,-0.106198393900866,-0.612361195773707,-0.437172525669465,4588.66151664921,4055.12175172555,2986.42978336846,8162.43853244463,8681.17649375775,7398.19857281909,7675.62140021644
16784.4533028222,0.651312084952463,-0.0984135170002652,-0.607089179704701,-0.444466056692732,4549.92445983194,3988.89915425191,3130.23386143626,8168.01981855959,8685.0415598664,7393.92022300897,7669.90335026563
16805.6533701478,0.652441940958199,-0.0906135886017891,-0.601729697294672,-0.451696870293636,4508.60976203267,3920.41675034044,3272.25953699482,8173.51691797287,8688.9065995684,7389.64832046858,7664.26350213519
16826.8534374734,0.653478470646197,-0.0827998136137284,-0.596283550241073,-0.45886382182445,4464.74064250232,3849.71317466746,3412.42598312735,8178.92629873955,8692.77164259318,7385.38395124942,7658.70429444778
16848.053504799,0.654421485298371,-0.0749734006487476,-0.590751557398031,-0.465965777935287,4418.34182467117,3776.82837215696,3550.65345843385,8184.24452151477,8696.63651281721,7381.12833836643,7653.22816880655
16869.2535721246,0.655270814079427,-0.067135561672948,-0.585134554565491,-0.47300161694014,4369.43952038578,3701.80357265931,3686.86335723453,8189.4682202212,8700.50082927214,7376.88284450476,7647.83758539825
16890.4536394502,0.656026304101719,-0.0592875116514084,-0.579433394269046,-0.479970229175389,4318.06141308703,3624.68126472695,3820.97825890424,8194.59408624905,8704.36400949173,7372.64897230647,7642.53503481293
16911.6537067758,0.656687820481072,-0.0514304681907841,-0.573648945530499,-0.486870517350602,4264.23663994818,3545.50516851445,3952.92197629551,8199.6188558638,8708.22527471584,7368.42836265246,7637.32304653772
16932.8537741014,0.65725524638354,-0.0435656511795172,-0.567782093629233,-0.493701396891504,4207.99577299365,3464.32020783088,4082.61960321014,8204.53930049861,8712.0836565468,7364.22279129798,7632.20419454935
16954.053841427,0.657728483063006,-0.0356942824261699,-0.561833739854572,-0.500461796274943,4149.37079922,3381.17248137377,4209.9975608806,8209.35221961938,8715.93800472227,7360.03416416799,7627.18110039363
16975.2539087526,0.658107449889604,-0.027817585296378,-0.555804801249288,-0.507150657355701,4088.39509974185,3296.1092331742,4334.98364342406,8214.05443586585,8719.78699572791,7355.86451157243,7622.25643410344
16996.4539760782,0.658392084368871,-0.0199367843488852,-0.549696210344497,-0.513766935684984,4025.10342798621,3209.17882228351,4457.50706223405,8218.64279219237,8723.62914202437,7351.71598155994,7617.4329132702
17017.6540434038,0.658582342151603,-0.012053104971105,-0.54350891488618,-0.520309600820427,3959.53188695995,3120.4306917327,4577.49848927605,8223.11415075198,8727.46280170624,7347.59083259343,7612.71330054988
17038.8541107294,0.658678197034384,-0.00416777301463346,-0.537243877553617,-0.526777636627434,3891.71790561574,3029.91533679593,4694.89009925563,8227.46539328933,8731.28618844711,7343.49142570003,7608.10039985219
17060.054178055,0.658679640042596,0.00371798647894462,-0.530902076795041,-0.533170041567051,3821.70021434264,2937.68427259017,4809.61561062902,8231.69385443013,8735.09748044047,7339.42005000672,7603.59667133026
17081.2542453806,0.658586681369101,0.0116029477407058,-0.52448450414132,-0.53948582895438,3749.51881960836,2843.79000104331,4921.61032542851,8235.79735850948,8738.89485258946,7335.37888897672,7599.20419160605
17102.4543127062,0.658399349944451,0.0194858849373594,-0.517992164341139,-0.545724027290457,3675.21497778043,2748.28597726322,5030.81116787638,8239.77287166111,8742.67617808152,7331.37053153502,7594.92583725122
17123.6543800318,0.658117691991994,0.0273655739675039,-0.511426076808893,-0.551883680505615,3598.83116815466,2651.22657534076,5137.1567217633,8243.61738364437,8746.43922481277,7327.39763771297,7590.76450916343
17144.8544473574,0.657741771723712,0.0352407920944684,-0.504787274398193,-0.557963848208779,3520.41106521935,2552.66705361951,5240.5872665688,8247.32791805502,8750.18166559524,7323.46292856935,7586.7231208065
17166.054514683,0.657271671304066,0.0431103182835185,-0.498076803054536,-0.563963605933597,3439.99951018417,2452.66351946546,5341.0448123032,8250.90153703619,8753.90108778941,7319.56917762986,7582.80459111758
17187.2545820086,0.656707490785897,0.0509729335556345,-0.491295721485694,-0.569882045374545,3357.64248180318,2351.27289356946,5438.47313305269,8254.33534724081,8757.59500300774,7315.71920199046,7579.01183641039
17208.4546493342,0.656049348036959,0.058827421338787,-0.484445100827161,-0.575718274613088,3273.38706652148,2248.5528738156,5532.81779921039,8257.62650611239,8761.26085667136,7311.91585344553,7575.34776209939
17229.6547166598,0.655297378657538,0.066672567816037,-0.477526024302589,-0.581471418333815,3187.28142797545,2144.56189874819,5624.02620837855,8260.77222837556,8764.89603740456,7308.16200967401,7571.81525433815
17250.8547839854,0.654451735889288,0.0745071622701442,-0.470539586879576,-0.587140618030422,3099.37477587628,2039.35911067012,5712.04761492855,8263.76979265246,8768.4978862589,7304.46056550681,7568.41717164278
17272.054851311,0.653512590515421,0.0823299974243877,-0.463486894921199,-0.592725032201466,3009.71733430716,1933.00431840493,5796.83315820725,8266.61654813004,8772.0637057617,7300.81442429457,7565.15633656231
17293.2549186366,0.652480130752413,0.09013986977931,-0.456369065833648,-0.598223836535796,2918.36030946398,1825.55795975474,5878.33588937958,8269.30992121122,8775.59076878543,7297.22648939195,7562.03552745147
17314.4549859622,0.651354562133379,0.0979355799451089,-0.449187227710368,-0.603636224087591,2825.35585686963,1717.08106368585,5956.51079689938,8271.84742209012,8779.0763272363,7293.69965577229,7559.05747039398
17335.6550532878,0.650136107383299,0.105715932969408,-0.441942518973065,-0.60896140544097,2730.75704809179,1607.63521227331,6031.31483060156,8274.22665119816,8782.51762056135,7290.23680178412,7556.2248313194
17356.8551206134,0.648825006286287,0.113479738660155,-0.434636088009971,-0.614198608864113,2634.61783699417,1497.28250243557,6102.70692441073,8276.44530547419,8785.91188407399,7286.84078105954,7553.54020835047
17378.055187939,0.647421515545089,0.121225811903398,-0.42726909281174,-0.619347080452871,2536.99302555056,1386.08550748948,6170.64801766228,8278.5011844178,8789.25635709877,7283.51441458229,7551.00612441361
17399.2552552646,0.645925908633028,0.128952972975704,-0.41984270060535,-0.624406084263864,2437.93822925131,1274.10723855594,6235.10107503396,8280.39219589004,8792.54829093635,7280.2604829227,7548.62502014006
17420.4553225902,0.644338475638601,0.136660047851006,-0.412358087486388,-0.629374902437055,2337.50984213117,1161.41110584539,6296.03110508684,8282.11636163199,8795.7849566505,7277.08171864424,7546.39924708086
17441.6553899158,0.64265952310297,0.144345868501655,-0.404816438050079,-0.634252835307823,2235.76500144738,1048.06087985219,6353.40517741613,8283.67182247546,8798.96365267861,7273.98079888616,7544.33106125514
17462.8554572414,0.640889373850546,0.152009273193484,-0.397218945021444,-0.639039201508558,2132.76155203646,934.120652486216,6407.19243841343,8285.05684322648,8802.08171226853,7270.96033812426,7542.42261704611
17484.055524567,0.639028366812941,0.159649106774698,-0.389566808884915,-0.64373333805983,2028.55801037762,819.654798169448,6457.36412564322,8286.26981720549,8805.13651074413,7268.02288111137,7540.67596145663
17505.2555918926,0.637076856846507,0.167264220958404,-0.381861237513797,-0.648334600451175,1923.21352839079,704.727934924562,6503.89358083741,8287.3092704341,8808.12547260304,7265.17089599714,7539.09302873103
17526.4556592182,0.635035214543729,0.174853474598628,-0.374103445799908,-0.652842362711568,1816.78785699615,589.404885482185,6546.75626151293,8288.17386546177,8811.0460784503,7262.40676762557,7537.67563534719
17547.6557265438,0.632903826038699,0.182415733959652,-0.366294655283742,-0.657256017469679,1709.34130946224,473.750638432623,6585.92975121818,8288.86240483094,8813.8958717728,7259.73279100684,7536.42547537835
17568.8557938695,0.630683092806973,0.189949872978547,-0.358436093785493,-0.661574976003977,1600.93472456892,357.830309447337,6621.39376841528,8289.37383418285,8816.67246555911,7257.15116495907,7535.34411622136
17590.0558611951,0.628373431460035,0.197454773520759,-0.350528995037277,-0.66579866828281,1491.62942961103,241.7091025948,6653.13017400555,8289.70724501094,8819.37354877156,7254.66398591335,7534.43299468372
17611.2559285207,0.625975273534656,0.204929325628636,-0.34257459831686,-0.669926542994563,1381.4872032682,125.452271774726,6681.12297750696,8289.86187707272,8821.99689267701,7252.27324187402,7533.69341341856
17632.4559958463,0.623489065277412,0.212372427762788,-0.334574148083225,-0.673958067568022,1270.57023836577,9.1250822940412,6705.35834189254,8289.83712047502,8824.54035704477,7249.98080652454,7533.12653769341
17653.6560631719,0.620915267424633,0.219782987036195,-0.326528893614254,-0.677892728183078,1158.94110455117,-107.207227392639,6725.82458709974,8289.63251745164,8827.0018962204,7247.78843346719,7532.73339247458
17674.8561304975,0.61825435497805,0.227159919440969,-0.318440088646862,-0.681730029771923,1046.66271090982,-223.479483755893,6742.51219222122,8289.24776385644,8829.37956508602,7245.69775058333,7532.51485980605
17696.0561978231,0.615506816976433,0.234502150067706,-0.310308991019831,-0.685469496010885,933.798268543889,-339.626616056186,6755.41379638821,8288.68271039851,8831.67152491817,7243.71025449914,7532.47167645805
17717.2562651487,0.612673155563747,0.241808614878703,-0.30213686371621,-0.689110668764993,820.41125313706,-455.583693979386,6764.52419835809,8287.93799758606,8833.87619865725,7241.82705752647,7532.60387207579
17738.4563324743,0.609753887559591,0.249078257010617,-0.293924970983264,-0.692653109372221,706.565367527702,-571.285965022706,6769.84035481824,8287.01457648989,8835.99217884295,7240.04905611186,7532.91118730695
17759.6563997999,0.606749543067309,0.256310029310288,-0.28567458014863,-0.696096397864171,592.324504312451,-686.668891611338,6771.36137741895,8285.91273298541,8838.01799982156,7238.37731059466,7533.3939341047
17780.8564671255,0.603660664928583,0.263502895282333,-0.277386961930737,-0.699440132639417,477.752708501889,-801.668187926362,6769.08852854824,8284.63292421023,8839.95232778063,7236.81272388003,7534.05225996105
17802.0565344511,0.600487808822202,0.270655828529762,-0.269063389428721,-0.702683930660085,362.914140249446,-916.21985642516,6763.02521586205,8283.17576187909,8841.79396158414,7235.35604326773,7534.88616191455
17823.2566017767,0.597231543024161,0.277767812912557,-0.260705137773322,-0.705827427396633,247.873037674247,-1030.26022403605,6753.1769855836,8281.54201245629,8843.5418381836,7234.00785530092,7535.8954853898
17844.4566691023,0.59389244815897,0.284837842713843,-0.252313483795733,-0.708870276759246,132.693679798179,-1143.72597800933,6739.55151458599,8279.73259789899,8845.19503818252,7232.76858034465,7537.07992255844
17865.6567364279,0.590471116949023,0.291864922798757,-0.24388970570137,-0.711812151021285,17.4403496171027,-1256.55420140744,6722.15860127239,8277.74859651472,8846.75279144621,7231.63846706945,7538.43901062861
17886.8568037535,0.586968153962397,0.298848068765764,-0.23543508274849,-0.71465274073508,-97.8227026743074,-1368.68240821726,6701.01015526865,8275.59124398393,8848.21448277528,7230.61758681418,7539.9721300163
17908.0568710791,0.583384175359,0.305786307091545,-0.226950894932756,-0.717391754639845,-213.031296284935,-1480.04857806809,6676.12018594307,8273.26193503194,8849.57965776401,7229.70582763339,7541.678501969
17929.2569384047,0.579719808636981,0.312678675264594,-0.218438422673854,-0.720028919563957,-328.121356238041,-1590.59119053929,6647.50478976874,8270.76222469835,8850.84802860969,7228.90288842774,7543.55718656655
17950.4570057303,0.575975692376853,0.319524221915623,-0.209898946511035,-0.722563980318545,-443.028949572088,-1700.24925904187,6615.18213654381,8268.09382949876,8852.01947992537,7228.20827305955,7545.60708084099
17971.6570730559,0.572152475985474,0.326322006939813,-0.201333746803464,-0.724996699584586,-557.690321313451,-1808.96236425866,6579.17245448531,8265.25863042826,8853.09407502419,7227.62128368388,7547.82691529283
17992.8571403815,0.568250819440189,0.333071101610443,-0.192744103435158,-0.72732685779403,-672.041930203222,-1916.6706871282,6539.49801421268,8262.25867585859,8854.07206222995,7227.14101404726,7550.2152505165
18014.0572077071,0.564271393032755,0.339770588685901,-0.184131295526193,-0.729554253004364,-786.020484160604,-2023.31504135767,6496.18311163679,8259.09618506997,8854.95388137825,7226.76634247671,7552.7704732807
18035.2572750327,0.560214877113517,0.346419562509578,-0.175496601149834,-0.731678700767089,-899.562975465677,-2128.83690545063,6449.25404977121,8255.77355250278,8855.74017052023,7226.49592453629,7555.49079198703
18056.4573423583,0.556081961836087,0.353017129102733,-0.16684129705566,-0.733700033990307,-1012.6067156446,-2233.17845423553,6398.73911948198,8252.29335282908,8856.43177284061,7226.32818532787,7558.37423141622
18077.6574096839,0.551873346902757,0.359562406250429,-0.158166658398776,-0.73561810279568,-1125.08937004053,-2336.28258988141,6344.66857919301,8248.65834695032,8857.02974379584,7226.26131141771,7561.41862666712
18098.8574770095,0.547589741310915,0.366054523580651,-0.149473958475188,-0.737432774369939,-1236.94899205393,-2438.09297238736,6287.07463356391,8244.87148903285,8857.5353584724,7226.29324237685,7564.62161618787
18120.0575443351,0.543231863100701,0.372492622636699,-0.140764468463387,-0.739143932811191,-1348.12405703589,-2538.55404953276,6225.99141115775,8240.93593469807,8857.9501191558,7226.42166193248,7567.98063379577
18141.2576116607,0.53880043910415,0.378875856943004,-0.132039457172189,-0.74075147897021,-1458.55349581874,-2637.6110862753,6161.45494111622,8236.85505048844,8858.27576309024,7226.64398873834,7571.49289957804
18162.4576789863,0.534296204696071,0.385203392064456,-0.123300190794844,-0.742255330286934,-1568.17672786805,-2735.2101935846,6093.50312885994,8232.63242473404,8858.51427039514,7226.95736678718,7575.15540956419
18183.6577463119,0.529719903546907,0.391474405659388,-0.114547932669425,-0.743655420622378,-1676.93369404059,-2831.29835669888,6022.17573083215,8228.27187994621,8858.66787208744,7227.35865550632,7578.96492405915
18204.8578136375,0.52507228737784,0.397688087526309,-0.105783943045462,-0.744951700086136,-1784.76488893303,-2925.82346279282,5947.51432830397,8223.77748686467,8858.73905813745,7227.84441960027,7582.91795452839
18226.0578809631,0.520354115718377,0.403843639644539,-0.097009478856793,-0.7461441348597,-1891.61139280616,-3018.7343280451,5869.5623002599,8219.1535802813,8858.7305854602,7228.41091873286,7587.01074893016
18247.2579482887,0.515566155666686,0.409940276208816,-0.0882257935005469,-0.747232707015768,-1997.41490307,-3109.98072409387,5788.36479538266,8214.4047767562,8858.64548571323,7229.05409717574,7591.23927539826
18268.4580156143,0.510709181652931,0.415977223658008,-0.0794341366221671,-0.748217414333734,-2102.11776531508,-3199.51340386941,5703.96870315622,8209.53599432951,8858.48707273324,7229.76957359261,7595.59920419195
18289.6580829399,0.505783975205884,0.421953720697997,-0.0706357539063424,-0.749098270111561,-2205.66300387542,-3287.28412679275,5616.422624107,8204.55247431253,8858.25894939996,7230.55263117961,7600.08588784959
18310.8581502655,0.500791324723068,0.427869018318803,-0.0618318868736762,-0.749875302974207,-2307.99435190926,-3373.24568333,5525.77683920276,8199.45980521354,8857.96501366091,7231.39820844357,7604.69433951039
18332.0582175911,0.495732025244696,0.433722379806006,-0.053023772682894,-0.750548556678833,-2409.05628098343,-3457.35191889203,5432.08327842959,8194.26394881362,8857.60946338905,7232.30089097252,7609.41920940749
18353.2582849167,0.490606878231687,0.439513080746439,-0.044212643938341,-0.751118089916968,-2508.79403014774,-3539.5577570695,5335.39548856739,8188.97126835441,8857.1967996709,7233.2549046387,7614.25475958723
18374.4583522423,0.485416691343831,0.445240409098524,-0.0353997285484653,-0.751583976072722,-2607.153634486,-3619.81922219364,5235.7686001848,8183.58857277093,8856.73183135775,7234.25410529654,7619.19482456256
18395.6584195679,0.480162278166628,0.450903666582657,-0.0265862504395209,-0.751946302189004,-2704.08195313041,-3698.09346121354,5133.25929387471,8178.12383334053,8856.21983790966,7235.29170684096,7624.23217757292
18416.8584868935,0.474844458246321,0.456502164240107,-0.0177734264960704,-0.752205171364466,-2799.52669672642,-3774.33876488088,5027.92576575205,8172.5851192492,8855.66631413187,7236.36070354464,7629.35946869889
18438.0585542191,0.469464056609787,0.462035226515456,-0.00896246908967018,-0.75236070016855,-2893.43645433564,-3848.51458823361,4919.82769223554,8166.98065077378,8855.07695839786,7237.45387565372,7634.56917915598
18459.2586215447,0.464021903647872,0.467502190377947,-0.000154585328141651,-0.752413018913285,-2985.76071976412,-3920.58157037016,4809.02619413594,8161.31922431219,8854.45774575606,7238.56365168603,7639.85324849578
18480.4586888703,0.458518834938931,0.472902405011486,0.00864902329460724,-0.752362271606337,-3076.44991730427,-3990.50155350646,4695.58380007316,8155.61023811287,8853.81490566813,7239.68212954676,7645.20305290203
18501.6587561959,0.452955691061581,0.478235231770254,0.0174471610677968,-0.752208615743831,-3165.45542687852,-4058.23760130813,4579.56440924542,8149.86372490169,8853.15489466287,7240.80110232591,7650.60937764386
18522.8588235215,0.447333317412459,0.483500044131356,0.0262386382276631,-0.75195222210038,-3252.72960857349,-4123.75401649083,4461.03325357366,8144.09038158455,8852.48436038242,7241.91209377707,7656.0623925643
18544.0588908471,0.44165256402893,0.488696227638638,0.0350222711196606,-0.75159327452024,-3338.22582655347,-4187.0163576821,4340.05685924474,8138.30159407496,8851.81009556096,7243.00640530351,7661.5516323981
18565.2589581727,0.43591428541631,0.493823179836719,0.0437968823593159,-0.751131969710745,-3421.89847234279,-4247.99145553836,4216.70300767758,8132.50945506237,8851.13898045343,7244.07517633414,7667.06598391623
18586.4590254983,0.430119340378909,0.498880310194257,0.0525613009918214,-0.750568517039278,-3503.70298746655,-4306.6474281114,4091.04069593643,8126.72677212095,8850.47791222824,7245.10946003102,7672.59368225838
18607.6590928239,0.424268591853943,0.50386704001546,0.0613143626501901,-0.749903138335301,-3583.59588543999,-4362.95369545873,3963.14009661579,8120.96706312842,8849.83371991722,7246.1003162416,7678.12231918531
18628.8591601495,0.418362906747004,0.508782802338867,0.0700549097114141,-0.749136067699141,-3661.53477309689,-4416.8809934933,3833.07251722199,8115.24453555272,8849.21306371148,7247.03892345431,7683.63886633001
18650.0592274751,0.412403155767455,0.513627041822584,0.0787817914495898,-0.748267551319459,-3737.47837124809,-4468.40138706784,3700.91035907644,8109.57404581011,8848.62231773581,7247.91671119343,7689.12971681473
18671.2592948007,0.406390213261683,0.518399214615408,0.0874938641843632,-0.747297847301422,-3811.38653466136,-4517.48828229001,3566.72707576611,8103.97103465754,8848.06743596496,7248.7255137518,7694.58074877786
18692.4593621263,0.400324957041868,0.523098788213762,0.0961899914223233,-0.746227225507683,-3883.22027135452,-4564.11643806496,3430.59713116666,8098.4514345224,8847.55380169461,7249.45774536243,7699.97741436089
18713.6594294519,0.394208268207552,0.527725241305015,0.104869043988174,-0.745055967414108,-3952.94176119414,-4608.26197686245,3292.59595706433,8093.03154487753,8847.08606197554,7250.1065958134,7705.30485746595
18734.8594967775,0.388041030957215,0.532278063598693,0.113529900141659,-0.74378436598191,-4020.51437379247,-4649.90239470596,3152.79991040246,8087.72787232782,8846.66794966884,7250.66624409236,7710.54806303168
18756.0595641031,0.381824132387066,0.536756755648221,0.12217144567543,-0.742412725547209,-4085.90268569603,-4689.01657038209,3011.28623017892,8082.55693307843,8846.30209726904,7251.13208591143,7715.69203961052
18777.2596314287,0.37555846227463,0.541160828667242,0.130792573988397,-0.740941361728166,-4149.07249685953,-4725.58477386888,2868.13299402083,8077.53501697852,8845.98984831518,7251.50096895775,7720.72203560305
18798.4596987543,0.36924491284547,0.545489804346002,0.139392186128826,-0.739370601348558,-4209.99084639936,-4759.5886739822,2723.41907446304,8072.67791442418,8845.73107396943,7251.77142753896,7725.62378758134
18819.65976608,0.362884378522517,0.549743214674841,0.147969190801582,-0.737700782375092,-4268.62602762159,-4791.01134524013,2577.22409495698,8068.00061004663,8845.52400403432,7251.94390611173,7730.38379673547
18840.8598334056,0.356477755659186,0.55392060178306,0.156522504334806,-0.735932253863929,-4324.94760231971,-4819.83727394537,2429.62838563646,8063.51695021883,8845.36508309767,7252.02095922869,7734.98962669522
18862.0599007312,0.350025942259477,0.558021517802258,0.165051050602965,-0.734065375909998,-4378.92641433803,-4846.05236348687,2280.7129388672,8059.23929479519,8845.24886339218,7252.00741400406,7739.43021299314
18883.2599680568,0.343529837690653,0.562045524763327,0.173553760905697,-0.732100519590881,-4430.53460239716,-4869.64393886183,2130.55936460664,8055.17816686214,8845.16794606988,7251.91048060553,7743.69617151683
18904.4600353824,0.336990342396494,0.565992194535545,0.182029573805132,-0.730038066895592,-4479.74561217854,-4890.6007504202,1979.2498456008,8051.34191728631,8845.11298169477,7251.73979681793,7747.7800907526
18925.660102708,0.330408357621184,0.56986110881372,0.190477434928412,-0.727878410628287,-4526.53420766565,-4908.91297683404,1826.86709244479,8047.73642319041,8845.07273872076,7251.50739457705,7751.67679072528
18946.8601700336,0.323784785154643,0.573651859153731,0.198896296747191,-0.725621954279281,-4570.87648173973,-4924.57222729505,1673.49429853337,8044.36483821645,8845.03424491227,7251.22758062605,7755.38353288917
18968.0602373592,0.317120527112913,0.577364047062056,0.207285118345128,-0.723269111850076,-4612.74986602907,-4937.57154294361,1519.21509492807,8041.22741582855,8844.98300325308,7250.91672663595,7758.90016249816
18989.2603046848,0.310416485762568,0.580997284125037,0.215642865193959,-0.720820307633663,-4652.13314001075,-4947.90539753367,1364.11350516707,8038.32142004915,8844.90327779313,7250.59297162546,7762.22917131057
19010.4603720104,0.303673563398519,0.584551192170616,0.223968508954124,-0.718275975946309,-4689.00643936476,-4955.56969733809,1208.2739000439,8035.64113486655,8844.77843979829,7250.27584542127,7765.37567152638
19031.660439336,0.296892662279787,0.588025403446635,0.232261027317153,-0.715636560815211,-4723.35126358082,-4960.56178029968,1051.7809523808,8033.17797739656,8844.5913595264,7249.98582818414,7768.34727748662
19052.8605066616,0.290074684623338,0.591419560797715,0.240519403903605,-0.712902515630547,-4755.1504828188,-4962.88041443363,894.719591822266,8030.92071263533,8844.32482489634,7249.74386641725,7771.15389816894
19074.0605739872,0.283220532651157,0.594733317822167,0.248742628225509,-0.710074302774363,-4784.38834402419,-4962.52579548752,737.174959674329,8028.85576038939,8843.96196585981,7249.57086955601,7773.80744991275
19095.2606413128,0.276331108681233,0.597966338991864,0.256929695716138,-0.707152393241288,-4811.05047630064,-4959.49954386574,579.232363814254,8026.96757844285,8843.48666275423,7249.48721275988,7776.32150445462
19116.4607086384,0.269407315249644,0.601118299721529,0.265079607823634,-0.704137266266987,-4835.12389554197,-4953.80470082538,420.977233695599,8025.23910099277,8842.88391838343,7249.51227069224,7778.71089157943
19137.660775964,0.262450055249071,0.604188886378832,0.273191372159141,-0.701029408979304,-4856.59700832698,-4945.44572395135,262.495075472798,8023.65220840439,8842.14017683195,7249.6640040265,7780.99127803608
19158.8608432896,0.255460232068808,0.607177796232361,0.281264002685696,-0.697829316084518,-4875.45961508026,-4934.42848191881,103.871427269236,8022.18820364699,8841.24357660864,7249.95861561049,7783.17874465573
19180.0609106152,0.248438749722866,0.610084737340071,0.289296519931559,-0.694537489597448,-4891.70291250349,-4920.76024855136,-54.8081853877227,8020.82827227588,8840.18413102694,7250.41028731894,7785.28938196706
19201.2609779408,0.241386512955425,0.612909428385548,0.297287951211101,-0.691154438619928,-4905.31949528153,-4904.4496961841,-213.458293941694,8019.55390614427,8838.95383411058,7251.03100237751,7787.33892140056
19222.4610452664,0.234304427316412,0.615651598472746,0.305237330837659,-0.687680679168015,-4916.30335706839,-4885.50688834083,-371.993530969669,8018.34727558628,8837.54669518529,7251.83045205396,7789.34241494502
19243.661112592,0.227193399203657,0.618310986891695,0.313143700315458,-0.684116734044744,-4924.64989075884,-4863.94327173508,-530.328674109775,8017.19153996052,8835.95870925183,7252.81602063593,7791.31397144944
19264.8611799176,0.220054335871471,0.620887342867939,0.321006108501182,-0.6804631327526,-4930.35588805128,-4839.77166760509,-688.378689732844,8016.07109156966,8834.18777299118,7253.99283889814,7793.2665531939
19286.0612472432,0.212888145408281,0.623380425307498,0.328823611729555,-0.676720411438281,-4933.41953830865,-4813.00626239326,-846.058776336795,8014.97173258341,8832.23355778264,7255.36389393129,7795.21183230817
19307.2613145688,0.205695736687903,0.625790002547325,0.336595273900794,-0.672889112861762,-4933.84042672389,-4783.66259778059,-1003.28440764339,8013.8807883614,8830.09735151933,7256.9301822013,7797.1601033699
19328.4613818944,0.198478019300162,0.628115852118915,0.344320166530756,-0.668969786381902,-4931.61953179747,-4751.75756008732,-1159.97137537747,8012.78716333983,8827.78188049302,7258.69089283355,7799.12024618733
19349.66144922,0.191235903466917,0.6303577605303,0.351997368766791,-0.664962987951715,-4926.75922213439,-4717.30936905105,-1316.03583170945,8011.68134740027,8825.29112144567,7260.64360910178,7801.09973135453
19370.8615165456,0.183970299949351,0.632515523069451,0.35962596737378,-0.660869280117632,-4919.26325256868,-4680.33756599378,-1471.39433134238,8010.55538147933,8822.63011230979,7262.78451765449,7803.10466055853
19392.0615838712,0.176682119951688,0.634588943630169,0.36720505669551,-0.656689232018442,-4909.13675962381,-4640.86300138971,-1625.96387322553,8009.40279126696,8819.80476841221,7265.10861686225,7805.13983366146
19413.2616511968,0.169372275025698,0.636577834560109,0.37473373859674,-0.65242341938092,-4896.38625631743,-4598.90782184584,-1779.66194187714,8008.21849737002,8816.82170917814,7267.60991759633,7807.20883510093
19434.4617185224,0.162041676979327,0.638482016529534,0.382211122391008,-0.648072424510342,-4881.01962631959,-4554.49545650731,-1932.40654829958,8006.99870947402,8813.68809877322,7270.2816315865,7809.31413297971
19455.661785848,0.154691237791902,0.640301318418736,0.389636324758702,-0.643636836275061,-4863.04611747348,-4507.65060290003,-2084.11627047078,8005.74081098329,8810.41150273617,7273.11634414675,7811.45718520623
19476.8618531736,0.14732186953749,0.642035577221785,0.397008469659245,-0.639117250085063,-4842.47633468812,-4458.39921222276,-2234.71029339659,8004.44323949149,8806.9997615196,7276.10616944477,7813.63854808409
19498.0619204992,0.139934484317318,0.643684637964174,0.404326688240509,-0.634514267864986,-4819.32223221279,-4406.76847410143,-2384.10844870911,8003.10536732705,8803.46088097431,7279.24288760581,7815.85798375067
19519.2619878248,0.132529994201561,0.645248353632056,0.411590118747881,-0.629828498022407,-4793.59710530298,-4352.78680081804,-2532.23125379717,8001.7273853952,8799.80293916515,7282.51806379234,7818.11456377677
19540.4620551504,0.125109311180442,0.646726585110977,0.418797906434798,-0.625060555412418,-4765.31558128786,-4296.48381102698,-2678.99995045528,8000.31019263919,8796.03400846373,7285.92315001536,7820.40676703321
19561.662122476,0.117673347124227,0.648119201132308,0.425949203476015,-0.620211061299577,-4734.49361004968,-4237.89031297142,-2824.33654303835,7998.85529268219,8792.1620915905,7289.4495708448,7822.73257059353
19582.8621898016,0.110223013751569,0.649426078225865,0.433043168884447,-0.615280643318324,-4701.1484539251,-4177.03828721233,-2968.1638361102,7997.36469858996,8788.19507013895,7293.08879443403,7825.08953297806
19604.0622571272,0.102759222605507,0.650647100677484,0.440078968432093,-0.610269935432871,-4665.29867703925,-4113.96086888303,-3110.40547157424,7995.84084620495,8784.14066407603,7296.83239039335,7827.47486946147
19625.2623244528,0.0952828850363926,0.651782160490632,0.447055774575293,-0.605179577897495,-4626.96413408275,-4048.69232948167,-3250.98596527561,7994.28651612895,8780.00640074662,7300.67207607124,7829.88551947921
19646.4623917784,0.0877949121910221,0.652831157351313,0.453972766384384,-0.600010217218028,-4586.16595854243,-3981.2680582144,-3389.8307430647,7992.70476415779,8775.79959199109,7304.59975275956,7832.31820639362
19667.662459104,0.0802962150072496,0.653793998595775,0.460829129477705,-0.594762506115238,-4542.92655039632,-3911.72454290157,-3526.86617631239,7991.09885978155,8771.5273180972,7308.60753325036,7834.7694900333
19688.8625264296,0.0727877042134415,0.654670599180665,0.467624055959832,-0.589437103490645,-4497.26956328354,-3840.09935045942,-3662.01961686825,7989.47223223894,8767.19641743456,7312.68776205713,7837.23581251532
19710.0625937552,0.0652702903321508,0.65546088165542,0.47435674436386,-0.584034674395259,-4449.21989115965,-3766.43110696951,-3795.21943145336,7987.82842354163,8762.81348075201,7316.83302948404,7839.71353791186
19731.2626610808,0.0577448836874667,0.656164776136782,0.481026399597555,-0.578555890001564,-4398.80365444814,-3690.75947734798,-3926.39503548011,7986.17104785196,8758.38484924924,7321.03618059348,7842.19898634115
19752.4627284064,0.0502123944155452,0.656782220285408,0.487632232893202,-0.57300142757904,-4346.04818569852,-3613.12514462649,-4055.47692629179,7984.50375659169,8753.91661565666,7325.29031999176,7844.68846305812
19773.662795732,0.0426737324778824,0.657313159284597,0.49417346176096,-0.567371970473425,-4290.98201476143,-3533.56978885685,-4182.39671581547,7982.83020867626,8749.41462767213,7329.58881322862,7847.17828309833
19794.8628630576,0.035129807676936,0.657757545821208,0.500649309945605,-0.561668208089823,-4233.63485349119,-3452.13606565056,-4307.08716262217,7981.15404529813,8744.88449320567,7333.92528549244,7849.66479199638
19816.0629303832,0.027581529673752,0.658115340068852,0.507059007386513,-0.555890835879779,-4174.03757998596,-3368.8675843649,-4429.48220338879,7979.47886872127,8740.33158697424,7338.2936181795,7852.14438306179
19837.2629977088,0.020029808052519,0.658386509722026,0.513401790178979,-0.550040555274289,-4112.22222237562,-3283.80888594642,-4549.5169837568,7977.8082431201,8735.76106229465,7342.68793671038,7854.61349533198
19858.4630650344,0.0124755523058567,0.658571029941521,0.519676900544551,-0.544118073727418,-4048.22194216731,-3197.00542044298,-4667.12788858311,7976.14573352159,8731.17787227246,7347.10258292689,7857.06857795154
19879.66313236,0.00491967169959097,0.658668883183365,0.525883586802771,-0.538124104912426,-3982.07101715838,-3108.5035241946,-4782.25257157913,7974.49474075057,8726.58674425266,7351.53216609913,7859.50623419081
19900.8631996856,-0.0026369244690889,0.658680059445148,0.532021103333827,-0.532059368422489,-3913.8048239263,-3018.35039671373,-4894.82998433427,7972.85856357061,8721.99220378966,7355.9715286943,7861.92316595857
19922.0632670112,-0.0101933269316531,0.658604556170199,0.538088710558696,-0.52592458988642,-3843.45981990495,-2926.59407726489,-5004.80040472046,7971.24040048921,8717.3985854861,7360.41573467985,7864.316171376
19943.2633343368,-0.0177486264285023,0.658442378242322,0.544085674917679,-0.519720500984779,-3771.07352505637,-2833.28342115332,-5112.10546467506,7969.6433435564,8712.81004178624,7364.86006116056,7866.68214939264
19964.4634016624,-0.0253019136846314,0.658193537988154,0.550011268851886,-0.513447839464215,-3696.68450314687,-2738.46807573242,-5216.68817735922,7968.070373803,8708.23055165576,7369.29998986238,7869.01810303494
19985.663468988,-0.0328522793850471,0.657858055182798,0.555864770787844,-0.507107349155276,-3620.33234263625,-2642.19845613866,-5318.49296368959,7966.5243579086,8703.66392903012,7373.73119865199,7871.32114164478
20006.8635363137,-0.0403988141501818,0.657435957058727,0.561645465125307,-0.500699779993673,-3542.05763718842,-2544.52572076331,-5417.46567824125,7965.00804590597,8699.11383097923,7378.1495531812,7873.58848227247
20028.0636036393,-0.047940608511471,0.656927278318019,0.567352642228338,-0.494225888044883,-3461.90196581163,-2445.50174646913,-5513.55363452003,7963.52406975824,8694.5837655541,7382.55109872166,7875.81745036269
20049.2636709649,-0.0554767528872526,0.656332061148006,0.572985598419739,-0.487686435531962,-3379.90787263607,-2345.17910356045,-5606.7056296026,7962.07494266679,8690.0770992929,7386.93205223936,7878.00547985214
20070.4637382905,-0.0630063375591412,0.655650355240387,0.578543635978906,-0.481082190866431,-3296.1188463366,-2243.61103051446,-5696.87196814292,7960.66305898777,8685.5970643747,7391.28879474284,7880.15011278121
20091.6638056161,-0.0705284526490353,0.654882217813839,0.584026063143221,-0.474413928682107,-3210.57929920763,-2140.85140848126,-5784.00448574368,7959.29069465284,8681.14676541683,7395.61786392883,7882.24899850594
20112.8638729417,-0.0780421880969035,0.654027713640183,0.589432194113046,-0.467682429871728,-3123.33454589742,-2036.95473556008,-5868.05657169148,7957.96000800408,8676.72918591794,7399.91594713889,7884.29989258437
20134.0639402673,-0.0855466336395077,0.653086915074107,0.59476134906044,-0.460888481626238,-3034.43078180826,-1931.97610085845,-5948.98319105456,7956.67304096696,8672.34719435412,7404.17987463367,7886.30065539938
20155.2640075929,-0.0930408787902078,0.652059902086493,0.600012854141678,-0.454032877476574,-2943.91506116906,-1825.97115834107,-6026.74090614201,7955.4317204963,8668.00354993845,7408.40661318552,7888.24925057067
20176.4640749185,-0.100524012820004,0.650946762301332,0.605186041513678,-0.447116417337791,-2851.83527478645,-1718.99610047475,-6101.28789732319,7954.23786024009,8663.70090805771,7412.59325998557,7890.14374319989
20197.6641422441,-0.107995124739964,0.649747591036257,0.61028024935443,-0.4401399075554,-2758.2401274801,-1611.10763167548,-6172.58398320623,7953.09316237511,8659.4418254013,7416.73703685783,7891.9822979855
20218.8642095697,-0.115453303285187,0.648462491346657,0.615294821887523,-0.433104160953722,-2663.17911520791,-1502.36294156334,-6240.59064017425,7951.99921957498,8655.22876479922,7420.83528477012,7893.76317723788
20240.0642768953,-0.122897636900463,0.64709157407339,0.620229109410865,-0.426009996886117,-2566.70250188619,-1392.81967803089,-6305.27102127795,7950.95751707846,8651.06409978641,7424.88545863008,7895.48473881954
20261.2643442209,-0.13032721372776,0.645634957894061,0.625082468329683,-0.41885824128691,-2468.86129590978,-1282.53592013027,-6366.58997448297,7949.96943483078,8646.95011891178,7428.8851223522,7897.14543403077
20282.4644115465,-0.137741121595716,0.644092769377825,0.629854261193901,-0.411649726724848,-2369.70722637695,-1171.57015078402,-6424.51406027031,7949.03624967609,8642.88902980973,7432.83194418172,7898.74380545689
20303.6644788721,-0.145138448011269,0.64246514304371,0.634543856739974,-0.404385292457905,-2269.29271902321,-1059.98122932442,-6479.0115685878,7948.15913758249,8638.88296305257,7436.72369226001,7900.27848479006
20324.8645461977,-0.152518280153583,0.640752221422393,0.639150629937258,-0.397065784489257,-2167.67087186856,-947.828363866019,-6530.05253515059,7947.33917588568,8634.9339758018,7440.55823041574,7901.74819063528
20346.0646135233,-0.159879704870423,0.638954155121387,0.643673962039012,-0.389692055624259,-2064.89543058173,-835.171083515751,-6577.60875708789,7946.57734553921,8631.04405527572,7444.33351416633,7903.15172630804
20367.2646808489,-0.167221808677134,0.637071102893601,0.648113240638078,-0.382264965528215,-1961.02076356547,-722.069210424829,-6621.65380793343,7945.87453336292,8627.21512205117,7448.04758691333,7904.4879776285
20388.4647481745,-0.174543677758362,0.635103231709176,0.652467859727334,-0.374785380784761,-1856.10183676617,-608.582831686639,-6662.16305195644,7945.23153428288,8623.44903321578,7451.69857631655,7905.75591071534
20409.6648155001,-0.181844397972683,0.633050716830565,0.656737219764971,-0.367254174954672,-1750.19418821126,-494.772271084556,-6699.11365782967,7944.64905355837,8619.74758538759,7455.28469083097,7906.95456978077
20430.8648828257,-0.189123054860282,0.63091374189076,0.660920727744654,-0.359672228634895,-1643.35390227742,-380.698060693618,-6732.48461163055,7944.12770899304,8616.11251761792,7458.80421639113,7908.08307492646
20452.0649501513,-0.196378733653829,0.628692498974586,0.665017797270631,-0.352040429517588,-1535.63758369286,-266.420912339882,-6762.25672917126,7943.66803312941,8612.54551419337,7462.25551322797,7909.14061993907
20473.2650174769,-0.2036105192927,0.626387188702982,0.669027848637821,-0.344359672448996,-1427.10233127625,-152.001688921269,-6788.41266765302,7943.27047542652,8609.04820735182,7465.63701280304,7910.12647008265
20494.4650848025,-0.2108174964407,0.623998020320171,0.672950308916941,-0.33663085948792,-1317.80571141536,-37.501375593666,-6810.93693663945,7942.93540442248,8605.62217992784,7468.94721484554,7911.03995988429
20515.6651521281,-0.217998749507405,0.621525211783601,0.676784612044698,-0.328854899963594,-1207.805731288,77.0189491738985,-6829.81590834328,7942.6631098846,8602.26896794167,7472.18468447761,7911.88049090803
20536.8652194537,-0.225153362673304,0.61896898985658,0.68053019891907,-0.321032710532743,-1097.16081182799,191.498142671167,-6845.03782722051,7942.45380495077,8598.99006314635,7475.34804941369,7912.64752951149
20558.0652867793,-0.232280419918834,0.616329590203461,0.684186517499723,-0.31316521523561,-985.929760438864,305.875027141728,-6856.59281886515,7942.30762826695,8595.78691554712,7478.43599721974,7913.34060457827
20579.2653541049,-0.239379005057491,0.613607257487268,0.687753022913549,-0.305253345550734,-874.171743457869,420.088419097203,-6864.47289819779,7942.22464612678,8592.66093590692,7481.44727261825,7913.95930521851
20600.4654214305,-0.246448201773111,0.610802245469643,0.691229177565353,-0.297298040448246,-761.946258373159,534.077158746394,-6868.67197694003,7942.20485462005,8589.61349825202,7484.38067482492,7914.50327842902
20621.6654887561,-0.253487093661486,0.607914817112956,0.694614451253696,-0.289300246441479,-649.313105796865,647.780139534999,-6869.1858703669,7942.24818179823,8586.6459423914,7487.23505490327,7914.97222670318
20642.8655560817,-0.260494764276413,0.604945244684463,0.697908321291864,-0.281260917636639,-536.332361197004,761.136337791366,-6866.01230332849,7942.35448986613,8583.75957646383,7490.00931312256,7915.36590558
20664.0656234073,-0.267470297180316,0.601893809862345,0.701110272633977,-0.273181015780334,-423.064346391289,874.084842473454,-6859.15091553172,7942.52357740995,8580.9556795263,7492.7023963052,7915.68412112057
20685.2656907329,-0.274412775999562,0.598760803843488,0.704219798006206,-0.265061510304708,-309.569600806069,986.564885011936,-6848.6032660725,7942.75518167342,8578.23550419793,7495.31329514884,7915.92672729889
20706.4657580585,-0.281321284484571,0.595546527452834,0.707236398043058,-0.256903378369966,-195.908852503848,1098.51586924402,-6834.37283720806,7943.04898089508,8575.60027937313,7497.8410415085,7916.09362329291
20727.6658253841,-0.288194906574848,0.592251291254137,0.71015958142872,-0.248707604904044,-82.1429889830978,1209.87740143231,-6816.46503735894,7943.40459672118,8573.05121301831,7500.28470562371,7916.18475066012
20748.8658927097,-0.295032726469027,0.58887541566196,0.712988865043382,-0.2404751826392,31.6669722456738,1320.58932036246,-6794.88720332925,7943.82159671043,8570.58949506646,7502.64339327486,7916.20009038079
20770.0659600353,-0.301833828700033,0.585419231054716,0.715723774114522,-0.232207112145275,145.459913303277,1430.59172751331,-6769.64860173377,7944.29949694881,8568.21630042381,7504.91624285326,7916.13965975001
20791.2660273609,-0.308597298215459,0.581883077888594,0.718363842373063,-0.22390440185942,259.174645799967,1539.82501729224,-6740.76042961969,7944.83776479461,8565.93279210348,7507.10242232807,7916.00350909831
20812.4660946865,-0.315322220463238,0.578267306812142,0.72090861221435,-0.215568068112013,372.749940903287,1648.22990732862,-6708.23581427056,7945.43582177604,8563.74012450043,7509.20112609343,7915.79171831849
20833.6661620121,-0.322007681482692,0.574572278781346,0.723357634863858,-0.207199135148576,486.124559610143,1755.74746881706,-6672.08981217943,7946.09304666682,8561.63944682249,7511.21157167808,7915.50439317441
20854.8662293377,-0.328652768001041,0.570798365174972,0.725710470547557,-0.198798635147418,599.23728321717,1862.31915690223,-6632.33940717822,7946.80877876741,8559.63190669198,7513.13299629943,7915.14166136519
20876.0662966633,-0.335256567535427,0.566945947909975,0.727966688666826,-0.19036760823281,712.026943982944,1967.8868410961,-6589.00350770928,7947.58232142303,8557.7186539319,7514.96465324387,7914.70366831605
20897.2663639889,-0.341818168500518,0.563015419556757,0.730125867977818,-0.181907102483434,824.432455975042,2072.39283571783,-6542.10294322575,7948.41294581313,8555.90084455087,7516.70580805367,7914.19057266442
20918.4664313145,-0.348336660321746,0.559007183454041,0.732187596775177,-0.1734181739359,936.392846094433,2175.77993034623,-6491.66045970614,7949.29989505058,8554.17964493909,7518.35573450183,7913.6025414075
20939.6664986401,-0.35481113355422,0.55492165382315,0.734151473079966,-0.164901886583101,1047.84728526902,2277.9914202737,-6437.70071426919,7950.24238863334,8552.55623628743,7519.91371033485,7912.93974467453
20960.8665659657,-0.361240680007345,0.550759255881435,0.736017104831689,-0.156359312367181,1158.73511980758,2378.97113695011,-6380.25026887406,7951.23962729569,8551.03181923947,7521.3790127642,7912.20235008445
20982.0666332913,-0.367624392875184,0.546520425954626,0.737784110084288,-0.147791531166919,1268.99590290463,2478.66347840441,-6319.33758309173,7952.29079831114,8549.60761878417,7522.75091368751,7911.39051664691
21003.2667006169,-0.373961366872573,0.542205611587853,0.739452117205937,-0.139199630779309,1378.5694262861,2577.01343963078,-6254.99300593245,7953.39508130444,8548.2848893937,7524.02867462121,7910.50438816179
21024.4667679425,-0.380250698376998,0.537815271655082,0.741020765082521,-0.130584706895142,1487.39575198496,2673.96664292584,-6187.24876671493,7954.55165463566,8547.06492040678,7525.21154132788,7909.54408607
21045.6668352681,-0.386491485576244,0.533349876466706,0.742489703324612,-0.121947863068392,1595.41524423522,2769.46936816225,-6116.13896496239,7955.7597024252,8545.94904165289,7526.29873812394,7908.50970170651
21066.8669025937,-0.3926828286218,0.528809907875025,0.743858592477794,-0.113290210679232,1702.56860147192,2863.46858298366,-6041.69955931114,7957.01842229427,8544.93862930529,7527.28946185619,7907.40128790464
21088.0669699193,-0.398823829787996,0.524195859377337,0.745127104236175,-0.104612868890505,1808.7968884239,2955.91197290488,-5963.96835541727,7958.3270339026,8544.03511194289,7528.18287554033,7906.21884989997
21109.2670372449,-0.404913593636769,0.519508236216384,0.746294921658936,-0.095916964597413,1914.04156828558,3046.74797130064,-5882.98499284736,7959.68478841737,8543.23997680027,7528.97810164205,7904.96233544054
21130.4671045705,-0.410951227188531,0.514747555477777,0.747361739389471,-0.0872036323706582,2018.24453495271,3135.92578926538,-5798.79093093956,7961.09097883251,8542.55477612403,7529.67421507279,7903.63162420644
21151.6671718961,-0.416935840098099,0.509914346184266,0.74832726387747,-0.0784740143921836,2121.34814530677,3223.39544532584,-5711.42943362154,7962.54495142586,8541.9811336138,7530.27023584655,7902.22651632646
21172.8672392217,-0.422866544836562,0.505009149386398,0.749191213603247,-0.0697292603840657,2223.29525153123,3309.1077949873,-5620.9455531725,7964.04611841765,8541.52075086011,7530.7651214408,7900.74671998495
21194.0673065473,-0.428742456878691,0.500032518249332,0.749953319304304,-0.0609705275302077,2324.02923344271,3393.01456009378,-5527.38611291682,7965.59397186491,8541.17541365821,7531.15775893264,7899.19183814927
21215.2673738729,-0.434562694895859,0.494985018135472,0.750613324203906,-0.0521989803907811,2423.49403081859,3475.06835798158,-5430.79968883762,7967.18809891677,8540.94699806725,7531.4469569685,7897.56135438178
21236.4674411986,-0.440326380954442,0.489867226682604,0.75117098424144,-0.0434157908093901,2521.63417570213,3555.22273040485,-5331.23659009911,7968.82819851833,8540.83747604148,7531.63143766246,7895.8546177491
21257.6675085242,-0.446032640719682,0.484679733877212,0.751626068304315,-0.0346221378129502,2618.39482466534,3633.43217221121,-5228.74883846744,7970.51409963746,8540.84892041788,7531.7098285508,7894.07082687007
21278.8675758498,-0.451680603664989,0.479423142122636,0.751978358461159,-0.0258192075043041,2713.72179100862,3709.65215974468,-5123.39014662057,7972.24578106847,8540.98350899416,7531.68065476928,7892.20901318295
21300.0676431754,-0.457269403286671,0.474098066301742,0.752227650196041,-0.0170081929476356,2807.56157687583,3783.83917895251,-5015.2158953387,7974.0233928357,8541.24352737319,7531.54233166667,7890.26802356148
21321.267710501,-0.462798177324129,0.468705133833786,0.752373752643421,-0.00819029404677188,2899.86140526218,3855.9507531719,-4904.28310956744,7975.8472791774,8541.63137018316,7531.29315812327,7888.24650247303
21342.4677778266,-0.468266067980168,0.463244984725085,0.752416488826909,0.000633282586778711,2990.56925189191,3925.94547057191,-4790.65043334758,7977.71800399206,8542.14954041576,7530.93131054816,7886.14287310918
21363.6678451522,-0.473672220719134,0.457718271579501,0.752355696806719,0.00946132463002044,3079.63387694155,3993.78301122533,-4674.37810360576,7979.6369488471,8542.80077166836,7530.45462233061,7883.95481759931
21384.8679124778,-0.479015788320691,0.452125659681243,0.752191227513594,0.0182926118665564,3167.00485658414,4059.42417378464,-4555.52792280222,7981.60569620094,8543.58789077462,7529.86081546326,7881.67982170235
21406.0679798034,-0.484295928222314,0.446467827037465,0.751922946779195,0.02712591813421,3252.63261432875,4122.83090173593,-4434.16323043249,7983.62566974962,8544.51371855173,7529.14764965183,7879.31550006291
21427.268047129,-0.48951180288723,0.440745464374092,0.751550735512122,0.0359600113869308,3336.46845212928,4183.96630920387,-4310.34887338178,7985.69863252615,8545.5811510751,7528.31275409551,7876.85917105063
21448.4681144546,-0.494662580456568,0.43495927515632,0.751074489679612,0.0447936536135348,3418.46458123537,4242.79470628055,-4184.15117513188,7987.82670218926,8546.7931355102,7527.3536397472,7874.30785645617
21469.6681817802,-0.499747435019749,0.429109975597931,0.750494120530577,0.053625600999523,3498.57415275796,4299.28162385073,-4055.63790382206,7990.01237637256,8548.1526420212,7526.26771180967,7871.65827526264
21490.8682491058,-0.504765546884838,0.423198294663266,0.74980955481975,0.0624546040989936,3576.75128792154,4353.3938378857,-3924.87823916697,7992.25855556516,8549.66262801859,7525.05228799874,7868.90684280594
21512.0683164314,-0.509716102856525,0.417224974062334,0.749020735027309,0.0712794080123465,3652.95110797416,4405.09939317748,-3791.94273823617,7994.5685618542,8551.32599369237,7523.70462368538,7866.04967708426
21533.268383757,-0.514598296522824,0.411190768239553,0.748127619572463,0.0800987525696468,3727.12976372613,4454.36762648528,-3656.90330010146,7996.94615178332,8553.14552790128,7522.22194496263,7863.08261398099
21554.4684510826,-0.51941132855112,0.405096444356847,0.747130183019538,0.0889113725200068,3799.24446468786,4501.16918906578,-3519.83312936018,7999.39552070338,8555.12384351633,7520.60149086701,7860.00123383319
21575.6685184082,-0.52415440699233,0.398942782271797,0.746028416276258,0.0977159977285933,3869.25350777669,4545.47606855866,-3380.80669854404,8001.92129714172,8557.26330189553,7518.84056533065,7856.80090061848
21596.8685857338,-0.52882674759546,0.392730574512224,0.744822326781227,0.106511353381248,3937.1163055625,4587.26161019911,-3239.89970942521,8004.52852402755,8559.56592626317,7516.93659975995,7853.4768163051
21618.0686530594,-0.533427574131259,0.386460626248412,0.743511938679869,0.115296160198976,4002.79341402142,4626.50053732886,-3097.18905323308,8007.22262415112,8562.03330447162,7514.88722653553,7850.02409216888
21639.268720385,-0.537956118724486,0.380133755264512,0.742097292987268,0.124069134664328,4066.24655976687,4663.16897117753,-2952.75276979677,8010.00934718675,8564.66648234769,7512.69036324634,7846.43783859198
21660.4687877106,-0.542411622193552,0.373750791930654,0.740578447736712,0.132828989262323,4127.43866672705,4697.24444988634,-2806.67000563087,8012.89469584409,8567.46584973589,7510.3443067965,7842.71327426595
21681.6688550362,-0.546793334395406,0.367312579177217,0.738955478113232,0.141574432739035,4186.33388223781,4728.70594674648,-2659.02097098328,8015.88482924726,8570.43102241484,7507.84783567498,7838.84585482726
21702.8689223618,-0.551100514572703,0.360819972472378,0.737228476572045,0.15030417038125,4242.89760251996,4757.53388762488,-2509.88689586633,8018.9859425119,8573.56072422417,7505.20031768588,7834.83141975585
21724.0689896874,-0.555332431699285,0.3542738398035,0.735397552942706,0.159016904320652,4297.0964975102,4783.71016755045,-2359.34998509408,8022.20412272762,8576.85267490647,7502.40181935629,7830.66635488045
21745.269057013,-0.559488364819154,0.347675061662051,0.733462834520798,0.167711333865645,4348.8985350148,4807.21816643452,-2207.49337235071,8025.54518315411,8580.30349021667,7499.45321215545,7826.34776612143
21766.4691243386,-0.563567603373418,0.341024531030654,0.731424466150198,0.176386155863098,4398.27300415564,4828.04276389982,-2054.401073317,8029.01447934061,8583.90860161664,7496.35626970007,7821.87365827955
21787.6691916642,-0.567569447509429,0.334323153369508,0.729282610300047,0.185040065090942,4445.1905380785,4846.17035319279,-1900.15793788344,8032.61671295708,8587.66220317786,7493.11374943492,7817.2431109274
21808.8692589898,-0.571493208366586,0.327571846598063,0.727037447141559,0.193671754680662,4489.62313589363,4861.5888541552,-1744.84960148087,8036.35573118533,8591.55723298588,7489.72945202981,7812.45644200729
21830.0693263154,-0.575338208334299,0.320771541066508,0.724689174630325,0.202279916566411,4531.54418381955,4874.2877252314,-1588.56243556108,8040.23433130423,8595.58539524472,7486.20825207185,7807.51534884333
21851.269393641,-0.579103781279287,0.313923179510697,0.722238008599756,0.210863241955032,4570.92847550109,4884.25797448883,-1431.3834972619,8044.25408133064,8599.73722736399,7482.55609465673,7802.42301618365
21872.4694609666,-0.582789272741797,0.307027716983771,0.719684182870532,0.219420421808903,4607.75223147382,4891.49216963017,-1273.40047829279,8048.41516797214,8604.00221363503,7478.77995421644,7797.18418178602
21893.6695282922,-0.586394040103201,0.30008612075808,0.717027949379405,0.227950147331773,4641.99311774718,4895.98444697661,-1114.70165307918,8052.716282504,8608.36894385791,7474.88775427814,7791.80515202381
21914.8695956178,-0.589917452730304,0.293099370192277,0.714269578328466,0.236451110446865,4673.63026348005,4897.73051940299,-955.375826204992,8057.15455342014,8612.82531178379,7470.88824963183,7786.29376293832
21936.0696629434,-0.593358892104333,0.28606845656042,0.711409358353315,0.244922004256829,4702.64427772268,4896.72768320641,-795.51227919487,8061.72553190266,8617.35874489578,7466.79087529591,7780.65928585781
21957.269730269,-0.59671775194436,0.278994382842504,0.708447596705886,0.253361523476738,4729.01726520045,4892.97482389156,-635.200716678877,8066.42323256142,8621.95645429761,7462.60556935746,7774.91228074916
21978.4697975946,-0.599993438335579,0.271878163478671,0.705384619445192,0.26176836483402,4752.73284111546,4886.47242085699,-474.531211984195,8071.24022790757,8626.60569169521,7458.34257887736,7769.06440438837
21999.6698649202,-0.603185369872269,0.264720824091902,0.70222077162762,0.270141227432741,4773.77614494348,4877.22255096811,-313.594152199626,8076.16779112171,8631.29399989366,7454.01225930992,7763.12818374192
22020.8699322458,-0.606292977823452,0.257523401186092,0.698956417487662,0.278478813083386,4792.13385320446,4865.22889100401,-152.480182760118,8081.1960783327,8636.00944396464,7449.6248781361,7757.11676723968
22042.0699995714,-0.609315706326508,0.250286941827558,0.695591940600314,0.286779826602789,4807.79419118644,4850.49671896681,8.71984840022668,8086.31433922096,8640.74081214678,7445.19043264456,7751.0436676433
22063.270066897,-0.61225301261083,0.243012503318221,0.692127744017691,0.295042976091546,4820.74694360378,4833.03291424342,169.914947077037,8091.51114353326,8645.47777833717,7440.71849016155,7744.92250991891
22084.4701342226,-0.615104366145612,0.235701152373522,0.688564251365973,0.303266973571497,4830.98346417184,4812.84595661169,331.014029355742,8096.77500581575,8650.21110920528,7436.21790680387,7738.76644922247
22105.6702015482,-0.617869251125857,0.228353965742952,0.684901904961146,0.311450534472544,4838.49668408199,4789.94592408382,491.925978451142,8102.09475572315,8654.93278552607,7431.69666039205,7732.58782789874
22126.8702688738,-0.620547166753136,0.22097202996701,0.681141165813375,0.319592377946206,4843.28111936186,4764.34448958222,652.55970177411,8107.45829136213,8659.63571305829,7427.16233316437,7726.39927492865
22148.0703361994,-0.623137625404025,0.213556440101243,0.677282515560772,0.327691227854498,4845.33287710757,4736.05491644398,812.824188172096,8112.85365064427,8664.31389823377,7422.62175167078,7720.21278877437
22169.270403525,-0.62564015396599,0.206108299869388,0.673326455532332,0.335745812707514,4844.64966057584,4705.09205275241,972.628565289498,8118.26917846017,8668.96240917681,7418.08097660952,7714.0396233919
22190.4704708506,-0.628054294177795,0.198628721397686,0.669273506666666,0.343754865965352,4841.23077312589,4671.47232449512,1131.88215699358,8123.69364653141,8673.57730757084,7413.54532263216,7707.89022489927
22211.6705381762,-0.63037960293357,0.191118824944614,0.665124209433867,0.351717126370153,4835.07712100218,4635.21372755047,1290.49454081111,8129.11634360347,8678.15556131886,7409.01939759228,7701.77420039019
22232.8706055018,-0.632615652574008,0.183579738635901,0.660879123739437,0.359631338298166,4826.19121495098,4596.33581850526,1448.37560532075,8134.52713680357,8682.69494455613,7404.50715660852,7695.70031527046
22254.0706728274,-0.634762031162021,0.176012598202065,0.656538828813522,0.367496252129723,4814.57717066519,4554.85970430866,1605.43560744589,8139.91650711104,8687.19393109914,7400.01196616082,7689.67651404564
22275.270740153,-0.636818342740931,0.168418546715597,0.652103923088543,0.375310624634358,4800.24070805368,4510.80803076892,1761.58522959279,8145.27556260661,8691.65158647413,7395.53667392421,7683.70995934434
22296.4708074786,-0.638784207574305,0.160798734325289,0.647575024067612,0.383073219367895,4783.18914933282,4464.20496990091,1916.73563657889,8150.59603346103,8696.06746262034,7391.08368069648,7677.8070841998
22317.6708748042,-0.640659262367363,0.153154317985675,0.64295276818541,0.390782807078263,4763.43141593985,4415.07620613445,2070.79853229628,8155.87025259908,8700.44149832232,7386.65501149199,7671.97365309859
22338.8709421298,-0.642443160470472,0.14548646118006,0.638237810662593,0.398438166116945,4740.9780242691,4363.4489213947,2223.68621605591,8161.09112572157,8704.77392746982,7382.25238358165,7666.21482793538
22360.0710094554,-0.64413557206562,0.137796333636136,0.633430825354262,0.406038082853263,4715.84108023391,4309.35177906781,2375.3116385583,8166.25209397022,8709.06519641845,7377.87726990797,7660.53523569711
22381.271076781,-0.645736184336903,0.130085111033614,0.628532504592674,0.413581352089101,4688.03427265879,4252.81490686625,2525.58845743728,8171.34709204854,8713.31589104936,7373.53095686663,7654.93903537712
22402.4711441067,-0.647244701626183,0.122353974703668,0.623543559024038,0.421066777472034,4657.57286550773,4193.86987860997,2674.43109232387,8176.37050411849,8717.52667360229,7369.21459590933,7649.42998224498
22423.6712114323,-0.648660845574945,0.114604111320305,0.618464717439134,0.428493171905239,4624.47368895654,4132.54969494092,2821.75477937828,8181.31711931822,8721.6982289731,7364.92924878611,7644.01148814688
22444.8712787579,-0.649984355253367,0.106836712583964,0.613296726597338,0.43585935795289,4588.75512931828,4068.88876298994,2967.47562523887,8186.18208831156,8725.83121990337,7360.67592651744,7638.68667697351
22466.0713460835,-0.65121498727742,0.0990529748978237,0.608040351043638,0.443164168240045,4550.43711783278,4002.92287501631,3111.51066033797,8190.96088190126,8729.9262503269,7356.45562237869,7633.45843480696
22487.2714134091,-0.652352515914695,0.0912540990373952,0.602696372918236,0.450406445846242,4509.54111833247,3934.68918604161,3253.77789153553,8195.64925241794,8733.98383605351,7352.26933930457,7628.32945454951
22508.4714807347,-0.653396733179532,0.0834412898140209,0.59726559175837,0.457585044692253,4466.09011379828,3864.22619050084,3394.19635402282,8200.24319833516,8738.00438194391,7348.11811219491,7623.30227505778
22529.6715480603,-0.654347448917876,0.0756157557329459,0.591748824292049,0.46469882991953,4420.10859182083,3791.57369793487,3532.68616244962,8204.73893235362,8741.98816474588,7344.00302563572,7618.37931496263
22550.8716153859,-0.655204490882165,0.0677787086466197,0.586146904223477,0.471746678262045,4371.6225289836,3716.77280774941,3669.16856122988,8209.1328530382,8745.93532080583,7339.92522755267,7613.56290146288
22572.0716827115,-0.655967704796522,0.0599313634038788,0.58046068201,0.478727478410233,4320.65937418574,3639.86588306675,3803.56597398206,8213.42151997157,8749.84583793124,7335.88593929798,7608.8552944486
22593.2717500371,-0.656636954412369,0.0520749374956387,0.574691024630498,0.48564013136686,4267.24803092382,3560.89652369756,3935.80205206211,8217.60163230365,8753.7195507498,7331.88646264066,7604.25870634553
22614.4718173627,-0.657212121554593,0.0442106506977008,0.568838815345193,0.492483550794618,4211.41883855293,3479.90953826088,4065.80172214851,8221.67001051682,8757.55613898437,7327.92818409311,7599.77531808672
22635.6718846883,-0.657693106158314,0.0363397247112456,0.562904953446915,0.4992566633553,4153.20355254826,3396.95091548129,4193.4912328405,8225.62358118996,8761.35512813582,7324.01257696435,7595.40729161405
22656.8719520139,-0.658079826296297,0.0284633828015608,0.556890354003928,0.505958409040413,4092.63532379016,3312.06779469289,4318.79820023232,8229.45936452309,8765.11589213335,7320.14120148893,7591.15677929875
22678.0720193395,-0.65837221819702,0.0205828494355231,0.550795947594452,0.512587741493083,4029.74867689587,3225.30843558068,4441.65165242799,8233.17446437553,8768.83765757656,7316.31570333813,7587.02593064845
22699.2720866651,-0.658570236253402,0.0126993499183243,0.544622680033054,0.519143628321106,3964.57948762251,3136.72218719025,4561.98207296309,8236.76606057044,8772.51950924888,7312.53781078222,7583.01689664306
22720.4721539907,-0.658673853022212,0.00481411002991125,0.538371512089151,0.525625051401029,3897.16495936662,3046.35945623726,4679.72144310164,8240.23140322468,8776.16039663412,7308.80933073606,7579.13183201363
22741.6722213163,-0.658683058240665,-0.00307164530978734,0.532043420401015,0.532031007169511,3827.54359878644,2954.27167474883,4794.80328297806,8243.56828343606,8779.75925002591,7305.13196113078,7575.37247763955
22762.8722886419,-0.658597861021159,-0.0109566902561842,0.525639394477586,0.538360506881979,3755.7551905737,2860.51126706911,4907.16269155623,8246.77494308265,8783.31498328622,7301.50730622923,7571.74023287648
22784.0723559675,-0.658418289044102,-0.0188397990720735,0.519160437296968,0.544612576946936,3681.84077140221,2765.13161626158,5016.73638537928,8249.84882841106,8786.82621615949,7297.93735084603,7568.23725030176
22805.2724232931,-0.658144387352017,-0.0267197476826616,0.512607566456549,0.550786259171658,3605.84260308159,2668.18702994111,5123.46273608592,8252.78744905052,8790.29146550355,7294.42413493239,7564.86567999455
22826.4724906187,-0.657776218992091,-0.034595313362168,0.505981813012782,0.556880611012935,3527.80414494439,2569.73270556868,5227.28180667052,8255.58837572077,8793.709152426,7290.96974855426,7561.62766878123
22847.6725579443,-0.657313864976526,-0.0424652750737305,0.4992842211378,0.562894705824593,3447.77002549571,2469.82469524182,5328.13538646652,8258.24924157857,8797.07761095819,7287.57632495416,7558.525355994
22868.8726252699,-0.656757424217693,-0.0503284138231508,0.492515847790361,0.568827633094885,3365.78601335446,2368.519870014,5425.96702483426,8260.7677450146,8800.39509696732,7284.24603311849,7555.5608679943
22890.0726925955,-0.656107013454046,-0.0581835130101313,0.485677762381784,0.574678498673854,3281.89898751604,2265.87588377582,5520.72206353637,8263.14165305956,8803.65979708003,7280.98107019385,7552.73631222107
22911.2727599211,-0.655362767167187,-0.0660293587763712,0.478771046436852,0.580446424990551,3196.15690696596,2161.95113673103,5612.34766778531,8265.36880526541,8806.8698375699,7277.78365381299,7550.0537708919
22932.4728272467,-0.654524837490192,-0.0738647403501993,0.471796793250063,0.586130551260036,3108.60877967462,2056.80473850006,5700.79285594989,8267.4471179529,8810.02329317365,7274.65601437684,7547.51529445969
22953.6728945723,-0.653593394107368,-0.0816884503874396,0.464756107537588,0.591730033680072,3019.30463100299,1950.49647088356,5786.00852790897,8269.37458872645,8813.11819580772,7271.60038733336,7545.12289491635
22974.8729618979,-0.652568624145559,-0.0894992853082148,0.457650105085326,0.597244045617436,2928.29547154949,1843.08675031817,5867.94749204221,8271.1493011681,8816.15254316257,7268.61900548695,7542.8785390239
22996.0730292235,-0.651450732057168,-0.0972960456294096,0.450479912393424,0.602671777783789,2835.63326446793,1734.63659005633,5946.56449084968,8272.76942963056,8819.12430715702,7265.71409136783,7540.78414154395
23017.2730965491,-0.650239939495084,-0.10507753629252,0.443246666317649,0.60801243840107,2741.37089228653,1625.20756210168,6021.81622519347,8274.23324405865,8822.03144223828,7262.88784968627,7538.84155852847
23038.4731638747,-0.64893648517967,-0.112842566986632,0.435951513707981,0.613265253356363,2645.56212325771,1514.86175893104,6093.66137715593,8275.53911477565,8824.87189351677,7260.14245989304,7537.05258072639
23059.6732312003,-0.647540624758034,-0.120589952466274,0.428595611044816,0.618429466346226,2548.2615772684,1403.66175503363,6162.06063151092,8276.68551717884,8827.64360472686,7257.48006886418,7535.41892715404
23080.8732985259,-0.646052630655758,-0.128318512863923,0.421180124073152,0.623504339010477,2449.52469134014,1291.67056829747,6226.97669580561,8277.67103629563,8830.34452600727,7254.90278372534,7533.94223887078
23102.0733658515,-0.644472791921325,-0.13602707399692,0.413706227435123,0.628489151055424,2349.40768474815,1178.95162127275,6288.3743190519,8278.49437115757,8832.97262149568,7252.41266482851,7532.62407299503
23123.2734331771,-0.642801414063446,-0.1437144676686,0.406175104301264,0.63338320036659,2247.9675237881,1065.56870234098,6346.22030902765,8279.15433895663,8835.52587673465,7250.01171889159,7531.46589699061
23144.4735005027,-0.641038818881519,-0.151379531963417,0.398587946000862,0.638185803110927,2145.26188621913,951.585926818405,6400.48354818932,8279.64987895331,8838.00230588615,7247.70189230903,7530.46908324794
23165.6735678283,-0.639185344289467,-0.159021111535892,0.390945951651759,0.642896293828596,2041.34912541117,837.067698021583,6451.1350081988,8279.98005611198,8840.39995875399,7245.48506463992,7529.6349039798
23186.8736351539,-0.637241344133185,-0.166638057893198,0.383250327789974,0.647514025514346,1936.28823422413,722.078668322266,6498.14776306808,8280.14406444456,8842.7169276137,7243.36304227796,7528.96452644648
23208.0737024795,-0.635207188001847,-0.174229229671206,0.375502287999466,0.652038369688572,1830.13880864655,606.68370021824,6541.49700092669,8280.14123004813,8844.95135385137,7241.33755230553,7528.45900852106
23229.2737698051,-0.633083261033332,-0.181793492903869,0.367703052542415,0.656468716458144,1722.96101122009,490.947827446073,6581.16003441785,8279.97101382769,8847.10143441285,7239.41023653286,7528.11929460096
23250.4738371307,-0.630869963714024,-0.189329721285763,0.359853847990338,0.660804474567075,1614.81553427668,374.936216161129,6617.11630972994,8279.63301389929,8849.16542806659,7237.582645721,7527.94621186816
23271.6739044563,-0.628567711673242,-0.196836796427687,0.35195590685638,0.665045071437157,1505.76356301387,258.714126209541,6649.34741427097,8279.12696767421,8851.14166148399,7235.85623398565,7527.94046689618
23292.8739717819,-0.62617693547258,-0.204313608105187,0.344010467229092,0.669189953198664,1395.86673843405,142.346872516228,6677.83708299455,8278.45275362822,8853.02853514201,7234.23235337729,7528.10264259853
23314.0740391075,-0.62369808039041,-0.211759054499904,0.336018772408023,0.673238584711267,1285.18712017236,25.8997866123979,6702.57120338643,8277.61039276505,8854.82452905425,7232.71224863103,7528.43319550942
23335.2741064331,-0.62113160620183,-0.219172042433651,0.327982070541423,0.677190449575271,1173.78714923771,-90.5618216746466,6723.53781912154,8276.60004978677,8856.5282083373,7231.29705207808,7528.93245338407
23356.4741737587,-0.618477986954322,-0.226551487595131,0.319901614266358,0.681045050133353,1061.72961069105,-206.972702347169,6740.72713240197,8275.42203398776,8858.13822862056,7229.98777870885,7529.60061310255
23377.6742410843,-0.615737710739404,-0.233896314759236,0.311778660351521,0.684801907462923,949.077596284088,-323.267703156537,6754.13150498707,8274.07679989303,8859.65334130868,7228.78532137601,7530.43773885779
23398.8743084099,-0.612911278719515,-0.241205459642718,0.303614470815071,0.688460560793891,835.894467081751,-439.381807295577,6763.74545792723,8272.56563227089,8861.07256033835,7227.6901786906,7531.44315594898
23420.0743757355,-0.609999206859015,-0.248477864875233,0.295410308742058,0.692020568904813,722.243816090712,-555.25017084331,6769.56567001349,8270.89001407061,8862.3950342466,7226.70268296295,7532.61600385233
23441.2744430611,-0.607002024298866,-0.255712483032586,0.287167440552377,0.695481509175467,608.189430916007,-670.808159942258,6771.59097495567,8269.0508011218,8863.61985162556,7225.82332331821,7533.95596408568
23462.4745103867,-0.603920272960846,-0.262908277255859,0.278887136014787,0.698842977372401,493.795256467437,-785.991387688882,6769.8223573018,8267.04900964871,8864.74621960463,7225.05244354897,7535.46256760648
23483.6745777123,-0.600754507611971,-0.270064220769503,0.270570667306171,0.702104587819758,379.125357736866,-900.735750718311,6764.26294711259,8264.885797589,8865.77346360932,7224.39024532086,7537.13521067229
23504.8746450379,-0.597505295623727,-0.277179297041878,0.262219308664176,0.705265973343855,264.24388266714,-1014.97746546507,6754.91801340434,8262.56246410374,8866.70103186919,7223.83678402099,7538.97315437174
23526.0747123635,-0.59417321672343,-0.284252499951266,0.25383433605594,0.708326785205125,149.21502513289,-1128.65310408193,6741.79495637466,8260.08044953258,8867.52849999656,7223.39196443053,7540.97552380301
23547.2747796891,-0.590758862743649,-0.291282833944517,0.245417026851682,0.711286693022133,34.1029880531183,-1241.69962999958,6724.90329842526,8257.44133539779,8868.2555755416,7223.05553637314,7543.14130725357
23568.4748470147,-0.587262837370064,-0.298269314188103,0.236968659503123,0.71414538468796,-81.0280533449305,-1354.05443311007,6704.25467399654,8254.64684449724,8868.88210253992,7222.82709031827,7545.46935534388
23589.6749143404,-0.583685755888026,-0.305210966711631,0.228490513226931,0.716902566279176,-196.113988091512,-1465.65536455764,6679.86281822884,8251.69884113789,8869.40806607039,7222.70605291456,7547.95838008752
23610.8749816659,-0.580028244928009,-0.312106828544048,0.219983867693541,0.719557961957548,-311.090805850958,-1576.44077112075,6651.74355446572,8248.59933161747,8869.83359685457,7222.69168240693,7550.6069537705
23632.0750489916,-0.576290942210174,-0.318955947842797,0.211450002721641,0.722111313864581,-425.894633090687,-1686.3495291697,6619.91478061454,8245.35046549617,8870.15897603342,7222.78306371979,7553.41350716814
23653.2751163172,-0.572474496289546,-0.325757384011785,0.202890197975135,0.72456238201099,-540.461769024544,-1795.32107818442,6584.39645438012,8241.95453540138,8870.38463959522,7222.97910408395,7556.37632908948
23674.4751836428,-0.568579566298853,-0.332510207818589,0.194305732671087,0.726910944156847,-654.728721312709,-1903.29545381751,6545.21057738736,8238.4139787607,8870.51118323444,7223.27852790198,7559.49356425411
23695.6752509684,-0.564606821692763,-0.339213501499981,0.185697885289824,0.729156795687324,-768.632241500701,-2010.21332048789,6502.3811782089,8234.73137983232,8870.53936728224,7223.67987146808,7562.7632109339
23716.875318294,-0.560556941992044,-0.34586635886115,0.177067933291653,0.73129974948203,-882.109360180281,-2116.01600349084,6455.93429431428,8230.9094720536,8870.47012170895,7224.18147754299,7566.18311833743
23738.0753856196,-0.556430616528139,-0.352467885367954,0.168417152839686,0.733339635778493,-995.097421855354,-2220.64552061032,6405.89795295702,8226.95114099355,8870.30455125796,7224.78148968369,7569.75098348318
23759.2754529452,-0.552228544188433,-0.359017198232179,0.159746818528732,0.735276302030053,-1107.53411949621,-2324.04461321997,6352.30215101661,8222.8594279858,8870.04394072077,7225.47784631035,7573.46434749027
23780.4755202708,-0.547951433162461,-0.36551342648991,0.151058203120378,0.737109612758409,-1219.35752876571,-2426.15677685951,6295.17883381221,8218.63753452666,8869.68976035968,7226.26827449666,7577.32059120882
23801.6755875964,-0.543600000689268,-0.371955711073125,0.142352577284285,0.738839449401043,-1330.5061419013,-2526.92629127327,6234.56187290554,8214.28882752622,8869.24367147992,7227.15028347404,7581.31693010831
23822.875654922,-0.539174972806164,-0.378343204874615,0.133631209345777,0.740465710153727,-1440.91890123686,-2626.29824989822,6170.48704291036,8209.8168455041,8868.70753214654,7228.12115784826,7585.4504083396
23844.0757222476,-0.534677084099108,-0.384675072806368,0.124895365039748,0.741988309808368,-1550.53523234875,-2724.21858878894,6102.99199732634,8205.22530582402,8868.08340303302,7229.17795053515,7589.71789188297
23865.2757895732,-0.530107077454937,-0.390950491851515,0.116146307270908,0.743407179586379,-1659.29507681068,-2820.63411496716,6032.11624341525,8200.51811306354,8867.37355337901,7230.31747543386,7594.11606069353
23886.4758568988,-0.525465703815667,-0.397168651109984,0.107385295880368,0.744722266967805,-1767.13892454193,-2915.49253418421,5957.90111613793,8195.69936861621,8866.58046702154,7231.53629987019,7598.64139975344
23907.6759242244,-0.520753721935097,-0.403328751837962,0.0986135874185643,0.745933535516414,-1874.00784573415,-3008.74247808428,5880.38975117052,8190.77338162286,8865.70684844946,7232.83073685977,7603.29018894171
23928.87599155,-0.515971898137935,-0.409430007481311,0.0898324349244656,0.747040964700954,-1979.84352234183,-3100.33353075744,5799.62705701874,8185.74468132563,8864.75562881178,7234.19683726264,7608.05849163433
23950.0760588756,-0.511121006081672,-0.415471643703045,0.0810430877110262,0.748044549712791,-2084.5882791218,-3190.21625467109,5715.65968624952,8180.61803093319,8863.72997178847,7235.63038192633,7612.94214195257
23971.2761262012,-0.506201826521427,-0.421452898404969,0.0722467911567942,0.748944301280121,-2188.18511420757,-3278.342215969,5628.5360058594,8175.39844307565,8862.6332792054,7237.1268739469,7617.93673058588
23992.4761935268,-0.501215147077983,-0.427373021743617,0.0634447865035777,0.749740245478953,-2290.57772920418,-3364.66400912742,5538.30606679942,8170.09119691395,8861.46919624309,7238.68153121432,7623.03758912848
24013.6762608524,-0.496161762009243,-0.43323127614054,0.054638310660032,0.750432423541081,-2391.71055878985,-3449.13528095799,5445.02157267671,8164.70185694753,8860.24161605066,7240.28927945499,7628.239772887
24034.876328178,-0.49104247198532,-0.43902693628705,0.0458285960110104,0.751020891659222,-2491.52879981065,-3531.71075394747,5348.73584765316,8159.23629353634,8858.95468353264,7241.94474603673,7633.53804214211
24056.0763955036,-0.485858083861577,-0.444759289239497,0.0370168702953061,0.751505720733432,-2589.97843985478,-3612.34624892464,5249.503803562,8153.70072479378,8857.61280267436,7243.64224718903,7638.92682448406
24077.2764628292,-0.480609410403584,-0.450427635735553,0.0282043572742912,0.751886995384243,-2687.00628529346,-3690.99870704497,5147.38190626335,8148.10243399421,8856.22080438599,7245.37551096156,7644.39957973505
24098.4765301548,-0.47529727032282,-0.456031285789753,0.0193922736992609,0.752164816330433,-2782.55998877523,-3767.62621108426,5042.42814126031,8142.44863399065,8854.7836804118,7247.13812141426,7649.94980006798
24119.6765974804,-0.469922487780953,-0.461569562853259,0.0105818318962932,0.75233929776327,-2876.58807616147,-3842.18800603243,4934.70197859727,8136.7465904316,8853.30659524414,7248.92348954038,7655.57090163579
24140.876664806,-0.46448589227411,-0.467041802841352,0.00177423895858,0.752410567677742,-2969.03997289048,-3914.64451897918,4824.26433706268,8131.00400906864,8851.79496030355,7250.72472037838,7661.25588368662
24162.0767321316,-0.458988318449054,-0.472447353856086,-0.00702930357735872,0.752378767811074,-3059.86602975819,-3984.95737828377,4711.17754771888,8125.22905607017,8850.25442243819,7252.53462431152,7666.99730991172
24183.2767994572,-0.453430605909413,-0.477785576146634,-0.0158275998922638,0.752244053437781,-3149.01754810391,-4053.08943202111,4595.50531678164,8119.43038586897,8848.69085005933,7254.34573028665,7672.78728298565
24204.4768667828,-0.447813599026659,-0.483055842067836,-0.0246194600384272,0.752006593161483,-3236.44680438952,-4119.00476569728,4477.31268787295,8113.61716825185,8847.11031407424,7256.15030505853,7678.61741975528
24225.6769341084,-0.442138146755972,-0.488257536031995,-0.0334037000909644,0.751666568706759,-3322.10707416134,-4182.66871922758,4356.66600367011,8107.79911354533,8845.51906261067,7257.94037972998,7684.4788281016
24246.877001434,-0.436405102456876,-0.493390054453331,-0.0421791422964742,0.751224174711701,-3405.95265538377,-4244.04790317097,4233.63286697553,8101.98649464103,8843.9234884714,7259.70778493464,7690.36208659774
24268.0770687596,-0.430615323718407,-0.498452805684505,-0.0509446152193696,0.750679618521968,-3487.93889113456,-4303.11021421483,4108.28210123091,8096.1901643227,8842.33008818391,7261.44419612396,7696.25722833716
24289.2771360852,-0.424769672188416,-0.503445209944527,-0.059698953886052,0.750033119987223,-3568.02219165171,-4359.8248499048,3980.68371050066,8090.42156604548,8840.74541146674,7263.14119050479,7702.15373058465
24310.4772034108,-0.41886901340642,-0.508366699237307,-0.068440999926939,0.749284911261063,-3646.16005572254,-4414.16232261475,3850.90883894913,8084.69273598602,8839.17599993601,7264.79031720906,7708.04051219844
24331.6772707364,-0.412914216639228,-0.513216717260113,-0.0771696017161199,0.748435236605641,-3722.31109140584,-4466.09447275222,3719.02972983667,8079.01629384612,8837.62831394412,7266.38318223872,7713.90594107055
24352.877338062,-0.406906154718296,-0.517994719301178,-0.0858836145080969,0.747484352202432,-3796.4350360784,-4515.59448119559,3585.11968406006,8073.40541957395,8836.10864659818,7267.91154958876,7719.73785411667
24374.0774053876,-0.40084570387752,-0.522700172125893,-0.0945819005706698,0.746432525970659,-3868.49277579775,-4562.63688095924,3449.25301826249,8067.87381289748,8834.62302427769,7269.36745967448,7725.52359258423
24395.2774727132,-0.394733743589913,-0.52733255385116,-0.103263329312523,0.745280037395072,-3938.44636397343,-4607.19756808398,3311.5050225392,8062.43563238719,8833.17709338349,7270.74336574285,7731.2500556054
24416.4775400388,-0.388571156401368,-0.531891353807923,-0.111926777403493,0.744027177364744,-4006.25903933935,-4649.25381175009,3171.9519177645,8057.10541073099,8831.77599363017,7272.03228829403,7736.90377494868
24437.6776073644,-0.3823588277595,-0.536376072392363,-0.120571128884857,0.742674248024498,-4071.89524322058,-4688.78426361099,3030.67081256639,8051.89794307794,8830.4242189629,7273.22798664897,7742.47101376622
24458.87767469,-0.376097645835514,-0.540786220907012,-0.129195275266292,0.741221562640324,-4135.32063608829,-4725.76896634643,2887.73965997511,8046.82814575606,8829.12546814379,7274.32514565307,7747.93789173249
24480.0777420156,-0.369788501337063,-0.54512132139388,-0.13779811560555,0.739669445479694,-4196.50211339701,-4760.18936143394,2743.23721377183,8041.91088346497,8827.88248820653,7275.31957410617,7753.29053825929
24501.2778093412,-0.363432287310382,-0.549380906462846,-0.146378556566385,0.738018231707014,-4255.40782069892,-4792.0282961385,2597.2429845643,8037.16076424544,8826.6969152837,7276.20840988621,7758.51527440327
24522.4778766668,-0.357029898930525,-0.553564519119661,-0.154935512450007,0.736268267293472,-4312.0071680306,-4821.27002972052,2449.83719561565,8032.59190317342,8825.56911870256,7276.99032496157,7763.59882261911
24543.6779439924,-0.350582233279414,-0.557671712599188,-0.163467905195508,0.734419908939361,-4366.27084356779,-4847.90023886296,2301.10073845324,8028.21765781595,8824.4980556133,7277.6657216845,7768.52854165786
24564.878011318,-0.34409018911263,-0.561702050210524,-0.171974664345295,0.732473524005511,-4418.17082654477,-4871.90602231883,2151.11512828408,8024.05034096053,8823.48114461308,7278.2369100995,7773.29268171775
24586.0780786436,-0.337554666617372,-0.565655105201429,-0.180454726972938,0.730429490448953,-4467.68039943514,-4893.27590478103,1999.96245924331,8020.10091886124,8822.51416767526,7278.70825470705,7777.88065254016
24607.2781459692,-0.330976567165807,-0.569530460649688,-0.18890703757272,0.72828819675647,-4514.77415939135,-4911.99983997698,1847.72535950246,8016.37870601852,8821.59120998669,7279.08627844784,7782.28329469566
24628.4782132948,-0.324356793069923,-0.573327709389214,-0.197330547912585,0.726050041867936,-4559.42802894121,-4928.06921299079,1694.48694626385,8012.89107029458,8820.70464690165,7279.37971177093,7786.49314185468
24649.6782806204,-0.317696247344753,-0.577046453973538,-0.20572421685697,0.723715435083578,-4601.61926593982,-4941.47684181685,1540.33078066741,8009.64316321351,8819.8451856601,7279.59947628026,7790.50466092618
24670.878347946,-0.310995833489868,-0.580686306684782,-0.214087010165736,0.72128479594334,-4641.32647277599,-4952.21697814846,1385.34082263635,8006.63769187646,8819.00196731845,7279.7585947371,7794.31445557376
24692.0784152716,-0.304256455297763,-0.584246889585439,-0.222417900282123,0.718758554073252,-4678.52960483298,-4960.28530740655,1229.60138568739,8003.87474997595,8818.1627314255,7279.872022357,7797.92141771082
24713.2784825972,-0.297479016697544,-0.587727834608388,-0.230715866124064,0.716137148994395,-4713.20997820369,-4965.67894801316,1073.19709173161,8001.35172090795,8817.31404137747,7279.95640009783,7801.32681555378
24734.4785499228,-0.290664421641338,-0.59112878367856,-0.238979892893547,0.713421029891327,-4745.3502766612,-4968.39644991558,916.212825891424,7999.0632643592,8816.44156441654,7280.02973532543,7804.53430826291
24755.6786172484,-0.283813574037749,-0.594449388854288,-0.247208971919215,0.710610655341818,-4774.93455788585,-4968.43779236725,758.733691358887,7997.00139258674,8815.53039583882,7280.1110208692,7807.54988176202
24776.878684574,-0.276927377733349,-0.597689312473953,-0.255402100545177,0.707706493013351,-4801.94825895089,-4965.80438097185,600.844964320458,7995.15563687818,8814.56541324689,7280.219808432,7810.38170537576
24798.0787518996,-0.270006736539395,-0.600848227292243,-0.263558282075339,0.704709019335364,-4826.37820106915,-4960.49904399793,442.632048972819,7993.51329854409,8813.53164400214,7280.37575614021,7813.03991431826
24819.2788192253,-0.263052554297232,-0.603925816590761,-0.271676525777685,0.701618719158954,-4848.21259360346,-4952.52602797149,284.180432654074,7992.05977293193,8812.41462777415,7280.59817220862,7815.53632820346
24840.4788865509,-0.256065734972824,-0.606921774249831,-0.279755846947465,0.698436085417249,-4867.44103734456,-4941.8909925545,125.575641114242,7990.77893004274,8811.20075642796,7280.90557695479,7817.88412003205
24861.6789538765,-0.249047182768872,-0.609835804771974,-0.287795267022958,0.69516161879968,-4884.05452706037,-4928.60100471794,-33.0968060514512,7989.65353192748,8809.87757539697,7281.31530370184,7820.09745306393
24882.8790212021,-0.24199780224228,-0.612667623252016,-0.295793813743023,0.691795827451995,-4898.04545332093,-4912.66453221812,-191.751439783429,7988.66566547549,8808.43403390231,7281.84315569842,7822.19110431719
24904.0790885277,-0.234918498415453,-0.615416955293628,-0.303750521332691,0.688339226711269,-4909.40760360434,-4894.09143638554,-350.302885730173,7987.7971695544,8806.8606754779,7282.50313152311,7824.18009309104
24925.2791558533,-0.22781017687168,-0.618083536876513,-0.31166443070172,0.684792338881859,-4918.13616268868,-4872.89296423601,-508.665908190084,7987.03003753061,8805.14976473549,7283.30722612351,7826.07933106137
24946.4792231789,-0.220673743827477,-0.62066711418202,-0.319534589641445,0.681155693054681,-4924.22771233619,-4849.08173991392,-666.755453801219,7986.34677959994,8803.29535064996,7284.26530928706,7827.90330749289
24967.6792905045,-0.213510106177749,-0.62316744338727,-0.327360053007081,0.67742982496886,-4927.68023027567,-4822.67175547813,-824.486694957853,7985.73073357767,8801.29327043568,7285.38507849975,7829.66581940207
24988.8793578301,-0.206320171512517,-0.62558429043892,-0.33513988287541,0.673615276912077,-4928.49308849008,-4793.67836104104,-981.775072933366,7985.16631729986,8799.14110102583,7286.67207922208,7831.37975256238
25010.0794251557,-0.199104848106508,-0.627917430817472,-0.342873148671095,0.669712597653978,-4926.66705081635,-4762.11825427177,-1138.53634068955,7984.63922009488,8796.83806711691,7288.12978282423,7833.05691548268
25031.2794924813,-0.191865044884854,-0.630166649301925,-0.350558927258145,0.665722342406003,-4922.20426986489,-4728.00946927482,-1294.68660535299,7984.13653453167,8794.38491569868,7289.7597108247,7834.70792522962
25052.4795598069,-0.184601671369369,-0.632331739742802,-0.358196302996021,0.661645072800712,-4915.1082832668,-4691.37136485553,-1450.14237033983,7983.64683261326,8791.78376707016,7291.56159357368,7836.34214139799
25073.6796271325,-0.177315637610488,-0.634412504849526,-0.365784367762228,0.657481356884074,-4905.38400925677,-4652.22461218411,-1604.82057711081,7983.1601926718,8789.03795172229,7293.53355192604,7837.96764273364
25094.8796944581,-0.170007854109982,-0.63640875599608,-0.373322220944933,0.653231769115055,-4893.03774160039,-4610.59118187022,-1758.63864653905,7982.66818445795,8786.15184136396,7295.67229151515,7839.59123985768
25116.0797617837,-0.16267923173917,-0.638320313047005,-0.380808969410154,0.648896890367879,-4878.07714387463,-4566.49433045994,-1911.51451987388,7982.1638204071,8783.130680981,7297.9733007273,7841.2185171359
25137.2798291093,-0.155330681656691,-0.640147004204256,-0.388243727448494,0.644477307933556,-4860.51124311056,-4519.95858636774,-2063.3666992844,7981.64148095465,8779.9804273309,7300.43104516216,7842.85389685155
25158.4798964349,-0.14796311522912,-0.641888665874252,-0.395625616706341,0.639973615518323,-4840.35042280764,-4471.00973525549,-2214.11428796737,7981.09682122784,8776.70759782458,7303.0391530726,7844.50071932884
25179.6799637605,-0.140577443956883,-0.643545142553667,-0.402953766106103,0.635386413237675,-4817.6064153293,-4419.67480487112,-2363.67702980446,7980.52666561579,8773.31913242747,7305.79058787632,7846.16133338441
25200.8800310861,-0.133174579407161,-0.645116286732015,-0.410227311759466,0.630716307605428,-4792.29229368938,-4365.98204935953,-2511.97534855478,7979.92889574838,8769.82227008112,7308.67780524243,7847.83719233541
25222.0800984117,-0.125755433154813,-0.646601958808878,-0.417445396877025,0.625963911517869,-4764.42246273959,-4309.96093305828,-2658.93038656907,7979.30233640318,8766.2244402263,7311.69289343504,7849.52895167631
25243.2801657373,-0.118320916731794,-0.648002027023621,-0.424607171676946,0.621129844233499,-4734.01264976797,-4251.64211379078,-2804.46404301275,7978.64664288403,8762.5331692983,7314.82769653563,7851.23656538531
25264.4802330629,-0.110871941585106,-0.649316367395552,-0.4317117932947,0.61621473134912,-4701.07989451874,-4191.05742566958,-2948.49901158556,7977.96219252597,8758.7560015494,7318.07392087527,7852.95937859191
25285.6803003885,-0.103409419043043,-0.650544863672699,-0.438758425695383,0.61121920477318,-4665.64253864374,-4128.2398614224,-3090.95881772635,7977.24998220489,8754.9004332032,7321.42322551467,7854.69621500915
25306.8803677141,-0.0959342602892378,-0.651687407287656,-0.445746239589607,0.60614390269735,-4627.7202145961,-4063.22355425365,-3231.76785529201,7976.51153307917,8750.97385873608,7324.86729794192,7856.44545809495
25328.0804350397,-0.0884473763439246,-0.652743897319164,-0.452674412353655,0.600989469567261,-4587.33383397651,-3996.0437592538,-3370.85142270041,7975.74880326217,8746.98352797752,7328.39791635222,7858.20512536161
25349.2805023653,-0.080949678051744,-0.653714240458421,-0.459542127954229,0.595756556053299,-4544.50557534271,-3926.73683436914,-3508.13575852758,7974.96410870964,8742.93651270146,7332.00699995843,7859.97293560744
25370.4805696909,-0.0734420760754072,-0.654598350979273,-0.466348576877975,0.590445819022235,-4499.25887149272,-3855.34022094438,-3643.54807655034,7974.16005229394,8738.839681418,7335.68664878636,7861.74636911159
25391.6806370165,-0.0659254808945412,-0.655396150711714,-0.473092956065758,0.585057921510388,-4451.61839623249,-3781.89242385026,-3777.01660022581,7973.33946080874,8734.6996811516,7339.4291743573,7863.52272102591
25412.8807043421,-0.058400802809078,-0.656107569018237,-0.479774468851623,0.579593532698889,-4401.6100506383,-3706.43299120822,-3908.47059660006,7972.5053294923,8730.52292509244,7343.22712257159,7865.29914833007
25434.0807716677,-0.0508689519465921,-0.656732542772777,-0.486392324906259,0.574053327891532,-4349.26094882462,-3629.00249372421,-4037.84040963882,7971.66077355735,8726.31558511994,7347.07328999647,7867.07271079837
25455.2808389933,-0.0433308382730427,-0.657271016342042,-0.49294574018481,0.568437988495582,-4294.59940322764,-3549.64250364329,-4165.05749297334,7970.80898616031,8722.08358831332,7350.96073463979,7868.84040647292
25476.4809063189,-0.0357873716064288,-0.657722941569172,-0.499433936878836,0.56274820200584,-4237.65490941488,-3468.39557333664,-4290.0544420555,7969.95320222063,8717.8326166784,7354.88278216767,7870.59920215413
25497.6809736445,-0.0282394616329184,-0.658088277759689,-0.505856143372232,0.556984661992179,-4178.45813043108,-3385.30521353229,-4412.76502571646,7969.09666750255,8713.56810942673,7358.83302840318,7872.34605941601
25518.8810409701,-0.0206880179747692,-0.65836699172336,-0.512211594198882,0.551148068026777,-4117.04088069041,-3300.41587120071,-4533.12421712378,7968.24263338475,8709.29527203328,7362.80533076306,7874.07793814793
25540.0811082957,-0.0131339501573083,-0.65855905770301,-0.518499530010969,0.545239125750338,-4053.43610942483,-3213.77290710622,-4651.06822413234,7967.39438271903,8705.01909374597,7366.7937861927,7875.79177273063
25561.2811756213,-0.00557816749828637,-0.658664457232624,-0.524719197547428,0.539258547035647,-3987.67788369856,-3125.42257303463,-4766.53451902487,7966.55506047802,8700.74432069369,7370.79278392037,7877.484620152
25582.4812429469,0.00197842064928165,-0.658683179370502,-0.530869849595205,0.533207049706646,-3919.80137099791,-3035.41198870772,-4879.46186763836,7965.72773314666,8696.47547932331,7374.796971824,7879.15360728864
25603.6813102725,0.00953490495500237,-0.658615220607746,-0.536950744967827,0.527085357650736,-3849.8428214061,-2943.78911839446,-4989.79035787293,7964.91538400551,8692.21688615558,7378.80124644524,7880.79593455476
25624.8813775981,0.0170903760908675,-0.658460584865477,-0.54296114848273,0.52089420083353,-3777.839549372,-2850.60274722881,-5097.46142758006,7964.12090293569,8687.97265625929,7382.80074513288,7882.40888438699
25646.0814449237,0.0246439247068839,-0.65821928349891,-0.548900330941831,0.514634315312505,-3703.82991508183,-2755.9024572436,-5202.41789182763,7963.34707847052,8683.74671190364,7386.79083762318,7883.98982782984
25667.2815122493,0.0321946414064006,-0.657891335304534,-0.554767569115451,0.50830644325413,-3627.85330544233,-2659.73860312967,-5304.60396953927,7962.59659163054,8679.54279121122,7390.76711732446,7885.53622962187
25688.4815795749,0.0397416167213906,-0.65747676653038,-0.560562145729623,0.501911332954464,-3549.95011468397,-2562.16228772917,-5403.96530950588,7961.87201127837,8675.36445670595,7394.72539246834,7887.04565200591
25709.6816469005,0.0472839410878635,-0.656975610889489,-0.566283349456832,0.49544973886312,-3470.1617245922,-2463.22533727153,-5500.44901576745,7961.17579076517,8671.21510367611,7398.66167725492,7888.51575745571
25730.8817142261,0.054820704821582,-0.65638790957665,-0.571930474910221,0.488922421610453,-3388.53048437467,-2362.98027636042,-5594.00367236356,7960.51026566942,8667.09796829366,7402.57218309163,7889.94431048708
25752.0817815517,0.0623509980942478,-0.655713711288471,-0.577502822641335,0.482330148037879,-3305.09969017197,-2261.4803027196,-5684.57936745088,7959.87765245508,8663.01613544798,7406.4533100021,7891.32917869866
25773.2818488773,0.0698739109103112,-0.654953072246843,-0.582999699141467,0.475673691231162,-3219.91356421923,-2158.77926170528,-5772.12771678635,7959.28004789937,8658.97254626579,7410.30163826197,7892.66833316791
25794.4819162029,0.0773885330845705,-0.65410605622585,-0.588420416846686,0.468953830556544,-3133.01723366547,-2054.93162059232,-5856.60188657483,7958.71942916073,8654.97000530026,7414.11392030335,7893.95984831039
25815.6819835285,0.084893954220708,-0.653172734582152,-0.593764294146624,0.46217135169957,-3044.45670905765,-1949.99244264129,-5937.95661567979,7958.19765437616,8651.01118738103,7417.88707291639,7895.20190129459
25836.8820508541,0.0923892636909211,-0.652153186288881,-0.599030655397108,0.455327046706454,-2954.27886249547,-1844.017360953,-6016.14823719601,7957.71646369266,8647.09864412379,7421.61816976628,7896.39277109153
25858.0821181797,0.0998735506167995,-0.651047497973064,-0.604218830936723,0.44842171402784,-2862.53140546348,-1737.06255211704,-6091.13469938304,7957.27748065144,8643.23481010358,7425.30443423555,7897.5308372262
25879.2821855053,0.107345903851598,-0.649855763956586,-0.609328157107405,0.441456158564788,-2769.26286634589,-1629.18470966026,-6162.87558595801,7956.88221385586,8639.42200869988,7428.94323259522,7898.61457828779
25900.4822528309,0.114805411964063,-0.648578086300693,-0.614357976279127,0.434431191716833,-2674.52256762992,-1520.44101730123,-6231.33213574671,7956.53205886447,8635.66245762502,7432.53206750255,7899.64257024662
25921.6823201565,0.122251163223955,-0.647214574854031,-0.619307636878803,0.42734763143195,-2578.36060280288,-1410.88912201609,-6296.46726169134,7956.22830025965,8631.95827414941,7436.06857181966,7900.61348461814
25942.8823874821,0.129682245589427,-0.645765347304209,-0.624176493423464,0.420206302258244,-2480.82781294781,-1300.58710692113,-6358.24556921335,7955.97211385024,8628.31148003889,7439.55050274395,7901.52608650754
25964.0824548077,0.137097746696406,-0.644230529232853,-0.628963906557813,0.413008035397207,-2381.97576304261,-1189.59346397727,-6416.63337392964,7955.76456897329,8624.72400622063,7442.97573623884,7902.37923256281
25985.2825221333,0.144496753850126,-0.642610254174143,-0.633669243096233,0.405753668758356,-2281.85671796683,-1077.96706652114,-6471.59871872013,7955.60663086618,8621.19769719447,7446.34226175174,7903.17186885916
26006.482589459,0.151878354018972,-0.640904663676769,-0.638291876069332,0.39844404701507,-2180.52361822065,-965.76714162752,-6523.11139014455,7955.49916308521,8617.7343152073,7449.64817720467,7903.90302873333
26027.6826567846,0.159241633830781,-0.639113907369284,-0.642831184775094,0.391080021661448,-2078.03005535966,-853.053242307537,-6571.1429342058,7955.44292995091,8614.33554420786,7452.89168424286,7904.57183058273
26048.8827241102,0.16658567957175,-0.637238143028785,-0.647286554834726,0.383662451069994,-1974.43024714942,-739.885219546959,-6615.66667145728,7955.43859900471,8611.0029935995,7456.07108372505,7905.1774756411
26070.0827914358,0.173909577188103,-0.63527753665288,-0.651657378253246,0.376192200549945,-1869.77901244328,-626.323194188671,-6656.65771145092,7955.48674346413,8607.73820180813,7459.18477143995,7905.71924573975
26091.2828587614,0.18121241229067,-0.633232262534856,-0.655943053484901,0.368670142406038,-1764.13174578669,-512.427528663403,-6694.09296652252,7955.58784466683,8604.54263968241,7462.23123403255,7906.19650106083
26112.482926087,0.188493270162518,-0.631102503341992,-0.660142985503451,0.361097155997526,-1657.54439175132,-398.258798572641,-6727.95116491052,7955.74229449625,8601.41771374257,7465.20904512459,7906.60867788727
26133.6829934126,0.195751235769797,-0.628888450196928,-0.664256585877391,0.353474127797234,-1550.07341900202,-283.87776412755,-6758.21286320388,7955.95039778336,8598.36476929444,7468.11686161288,7906.95528635207
26154.8830607382,0.202985393775934,-0.626590302762,-0.668283272850151,0.345801951450459,-1441.77579409942,-169.345341447765,-6784.86045811446,7956.21237468143,8595.38509342425,7470.95342013028,7907.23590818804
26176.0831280638,0.210194828559322,-0.624208269326461,-0.672222471425311,0.338081527833492,-1332.70895504103,-54.7225737238213,-6807.87819756871,7956.52836301154,8592.47991788986,7473.71753365366,7907.45019447775
26197.2831953894,0.21737862423466,-0.621742566896475,-0.676073613456882,0.330313765111573,-1222.9307845437,59.9293977529415,-6827.25219111311,7956.89842057863,8589.65042192321,7476.40808824386,7907.59786340218
26218.483262715,0.224535864678069,-0.619193421287777,-0.679836137744669,0.322499578796036,-1112.49958306993,174.549362689148,-6842.97041962718,7957.32252745895,8586.89773495923,7479.02403990268,7907.67869798521
26239.6833300406,0.231665633556136,-0.6165610672209,-0.683509490134745,0.314639891800452,-1001.47404160087,289.07607101289,-6855.02274433764,7957.8005882607,8584.22293930522,7481.56441153227,7907.69254383035
26260.8833973662,0.238767014359016,-0.613845748418826,-0.687093123625055,0.306735634495534,-889.913214158634,403.44826221792,-6863.40091512652,7958.33243436102,8581.62707276509,7484.02828998266,7907.63930684491
26282.0834646918,0.245839090437729,-0.611047717706961,-0.69058649847615,0.298787744762591,-777.876490080617,517.604694824355,-6868.09857812562,7958.91782612341,8579.11113123259,7486.41482317292,7907.51895094575
26303.2835320174,0.252880945045784,-0.60816723711527,-0.693989082327068,0.290797168045296,-665.423566048717,631.484175951531,-6869.11128258939,7959.55645510053,8576.67607126712,7488.72321727222,7907.33149574003
26324.483599343,0.259891661385254,-0.605204577982462,-0.69730035031634,0.282764857399558,-552.61441787629,745.025590998448,-6866.43648703733,7960.24794622848,8574.32281266613,7490.95273392635,7907.07701417329
26345.6836666686,0.266870322657425,-0.602160021062057,-0.70051978520812,0.274691773541245,-439.509272055925,858.167933427012,-6860.0735646571,7960.99186001951,8572.05224104765,7493.10268751607,7906.75563013625
26366.8837339942,0.273816012118153,-0.59903385663019,-0.703646877523415,0.266578884891546,-326.168577071253,970.850334642986,-6850.02380795836,7961.78769476117,8569.86521045687,7495.17244243292,7906.3675160207
26388.0838013198,0.280727813138019,-0.595826384595001,-0.706681125676381,0.258427167619735,-212.652974476226,1083.01209396927,-6836.2904326674,7962.63488873118,8567.76254601045,7497.16141035861,7905.91289021382
26409.2838686454,0.287604809267418,-0.592537914607421,-0.709622036115657,0.2502376056831,-99.0232697455395,1194.59270870581,-6818.87858085193,7963.53282243798,8565.74504659241,7499.06904753349,7905.3920145192
26430.483935971,0.294446084306671,-0.589168766173215,-0.712469123470683,0.242011190863804,14.6595970998316,1305.53190426999,-6797.79532326462,7964.48082089882,8563.81348761603,7500.89485199944,7904.80519149141
26451.6840032966,0.301250722381275,-0.585719268766078,-0.715221910702957,0.233748922802442,128.334581087729,1415.76966441103,-6773.04966089414,7965.47815596809,8561.96862386557,7502.63836080256,7904.15276167013
26472.8840706222,0.308017808022363,-0.582189761941608,-0.717879929262161,0.225451809028062,241.940562105893,1525.2462614915,-6744.65252571133,7966.5240487304,8560.21119243278,7504.29914713996,7903.43510069776
26494.0841379478,0.314746426252496,-0.578580595451974,-0.720442719247091,0.217120864984413,355.416374924033,1633.90228682832,-6712.6167805983,7967.61767197469,8558.54191576267,7505.87681743519,7902.65261630358
26515.2842052734,0.321435662676836,-0.574892129361063,-0.722909829571304,0.208757114052179,468.700839421426,1741.67868108563,-6676.95721844728,7968.75815276713,8556.9615048237,7507.37100832588,7901.80574513549
26536.484272599,0.328084603579798,-0.571124734159934,-0.725280818133411,0.200361587566979,581.73279101416,1848.51676471076,-6637.69056041631,7969.94457514325,8555.47066241777,7508.78138354668,7900.89494941847
26557.6843399246,0.334692336027244,-0.567278790882335,-0.7275552519919,0.191935324832887,694.451111275625,1954.35826840448,-6594.8354533279,7971.17598294171,8554.07008664518,7510.10763069007,7899.92071341732
26578.8844072502,0.341257947974273,-0.563354691220098,-0.729732707544387,0.183479373131244,806.794758743311,2059.14536361582,-6548.41246619695,7972.45138280488,8552.76047454058,7511.34945782671,7898.88353967856
26600.0844745758,0.347780528378673,-0.559352837638184,-0.731812770711202,0.174994787724537,918.702799904434,2162.82069305118,-6498.44408587372,7973.76974737431,8551.5425258952,7512.50658996647,7897.7839450246
26621.2845419014,0.35425916732007,-0.55527364348914,-0.733795037123158,0.166482631855124,1030.11444035231,2265.32740118698,-6444.9547117876,7975.13001871262,8550.41694728124,7513.57876534076,7896.62245627048
26642.484609227,0.360692956124819,-0.551117533126765,-0.735679112313389,0.157943976738565,1140.96905610471,2366.60916477414,-6387.970649777,7976.53111198665,8549.38445629338,7514.56573148542,7895.39960563071
26663.6846765526,0.367080987496657,-0.546884942018719,-0.737464611913119,0.149379901551359,1251.20622507497,2466.61022332224,-6327.52010499089,7977.97191945111,8548.44578602214,7515.46724110388,7894.11592578155
26684.8847438782,0.373422355653151,-0.542576316857855,-0.739151161851208,0.140791493412867,1360.7657586855,2565.27540955036,-6263.63317384722,7979.45131477603,8547.6016897728,7516.28304768897,7892.77194454044
26706.0848112038,0.379716156467932,-0.538192115672022,-0.740738398557319,0.132179847361211,1469.58773361331,2662.55017979096,-6196.34183503347,7980.96815776657,8546.85294604203,7517.01290088188,7891.36817912172
26727.2848785294,0.38596148761874,-0.533732807932078,-0.742225969168551,0.123546066322949,1577.61252365565,2758.38064433235,-6125.67993953481,7982.52129952851,8546.20036376245,7517.65654154684,7889.90512992479
26748.484945855,0.392157448741247,-0.529198874657874,-0.743613531739362,0.114891261076332,1684.78083170377,2852.71359768463,-6051.68319967515,7984.10958813892,8545.64478782241,7518.21369654038,7888.38327380757
26769.6850131806,0.398303141588661,-0.524590808521926,-0.744900755454601,0.106216550207963,1791.03372181152,2945.49654875305,-5974.38917715688,7985.73187488719,8545.1871048647,7518.68407315482,7886.80305679586
26790.8850805062,0.404397670197073,-0.519909113950523,-0.746087320845471,0.0975230600626719,1896.31265134512,3036.67775090228,-5893.8372700851,7987.38702115829,8544.82824936288,7519.06735321764,7885.16488617613
26812.0851478318,0.410440141056508,-0.515154307221991,-0.747172920008236,0.0888119246864461,2000.55950319925,3126.20623189388,-5810.06869896247,7989.07390603643,8544.56920996712,7519.36318683057,7883.4691219181
26833.2852151574,0.416429663287643,-0.510326916561833,-0.748157256825448,0.0800842857622708,2103.71661806394,3214.03182367899,-5723.12649164141,7990.79143471422,8544.41103610422,7519.57118573587,7881.71606737163
26854.485282483,0.422365348824134,-0.505427482234466,-0.749040047189534,0.0713412925387281,2205.72682672604,3300.10519202703,-5633.05546722044,7992.53854779894,8544.35484480473,7519.69091630267,7879.90595918309
26875.6853498086,0.42824631260049,-0.500456556631255,-0.749821019228496,0.062584101751244,2306.5334823879,3384.37786597065,-5539.90221887253,7994.31423161408,8544.40182771838,7519.72189213274,7878.03895637725
26896.8854171342,0.434071672745298,-0.495414704354577,-0.750499913533592,0.0538138775357884,2406.08049298516,3466.80226704661,-5443.71509559325,7996.11752965391,8544.55325827405,7519.66356627359,7876.11512850704
26918.0854844598,0.439840550780354,-0.490302502297544,-0.75107648338843,0.045031791335357,2504.31235348496,3547.33173831094,-5344.5441828579,7997.94755511038,8544.81049886854,7519.51532313017,7874.13444299253
26939.2855517854,0.445552071824445,-0.485120539719188,-0.751550494999906,0.0362390217983982,2601.17417814435,3625.92057310685,-5242.4412821769,7999.80350477566,8545.17500802433,7519.27647003953,7872.09675144666
26960.485619111,0.451205364802747,-0.479869418314702,-0.751921727730165,0.0274367546698353,2696.61173270871,3702.52404356225,-5137.4598895401,8001.68467441949,8545.6483473866,7518.94622856651,7870.00177497688
26981.6856864366,0.45679956266139,-0.474549752280463,-0.752189974329553,0.0186261826744292,2790.57146652836,3777.09842879384,-5029.65517274127,8003.5904756543,8546.23218837547,7518.52372563352,7867.84908854469
27002.8857537622,0.462333802587108,-0.469162168373507,-0.752355041170311,0.00980850539249689,2883.00054457116,3849.60104279346,-4919.08394757496,8005.52045441974,8546.92831829437,7518.00798458011,7865.63810438003
27024.0858210878,0.467807226212119,-0.463707305964984,-0.752416748493185,0.000984929115955,2973.84687930798,3919.99026197231,-4805.80465289936,8007.47431483846,8547.73864643411,7517.39791491759,7863.36805129778
27045.2858884134,0.47321897839544,-0.458185817055758,-0.75237493156309,-0.00784333416082643,3063.05916244709,3988.22555233755,-4689.87732455945,8009.4525518013,8548.6653426862,7516.69207262724,7861.03742072921
27066.485955739,0.478568211472552,-0.452598366359408,-0.752229438378066,-0.0166750644429775,3150.58689649269,4054.26749627559,-4571.3635681663,8011.45570064266,8549.71068135955,7515.8889348186,7858.64462410167
27087.6860230646,0.483854082235977,-0.446945631347749,-0.751980131924941,-0.0255090359067384,3236.38042610231,4118.07781891583,-4450.3265307295,8013.48411170855,8550.87698232983,7514.98699077942,7856.18819531722
27108.8860903902,0.48907575255331,-0.441228302253371,-0.751626890194996,-0.0343440168125455,3320.39096921673,4179.61941404796,-4326.830871141,8015.53839869764,8552.16669593162,7513.98458227418,7853.66640306432
27130.0861577158,0.494232389950633,-0.435447082092357,-0.751169606206266,-0.0431787694690419,3402.57064793577,4238.85636956559,-4200.94272951036,8017.61945660246,8553.58239564225,7512.87990327472,7851.07724129585
27151.2862250414,0.499323167874311,-0.429602686676706,-0.750608188229358,-0.0520120504033318,3482.8725191122,4295.75399240879,-4072.72969535252,8019.72849073183,8555.12676933085,7511.67099787188,7848.41841199279
27172.486292367,0.504347265952142,-0.423695844618869,-0.749942560014992,-0.0608426105411587,3561.25060463603,4350.27883297761,-3942.26077463095,8021.86704648894,8556.80260589239,7510.35576097033,7845.68730960551
27193.6863596927,0.509303870260276,-0.417727297328485,-0.749172661018689,-0.0696691953930876,3637.65992138028,4402.39870898833,-3809.60635566072,8024.03703905214,8558.61277631241,7508.93194259684,7842.88100828064
27214.8864270182,0.514192173596365,-0.411697799001336,-0.748298446621819,-0.0784905452463842,3712.05651077921,4452.08272874436,-3674.83817387747,8026.24078207938,8560.56020817569,7507.39715668127,7839.99625301619
27236.0864943439,0.519011375759395,-0.405608116600626,-0.747319888348118,-0.0873053953624289,3784.3974680095,4499.30131379312,-3538.02927548019,8028.48101430963,8562.64785258178,7505.74889526303,7837.02945609968
27257.2865616695,0.523760683836664,-0.399459029830877,-0.746236974074689,-0.0961124761796123,3854.64097074429,4544.02622094047,-3399.25397995737,8030.7609226542,8564.87864242012,7503.98454915143,7833.97670040259
27278.4866289951,0.528439312498241,-0.39325133110485,-0.745049708236448,-0.104910513521925,3922.7463074498,4586.23056359423,-3258.58784150784,8033.08416011341,8567.2554410166,7502.10143609419,7830.83375127095
27299.6866963207,0.533046484299794,-0.386985825504183,-0.743758112022436,-0.113698228813369,3988.67390519408,4625.88883240827,-3116.10760936975,8035.45485654677,8569.78098029593,7500.09683749677,7827.5960789225
27320.8867636463,0.537581429994386,-0.380663330734682,-0.742362223562389,-0.122474339298791,4052.38535693691,4662.9769151989,-2971.89118707245,8037.87761936027,8572.45778769218,7497.9680449082,7824.25889396007
27342.0868309719,0.542043388851561,-0.374284677076998,-0.740862098103411,-0.131237558273138,4113.8434482701,4697.47211610553,-2826.01759062863,8040.35752253862,8575.28810175604,7495.71241670622,7820.8171972093
27363.2868982975,0.546431608985979,-0.367850707334317,-0.739257808173514,-0.139986595319437,4173.01218357718,4729.35317396775,-2678.56690568543,8042.90008064324,8578.27377657997,7493.32744572507,7817.26584640228
27384.4869656231,0.550745347693751,-0.361362276778279,-0.737549443731476,-0.148720156558205,4229.85681158135,4758.60027989149,-2529.62024365541,8045.51120510274,8581.41617600466,7490.81083785755,7813.59964127719
27405.6870329487,0.554983871795513,-0.354820253094581,-0.735737112301626,-0.157436944910728,4284.34385025106,4785.19509397717,-2379.25969685025,8048.1971402051,8584.71605941323,7488.16060109317,7809.8134281963
27426.8871002743,0.559146457984324,-0.348225516329609,-0.733820939092726,-0.166135660379196,4336.44111103215,4809.12076118365,-2227.56829264188,8050.96437660897,8588.17346193117,7485.37514369675,7805.90222458687
27448.0871675999,0.563232393175618,-0.341578958839157,-0.731801067100681,-0.17481500034702,4386.11772237635,4830.36192630184,-2074.6299466777,8053.81954093591,8591.78757297593,7482.45337931958,7801.86136239875
27469.2872349255,0.567240974855458,-0.334881485239786,-0.729677657195648,-0.183473659902709,4433.3441525357,4848.90474801296,-1920.52941517855,8056.76926110491,8595.55661825733,7479.39483581638,7797.68664837398
27490.4873022511,0.571171511422557,-0.328134012362616,-0.727450888195058,-0.192110332190395,4478.09223159317,4864.73691200709,-1765.35224634994,8059.82000852825,8599.47775140587,7476.19976349152,7793.3745372895
27511.6873695767,0.57502332251873,-0.321337469208322,-0.725120956925232,-0.200723708789339,4520.33517270015,4877.84764313824,-1609.18473093894,8062.97792006529,8603.54696225186,7472.86923752119,7788.92231256405
27532.8874369023,0.578795739342195,-0.314492796900979,-0.72268807827531,-0.209312480123527,4560.04759249196,4888.22771659351,-1452.11385197095,8066.24860462388,8607.75900922719,7469.40524852962,7784.32826687372
27554.0875042279,0.58248810493819,-0.307600948637082,-0.720152485248273,-0.217875335900644,4597.20553065318,4895.8694680544,-1294.22723370249,8069.6369413422,8612.10738324525,7465.81077488718,7779.59187390704
27575.2875715535,0.586099774462256,-0.300662889624941,-0.717514429014425,-0.226410965577591,4631.78646860546,4900.76680282972,-1135.61308982778,8073.14687814919,8616.58430959441,7462.08983038869,7774.71394134836
27596.4876388791,0.58963011541296,-0.293679597008745,-0.714774178972851,-0.234918058847264,4663.76934729088,4902.91520394057,-976.360170978721,8076.78124092447,8621.18079278508,7458.24748167324,7769.69673484973
27617.6877062047,0.593078507833027,-0.286652059771198,-0.711932022825877,-0.243395306139078,4693.13458402535,4902.31173913902,-816.557711559422,8080.54156419299,8625.88670694427,7454.28983110668,7764.54406332628
27638.8877735303,0.596444344480441,-0.279581278608891,-0.708988266670238,-0.251841399123825,4719.86408839687,4898.95506684325,-656.295375958138,8084.42795407561,8630.6909313993,7450.22396282238,7759.26131749125
27660.0878408559,0.599727030973904,-0.272468265775582,-0.705943235106813,-0.260255031212464,4743.94127718481,4892.84544097356,-495.663204180868,8088.43899295822,8635.58152779936,7446.05785205881,7753.85545609834
27681.2879081815,0.602925985919565,-0.265314044890241,-0.702797271368322,-0.268634898038473,4765.3510882776,4883.98471467458,-334.751556952432,8092.57169305444,8640.54595184651,7441.80024060448,7748.33493769618
27702.4879755071,0.606040641027928,-0.258119650709011,-0.699550737461839,-0.276979697914692,4784.07999356688,4872.37634291074,-173.651060332103,8096.82150290451,8645.57128984897,7437.46048375797,7742.70959949197
27723.6880428327,0.609070441230746,-0.250886128862666,-0.696204014320562,-0.285288132257944,4800.11601079782,4858.0253839234,-12.4525498921918,8101.18236719418,8650.64450824237,7433.04837641157,7736.99048874216
27744.8881101583,0.612014844807567,-0.243614535563614,-0.692757501957452,-0.29355890597794,4813.44871435632,4840.93849953958,148.752985490843,8105.64683651287,8655.75270322685,7428.57396739375,7731.18965548006
27766.0881774839,0.614873322345367,-0.236305936760894,-0.689211620674561,-0.301790728231786,4824.06924497533,4821.12395432372,309.874460182142,8110.2066548506,8660.88343466326,7424.0472067186,7725.3195360594
27787.2882448095,0.617645359432178,-0.228961408881931,-0.685566808959543,-0.309982311862673,4831.9703183437,4798.5916135656,470.820748619369,8114.85298378967,8666.02496176355,7419.47773946228,7719.39266690241
27808.4883121351,0.620330456373206,-0.22158203835665,-0.681823523975528,-0.318132373906074,4837.14623260258,4773.35294009897,631.500742376518,8119.5752500251,8671.16612206442,7414.87525745252,7713.4226299705
27829.6883794607,0.622928126565789,-0.214168920427412,-0.677982243311299,-0.326239636480259,4839.5928747157,4745.42098994729,791.823407407259,8124.36224650194,8676.29665511528,7410.24903521126,7707.42304211117
27850.8884467863,0.625437897706344,-0.206723159218283,-0.67404346417806,-0.334302826722002,4839.30772570169,4714.8104067945,951.697841413919,8129.20235653476,8681.40730186869,7405.60781511769,7701.40733183977
27872.0885141119,0.627859312081508,-0.199245867409867,-0.670007703402253,-0.342320677047507,4836.2898647177,4681.53741528046,1111.03333128776,8134.08376141526,8686.48986163925,7400.95972354931,7695.38854977129
27893.2885814375,0.630191926847897,-0.191738165913063,-0.665875497407214,-0.350291925428956,4830.53997198547,4645.61981312238,1269.73941056578,8138.9946304603,8691.53720985637,7396.31221634802,7689.3792117628
27914.4886487631,0.632435314317892,-0.184201183553478,-0.661647402163985,-0.358215315684264,4822.06033055271,4607.07696206522,1427.72591684887,8143.92328704873,8696.5432809709,7391.67205225186,7683.39117768669
27935.6887160887,0.634589062245312,-0.176636056766067,-0.657323993114096,-0.366089597783506,4810.85482688393,4565.92977766574,1584.90304912625,8148.85834733482,8701.50302234233,7387.04529125384,7677.43556561476
27956.8887834143,0.636652774105128,-0.169043929298304,-0.652905865068119,-0.373913528173677,4796.92895027685,4522.20071791663,1741.18142495075,8153.78883046083,8706.41232553926,7382.43731396978,7671.52269923807
27978.0888507399,0.638626069362459,-0.161425951919527,-0.648393632083905,-0.381685870121717,4780.28979110188,4475.91377071859,1896.47213740988,8158.7042408623,8711.26794150786,7377.85285768306,7665.66208495337
27999.2889180655,0.640508583727255,-0.153783282133843,-0.643787927328252,-0.389405394074405,4760.94603786424,4427.09444021024,2050.68681183757,8163.59462460765,8716.06738563809,7373.29606470788,7659.86241419783
28020.4889853911,0.642299969392288,-0.146117083893982,-0.639089402925194,-0.397070878032755,4738.90797308943,4375.76973196689,2203.73766221206,8168.45060262673,8720.80883802929,7368.77053898333,7654.13158624744
28041.6890527167,0.643999895253125,-0.138428527313778,-0.634298729793562,-0.404681107938062,4714.18746803479,4321.96813708134,2355.53754718569,8173.26338419898,8725.49104336339,7364.27940727804,7648.47674671881
28062.8891200423,0.645608047109618,-0.130718788377319,-0.629416597475776,-0.412234878066483,4686.7979762316,4265.71961514091,2506.00002569287,8178.024764254,8730.11321384794,7359.82538196251,7642.9043373231
28084.0891873679,0.647124127849107,-0.12298904864328,-0.624443713959288,-0.419730991429135,4656.75452586326,4207.05557611678,2655.03941208338,8182.72710796523,8734.67493777919,7355.41082291803,7637.42015291475
28105.2892546935,0.648547857611947,-0.115240494943401,-0.619380805491514,-0.427168260174885,4624.07371098754,4146.00886118305,2802.57083072881,8187.36332586507,8739.17609545286,7351.03779674419,7632.02940246843
28126.4893220191,0.649878973940275,-0.107474319074465,-0.614228616388731,-0.434545505993331,4588.77368161157,4082.61372248446,2948.51027005082,8191.92684234801,8743.61678344955,7346.70813196475,7626.73677123674
28147.6893893447,0.651117231911038,-0.0996917174835384,-0.608987908839064,-0.441861560515864,4550.87413263053,4016.90580187281,3092.77463592099,8196.41156001273,8747.99724775403,7342.42346939481,7621.54648193969
28168.8894566703,0.652262404254294,-0.0918938909464746,-0.603659462699489,-0.449115265713035,4510.39629164203,3948.92210863393,3235.28180438314,8200.8118218668,8752.31782572933,7338.18530721193,7616.46235338222
28190.0895239959,0.653314281457804,-0.084082044239944,-0.598244075286644,-0.456305474286835,4467.36290564994,3878.70099622778,3375.9506736501,8205.12237300873,8756.57889664705,7333.99504057319,7611.48785537087
28211.2895913215,0.654272671858769,-0.0762573858073977,-0.592742561161174,-0.463431050056749,4421.79822667261,3806.28213806582,3514.7012153284,8209.33832303002,8760.78084025631,7329.85399584405,7606.62615919791
28232.4896586471,0.655137401723503,-0.068421127419486,-0.587155751905294,-0.470490868338752,4373.72799627196,3731.70650235078,3651.45452482536,8213.45511005418,8764.92400273876,7325.76345966504,7601.88018328314
28253.6897259727,0.655908315315659,-0.0605744838295291,-0.581484495893323,-0.477483816316583,4323.17942902126,3655.01632600499,3786.13287089499,8217.4684670548,8769.00866932612,7321.72470318769,7597.25263381359
28274.8897932983,0.656585274953568,-0.0527186724246597,-0.575729658054923,-0.484408793404797,4270.18119493048,3576.25508771462,3918.6597442803,8221.37439086783,8773.03504283531,7317.7390018753,7592.74604041121
28296.0898606239,0.657168161057072,-0.0448549128732837,-0.569892119630876,-0.491264711603249,4214.76340084954,3495.46748011768,4048.95990541126,8225.1691141329,8777.00322738926,7313.80765129408,7588.36278699425
28317.2899279495,0.657656872184204,-0.0369844267694874,-0.563972777921279,-0.498050495842718,4156.95757087076,3412.69938116506,4176.95943111938,8228.84908025753,8780.91321662869,7309.93197932676,7584.10513809226
28338.4899952751,0.658051325057949,-0.0291084372750166,-0.557972546026092,-0.504765084321454,4096.79662575295,3327.997824684,4302.58576033165,8232.41092139185,8784.76488577142,7306.11335523013,7579.97526093348
28359.6900626007,0.658351454583283,-0.0212281687594174,-0.551892352578044,-0.5114074288325,4034.3148613906,3241.41097017465,4425.76773870804,8235.8514393235,8788.55798693525,7302.35319593587,7575.97524365711
28380.8901299263,0.658557213854639,-0.0133448464389106,-0.545733141467958,-0.517976495081631,3969.54792635245,3152.98807187065,4546.43566218893,8239.16758914831,8792.29214720278,7298.65296996508,7572.1071100155
28402.0901972519,0.65866857415389,-0.00545969601454415,-0.539495871562611,-0.524471262995799,3902.53279851476,3062.77944709519,4664.52131942034,8242.35646553623,8795.96686896825,7295.01419929425,7568.37283093058
28423.2902645776,0.658685523897787,0.00242605772427678,-0.533181517699148,-0.530890727019647,3833.30776081535,2970.83644394468,4779.95803302689,8245.41581218784,8799.58165174416,7291.43825884134,7564.77387430073
28444.4903319032,0.658608071098192,0.0103111888594948,-0.526791067363918,-0.537233896374946,3761.91237615499,2877.21140833234,4892.68069970404,8248.34379104233,8803.13596100256,7287.92644676277,7561.31140225606
28465.6903992288,0.658436242161203,0.0181944717581689,-0.520325521771502,-0.543499795399492,3688.38746147367,2781.95765042437,5002.62582910349,8251.13785138427,8806.62897328506,7284.48041693477,7557.98726555933
28486.8904665544,0.658170080931581,0.0260746823762486,-0.513785896703683,-0.549687463795462,3612.77506102955,2685.12941050154,5109.7315814869,8253.79555552335,8810.05975908787,7281.10186670487,7554.80327771918
28508.09053388,0.657809649277744,0.0339505980020091,-0.507173221419886,-0.555795956882535,3535.11841890934,2586.78182427946,5213.93780412543,8256.31456462715,8813.42728651093,7277.79253691385,7551.76122509227
28529.2906012056,0.657355027048495,0.0418209975981971,-0.50048853831732,-0.561824345847487,3455.46195079865,2486.97088772043,5315.18606642408,8258.69263551251,8816.73042834179,7274.55420710317,7548.86286688133
28550.4906685312,0.656806312007027,0.0496846621556847,-0.493732902602519,-0.567771717983465,3373.85121504181,2385.75342137015,5413.41969375219,8260.92761924444,8819.96796973952,7271.38868992259,7546.10993343477
28571.6907358568,0.656163619755821,0.057540375044656,-0.48690738195783,-0.573637176919027,3290.33288302063,2283.1870342524,5508.58379996261,8263.01746076793,8823.13861624692,7268.29782509225,7543.50412358038
28592.8908031824,0.65542708365279,0.0653869223627169,-0.480013056202893,-0.579419842836857,3204.95470888178,2179.33008735451,5600.6253185845,8264.96019940335,8826.2410020244,7265.28347302539,7541.04710117874
28614.090870508,0.654596854718789,0.0732230932795946,-0.473051016951455,-0.585118852682112,3117.76549864276,2074.24165673669,5689.49303267599,8266.75397005967,8829.27369821898,7262.34750819891,7538.74049105274
28635.2909378336,0.653673101536619,0.081047680378108,-0.466022367263875,-0.590733360360323,3028.81507870655,1967.98149629748,5775.13760332496,8268.39700503234,8832.2352213977,7259.49181234694,7536.5858744331
28656.4910051592,0.65265601014168,0.0888594799911013,-0.458928221295712,-0.596262536924808,2938.15426381472,1860.61000022787,5857.51159678774,8269.88763626512,8835.12404198651,7256.71826754178,7534.58478404317
28677.6910724848,0.651545783904409,0.0966572925340568,-0.451769703942749,-0.60170557075355,2845.83482446936,1752.18816518585,5936.5695102573,8271.22429796577,8837.93859266685,7254.02874921724,7532.7386989327
28698.8911398104,0.650342643404678,0.104439922833105,-0.444547950482838,-0.607061667715512,2751.90945385338,1642.7775522231,6012.26779625395,8272.40552947764,8840.67727669069,7251.42511918167,7531.04903915689
28720.091207136,0.649046826298337,0.112206180448166,-0.437264106214942,-0.612330051326356,2656.4317342793,1532.44024849481,6084.56488563308,8273.42997831805,8843.33847608189,7248.90921866108,7529.51716038584
28741.2912744616,0.647658587176068,0.119954879990978,-0.429919326095752,-0.617509962893575,2559.45610319592,1421.23882878346,6153.42120920638,8274.29640330515,8845.920559698,7246.48286140666,7528.14434851831
28762.4913417872,0.646178197414772,0.127684841437758,-0.422514774374249,-0.62260066165102,2461.03781878237,1309.23631686666,6218.79921797363,8275.00367770331,8848.42189113174,7244.14782689612,7526.93181436462
28783.6914091128,0.644605945021685,0.135394890436286,-0.415051624224594,-0.627601424882841,2361.23292515862,1196.49614675865,6280.66340196436,8275.55079232594,8850.84083643498,7241.90585365342,7525.8806884544
28804.8914764384,0.642942134471436,0.143083858607179,-0.407531057377701,-0.632511548036878,2260.0982172412,1083.08212385472,6338.98030768936,8275.93685854248,8853.17577165259,7239.75863270774,7524.99201601701
28826.091543764,0.641187086536276,0.150750583839164,-0.399954263751881,-0.637330344827519,2157.69120527276,969.058386006867,6393.7185542036,8276.16111114387,8855.42509015553,7237.70780120874,7524.26675217496
28847.2916110896,0.639341138109716,0.158393910578157,-0.3923224410829,-0.642057147328091,2054.07007905343,854.489364558832,6444.84884778309,8276.22291102793,8857.58720976555,7235.75493621214,7523.70575738414
28868.4916784152,0.637404642023802,0.166012690109964,-0.384636794553821,-0.646691306052837,1949.29367190168,739.439745367621,6492.34399521955,8276.1217476725,8859.66057966625,7233.90154864654,7523.30979314814
28889.6917457408,0.635377966860277,0.173605780836444,-0.376898536424974,-0.651232190028551,1843.42142437208,623.974429838357,6536.17891573767,8275.85724137088,8861.6436870967,7232.14907746974,7523.07951802819
28910.8918130664,0.633261496755887,0.181172048544973,-0.369108885664403,-0.65567918685596,1736.5133477567,508.158495998451,6576.33065154065,8275.42914520931,8863.53506382597,7230.49888402072,7523.01548396512
28932.091880392,0.631055631202078,0.188710366671078,-0.36126906757913,-0.660031702760951,1628.62998739657,392.057159636522,6612.77837699082,8274.83734677269,8865.33329240824,7228.95224657037,7523.11813292424
28953.2919477176,0.62876078483934,0.19621961655409,-0.35338031344756,-0.664289162635736,1519.8323858291,275.73573553088,6645.50340643297,8274.08186956928,8867.03701221981,7227.5103550724,7523.38779386965
28974.4920150432,0.626377387246485,0.203698687685727,-0.345443860153364,-0.66845101007009,1410.18204579695,159.259598791695,6674.48920066866,8273.16287417019,8868.6449252804,7226.17430611379,7523.82468007019
28995.6920823688,0.623905882725092,0.211146477951469,-0.337460949821137,-0.672516707372783,1299.74089314322,42.6941463403944,6699.72137209076,8272.08065906453,8870.1558018627,7224.94509806174,7524.42888673456
29016.8921496944,0.621346730079422,0.218561893864654,-0.329432829454158,-0.676485735583341,1188.57123961745,-73.895241450836,6721.187688488,8270.83566123508,8871.56848589521,7223.82362640246,7525.20038896982
29038.09221702,0.618700402392041,0.225943850793199,-0.321360750574529,-0.68035759447429,1076.73574561652,-190.443238937146,6738.87807553009,8269.42845646357,8872.88190016466,7222.81067926525,7526.13904005346
29059.2922843456,0.615967386795086,0.233291273179679,-0.313245968866726,-0.684131802543766,964.297382883666,-306.884613175052,6752.78461794432,8267.85975953199,8874.09505136085,7221.90693306433,7527.24456987069
29080.4923516712,0.613148183457014,0.240603096475911,-0.305089745367984,-0.687807896407759,851.319397188944,-423.154261671299,6762.90155939551,8266.1311607556,8875.20720903664,7221.11266046502,7528.51593296553
29101.6924189968,0.610243307473208,0.247878262788087,-0.296893341987793,-0.691385432305772,737.865271013404,-539.187249886039,6769.22530108119,8264.24433410193,8876.2177404964,7220.42802038228,7529.95200251503
29122.8924863224,0.607253287006486,0.255115724403996,-0.288658024224958,-0.694863984987124,623.998686259088,-654.918848470488,6771.75439905475,8262.20037325475,8877.12595236837,7219.85331997511,7531.55215600567
29144.092553648,0.604178663042399,0.262314444083731,-0.280385060884858,-0.698243147608294,509.783487006471,-770.284570219557,6770.48956028954,8260.00052283456,8877.93125618573,7219.38873426146,7533.31563213878
29165.2926209736,0.601019989418476,0.269473394656163,-0.272075723209108,-0.701522531877729,395.283642340499,-885.220206720582,6765.43363749724,8257.6461595276,8878.63316783973,7219.03430978836,7535.24154676562
29186.4926882992,0.597777832582694,0.276591559181194,-0.263731284529729,-0.704701768000303,280.563209265912,-999.66186467981,6756.59162271437,8255.13879089856,8879.2313115388,7218.78996124467,7537.32889297937
29207.6927556248,0.594452771344831,0.283667931115627,-0.25535301993779,-0.707780504609784,165.686295732128,-1113.54600190875,6743.97063967095,8252.48005452822,8879.72542376391,7218.65546798413,7539.57654097392
29228.8928229504,0.591045396625913,0.290701514471627,-0.246942205956863,-0.710758408693403,50.7170237875678,-1226.80946295302,6727.57993495576,8249.67171713113,8880.11535713998,7218.63047058916,7541.98323797689
29250.092890276,0.587556311206084,0.297691323967558,-0.238500120221298,-0.713635165508798,-64.2805071170951,-1339.38951434663,6707.43086799269,8246.7156736838,8880.40108423726,7218.71446745762,7544.54760822785
29271.2929576016,0.583986129471178,0.304636385171239,-0.23002804115951,-0.716410478493574,-179.242256657669,-1451.22387947534,6683.53689984353,8243.61394660407,8880.58270131924,7218.90681139136,7547.2681529638
29292.4930249272,0.580335477158243,0.311535734635652,-0.221527247682444,-0.719084069167702,-294.104279978405,-1562.25077303277,6655.91358085188,8240.36868502426,8880.66043205401,7219.20670616414,7550.1432503719
29313.6930922528,0.576604991100266,0.318388420027151,-0.212999018877384,-0.721655677028975,-408.802763828802,-1672.40893505374,6624.57853714403,8236.98216420328,8880.63463120662,7219.61320304613,7553.17115546699
29334.8931595784,0.572795318970366,0.325193500246226,-0.204444633707271,-0.724125059441768,-523.274062477186,-1781.63766450934,6589.55145600226,8233.4567851261,8880.50578833032,7220.12519726129,7556.34999984876
29356.093226904,0.568907119025367,0.331950045542017,-0.195865370716534,-0.726491991518822,-637.454733383321,-1889.87685244884,6550.85407012647,8229.79507479899,8880.27453158353,7220.74142417432,7559.67779088619
29377.2932942296,0.564941059850527,0.338657137615338,-0.187262507739389,-0.728756265998656,-751.281572612599,-1997.06701467378,6508.51014080038,8225.99968583692,8879.94163135365,7221.46045574576,7563.15241156499
29398.4933615552,0.560897820102842,0.345313869719888,-0.178637321618357,-0.730917693114605,-864.691649974665,-2103.1493239299,6462.54543997843,8222.0733965759,8879.5080039612,7222.28069679243,7566.77161990995
29419.6934288808,0.556778088255518,0.351919346753936,-0.169991087926841,-0.732976100459123,-977.62234386958,-2208.06564160302,6412.9877313101,8218.01911240029,8878.97471562269,7223.20038077018,7570.53304736911
29440.8934962064,0.552582562343187,0.358472685344619,-0.161325080697556,-0.734931332842724,-1090.01137582493,-2311.75854890506,6359.86675011834,8213.83986707269,8878.34298639384,7224.21756555075,7574.43419722298
29462.093563532,0.548311949707876,0.364973013925668,-0.152640572157432,-0.736783252147478,-1201.79684470749,-2414.17137753697,6303.21418234908,8209.53882460387,8877.61419421376,7225.33012899222,7578.4724425426
29483.2936308576,0.54396696674608,0.37141947280831,-0.143938832468794,-0.738531737175449,-1312.91726059337,-2515.24823981533,6243.06364250917,8205.11928171841,8876.78987905858,7226.53576428991,7582.64502364287
29504.4936981832,0.539548338657159,0.377811214245436,-0.135221129476864,-0.74017668349232,-1423.31157828068,-2614.93405825002,6179.45065061007,8200.58467098599,8875.8717472135,7227.83197509379,7586.94904496597
29525.6937655088,0.535056799193262,0.384147402489173,-0.126488728463643,-0.741718003266426,-1532.9192304292,-2713.17459456023,6112.41260813517,8195.93856469011,8874.86167566823,7229.21607038221,7591.38147132609
29546.8938328344,0.530493090411001,0.390427213841966,-0.117742891908205,-0.743155625103436,-1641.68016031147,-2809.91647811666,6041.98877304852,8191.18467950995,8873.76171663603,7230.68515908735,7595.9391234444
29568.09390016,0.525857962425076,0.396649836701307,-0.108984879253439,-0.744489493876903,-1749.53485416023,-2905.10723379804,5968.2202338634,8186.32688209216,8872.5741021908,7232.23614447466,7600.61867270096
29589.2939674856,0.521152173164066,0.402814471598238,-0.100215946679233,-0.745719570554903,-1856.42437309719,-2998.69530925,5891.14988278913,8181.36919559182,8871.30124900888,7233.86571828734,7605.41663502807
29610.4940348113,0.516376488128573,0.408920331229744,-0.0914373468821141,-0.746845832022994,-1962.29038462824,-3090.63010153521,5810.82238797499,8176.31580726265,8869.94576319318,7235.57035467717,7610.3293638686
29631.6941021369,0.511531680151936,0.414966640485202,-0.0826503288613163,-0.747868270903692,-2067.07519369083,-3180.86198316337,5727.28416487022,8171.17107717649,8868.51044514623,7237.34630395668,7615.35304212206
29652.8941694625,0.506618529163698,0.420952636466984,-0.0738561377112436,-0.748786895372698,-2170.72177323892,-3269.3423274903,5640.58334671969,8165.93954815031,8866.99829444462,7239.18958622352,7620.48367300272
29674.0942367881,0.501637821956037,0.426877568505361,-0.065056014420272,-0.749601728972062,-2273.17379435148,-3356.02353347559,5550.76975421479,8160.62595695601,8865.41251465139,7241.09598492755,7625.71706973592
29695.2943041137,0.496590351953333,0.432740698167832,-0.0562511956758247,-0.750312810420508,-2374.37565585084,-3440.85904978842,5457.89486431965,8155.23524688182,8863.75651798255,7243.06104047491,7631.04884402439
29716.4943714393,0.491476918985095,0.438541299263004,-0.0474429136756212,-0.750920193421114,-2474.27251341704,-3523.80339825167,5362.01177829302,8149.7725817047,8862.03392972096,7245.08004399171,7636.47439322346
29737.6944387649,0.48629832905442,0.44427865796431,-0.0386323960269553,-0.751423946393464,-2572.81030818481,-3604.8121966146,5263.17518892655,8144.24338746036,8860.24859846808,7247.14802112843,7641.98886288993
29758.8945060905,0.481055394063545,0.44995207403496,-0.0298208663590165,-0.751824151543167,-2669.93579481027,-3683.84218064474,5161.44134702046,8138.65406779436,8858.40476768598,7249.25945106851,7647.58651352032
29780.0945734161,0.47574893184919,0.455560856493678,-0.0210095413388908,-0.752120907200319,-2765.59656899417,-3760.85122553,5056.868027118,8133.01080472528,8856.50679949463,7251.40872998326,7653.26177690501
29801.2946407417,0.470379765674317,0.46110432781823,-0.0121996332902517,-0.752314325172036,-2859.74109444935,-3835.79836658237,4949.51449252037,8127.31974864448,8854.55920809799,7253.59010911922,7659.00908899133
29822.4947080673,0.464948724114321,0.466581822894452,-0.00339234933893459,-0.75240453112333,-2952.31872929993,-3908.64381923478,4839.44145960426,8121.58737018363,8852.56673367464,7255.79756669611,7664.82258018087
29843.6947753929,0.45945664086764,0.471992688767525,0.00541110888706819,-0.752391664502764,-3043.27975190033,-3979.34899832328,4726.71106146436,8115.82047578708,8850.53433934463,7258.02481030615,7670.69606072567
29864.8948427185,0.453904354557305,0.477336284605571,0.0142095454104563,-0.752275878339917,-3132.57538606227,-4047.87653664682,4611.38681090361,8110.02623113633,8848.46720782119,7260.26527894104,7676.62299896113
29886.0949100441,0.448292708537008,0.4826119816622,0.023001770050296,-0.752057339039512,-3220.15782567854,-4114.19030279768,4493.53356279438,8104.21218542102,8846.37073549259,7262.51214796397,7682.59649866383
29907.2949773697,0.442622550701937,0.487819163233831,0.0317865985634369,-0.751736226174928,-3305.98025873243,-4178.2554182555,4373.21747583382,8098.38629592163,8844.25052332432,7264.75833779409,7688.60927599792
29928.4950446953,0.436894733304477,0.492957224611525,0.0405628527820547,-0.751312732281501,-3389.99689068211,-4240.03827373884,4250.5059737173,8092.55695236056,8842.11236391872,7266.99652713248,7694.65363652035
29949.6951120209,0.431110112774755,0.498025573027055,0.049329360747665,-0.750787062650016,-3472.16296720971,-4299.5065448081,4125.46770575398,8086.73300032164,8839.96222398456,7269.21917167398,7700.72145285435
29970.8951793465,0.425269549546,0.503023627592907,0.0580849568419355,-0.750159435120885,-3552.43479632513,-4356.62920671457,3998.17250694882,8080.92376285215,8837.80622138316,7271.41852936669,7706.80414380667
29992.0952466721,0.419373907884579,0.507950819235771,0.0668284819146022,-0.749430079879581,-3630.76976981509,-4411.37654849039,3868.69135757575,8075.13905914665,8835.65059583977,7273.58669339417,7712.89265589642
30013.2953139977,0.41342405572447,0.512806590623075,0.0755587834087234,-0.748599239253996,-3707.12638402822,-4463.720186275,3737.09634226692,8069.38921897025,8833.5016723453,7275.71563415373,7718.97744847962
30034.4953813233,0.407420864505815,0.517590396081982,0.0842747154834156,-0.747667167514543,-3781.46425998766,-4513.63307587403,3603.46060864326,8063.68509121276,8831.36581623262,7277.79725157827,7725.0484838936
30055.6954486489,0.401365209017048,0.522301701510302,0.0929751391340671,-0.746634130677902,-3853.74416282273,-4561.08952454702,3467.85832551177,8058.03804468298,8829.2493789097,7279.82343918098,7731.0952242995
30076.8955159745,0.395257967239904,0.526939984278668,0.10165892230982,-0.745500406315504,-3923.92802051203,-4606.06520202092,3330.36464065514,8052.4599589644,8827.15863328152,7281.78616117377,7737.10663716336
30098.0955833001,0.389100020196454,0.531504733123438,0.110324940027852,-0.744266283367958,-3991.97894193065,-4648.53715072684,3191.05563823976,8046.96320287918,8825.09969801381,7283.67754389702,7743.07121156605
30119.2956506257,0.382892251797056,0.535995448029824,0.118972074483631,-0.742932061966738,-4057.8612341945,-4688.48379525809,3050.00829586782,8041.56059787156,8823.07845000674,7285.48998257332,7748.97698775215
30140.4957179513,0.376635548687958,0.540411640104981,0.127599215155921,-0.741498053264578,-4121.5404192956,-4725.88495104787,2907.30044130011,8036.26536345759,8821.1004247762,7287.21626403061,7754.81160248348
30161.6957852769,0.370330800097051,0.544752831441049,0.1362052589048,-0.739964579276004,-4182.98325002242,-4760.72183226583,2763.01070887545,8031.09104184105,8819.17070490773,7288.84970550104,7760.5623528198
30182.8958526025,0.36397889767616,0.549018554968618,0.144789110060431,-0.738331972729426,-4242.15772515992,-4792.97705893295,2617.21849565342,8026.05139891323,8817.29379737207,7290.38430886329,7766.21628085946
30204.0959199281,0.357580735338166,0.553208354301643,0.153349680499742,-0.73660057693197,-4299.03310396455,-4822.63466325494,2470.00391730672,8021.16029919773,8815.47350128054,7291.8149287398,7771.76028168633
30225.2959872537,0.351137209087337,0.557321783575604,0.161885889707651,-0.734770745647937,-4353.57991990984,-4849.68009517485,2321.44776378988,8016.43155292878,8813.71276861326,7293.13745168262,7777.18123623275
30246.4960545793,0.344649216841454,0.561358407281588,0.170396664819016,-0.732842842991188,-4405.76999369903,-4874.10022714604,2171.63145481061,8011.87873441567,8812.01356154738,7294.34898230184,7782.4661699326
30267.6961219049,0.338117658244756,0.565317800099973,0.17888094063725,-0.730817243331013,-4455.57644554142,-4895.88335812742,2020.63699513055,8007.51497218818,8810.37671120212,7295.448030661,7787.60243686922
30288.8961892305,0.331543434471469,0.569199546738413,0.18733765962563,-0.728694331210034,-4502.97370668979,-4915.01921680309,1868.54692972175,8003.35271314464,8808.80178381852,7296.43469367453,7792.57792760854
30310.0962565561,0.324927448020592,0.573003241779775,0.195765771867778,-0.726474501271522,-4547.93753023693,-4931.49896402954,1715.44429880544,7999.40346500543,8807.28696149513,7297.31082172829,7797.38129707697
30331.2963238817,0.318270602503873,0.576728489546395,0.204164234994823,-0.724158158192211,-4590.44500116971,-4945.31519451349,1561.41259279918,7995.67752371707,8805.82894545761,7298.0801604845,7802.00220677336
30352.4963912073,0.311573802430338,0.580374903987326,0.212532014078338,-0.721745716615352,-4630.47454567965,-4956.46193772462,1406.53570719872,7992.18369490269,8804.42289028778,7298.74845703471,7806.43157342993
30373.6964585329,0.304837952992393,0.583942108595703,0.220868081490009,-0.719237601077095,-4668.00593972968,-4964.93465804744,1250.8978974205,7988.92902111397,8803.0623774812,7299.32351932534,7810.66181386571
30394.8965258585,0.298063959858632,0.587429736357903,0.229171416733558,-0.716634245922011,-4703.02031687721,-4970.73025417755,1094.58373363055,7985.91852706473,8801.73943548817,7299.81521914445,7814.68707536518
30416.0965931841,0.291252728982623,0.59083742974502,0.237441006252701,-0.713936095194926,-4735.50017535414,-4973.84705776753,937.678055585342,7983.1549985762,8800.44461224072,7300.23542987775,7818.50343773477
30437.2966605097,0.284405166433714,0.594164840741357,0.245675843227584,-0.711143602507274,-4765.42938440521,-4974.28483132876,780.265927509912,7980.63880990566,8799.16710338178,7300.5978936023,7822.10907406125
30458.4967278353,0.277522178257984,0.597411630909839,0.253874927370758,-0.708257230871018,-4792.79318988621,-4972.0447653955,622.432593038195,7978.36781252796,8797.8949360496,7300.91801617579,7825.50435853876
30479.6967951609,0.270604670375762,0.600577471488469,0.262037264736228,-0.70527745249717,-4817.57821912471,-4967.12947495829,464.263430240257,7976.3372968061,8796.61520453596,7301.2125932696,7828.69191110162
30500.8968624865,0.263653548520049,0.603662043508371,0.270161867555427,-0.702204748559171,-4839.77248504588,-4959.54299517422,305.843906760717,7974.54003399617,8795.31435022462,7301.49947530388,7831.67657204791
30522.0969298121,0.256669718217432,0.606665037921294,0.278247754112563,-0.699039608924597,-4859.36538956681,-4949.29077636179,147.259535092302,7972.96640124853,8793.97847464615,7301.79718395473,7834.46530399536
30543.2969971377,0.249654084809931,0.609586155722808,0.286293948669053,-0.695782531861994,-4876.34772626344,-4936.37967828899,-11.4041719919799,7971.60458687202,8792.59367163124,7302.12449686204,7837.06702322126
30564.4970644633,0.2426075535129,0.612425108057164,0.29429948144266,-0.692434023732397,-4890.71168231402,-4920.81796376306,-170.061745824945,7970.44086768975,8791.14636278424,7302.50001986617,7839.49236720743
30585.6971317889,0.235531029501316,0.615181616291089,0.302263388642229,-0.688994598676979,-4902.45083972443,-4902.61529153138,-328.627806027023,7969.4599454416,8789.62362007628,7302.94176718808,7841.75340950589
30606.8971991145,0.228425418014686,0.617855412046501,0.310184712553901,-0.685464778312874,-4911.56017584028,-4881.78270850284,-487.017104461586,7968.64532542856,8788.01346034289,7303.46676928932,7843.86333637956
30628.0972664401,0.221291624469875,0.620446237185904,0.318062501670377,-0.681845091448577,-4918.03606315181,-4858.33264129981,-645.144568942214,7967.97971834836,8786.30509874051,7304.0907258014,7845.83610169927
30649.2973337657,0.214130554571289,0.622953843748462,0.325895810851415,-0.678136073828482,-4921.87626839764,-4832.27888715068,-802.925346670794,7967.44544572504,8784.48915147702,7304.8277172086,7847.68607712664
30670.4974010913,0.206943114409157,0.625377993839002,0.333683701501963,-0.674338267913436,-4923.07995097409,-4803.63660413388,-960.274847385914,7967.02483044227,8782.55778197686,7305.68998438195,7849.42771371597
30691.6974684169,0.199730210538693,0.62771845947578,0.341425241753984,-0.670452222701034,-4921.64766065702,-4772.42230078401,-1117.1087862016,7966.7005563932,8780.50478862168,7306.68778014202,7851.07522894786
30712.8975357425,0.192492750035492,0.62997502240548,0.349119506639206,-0.666478493586241,-4917.58133464363,-4738.65382507135,-1273.34322611697,7966.45598475442,8778.32563590496,7307.82929230868,7852.64233020936
30734.0976030681,0.185231640525141,0.632147473895428,0.356765578242249,-0.662417642260129,-4910.88429392193,-4702.35035276609,-1428.8946201781,7966.27541840615,8776.01743392528,7309.12063361389,7854.14198227402
30755.2976703937,0.177947790187457,0.634235614513277,0.364362545826453,-0.658270236642393,-4901.56123897613,-4663.53237519901,-1583.67985327383,7966.14431009153,8773.57887341425,7310.56589070403,7855.58622280858
30776.4977377193,0.170642107737713,0.636239253903827,0.371909505927855,-0.654036850841932,-4889.61824483617,-4622.22168643033,-1737.61628354805,7966.04941364787,8771.0101248769,7312.16722237645,7856.98602668437
30797.6978050449,0.163315502388599,0.638158210571213,0.379405562415693,-0.649718065139133,-4875.06275548028,-4578.44136983889,-1890.62178341155,7965.97888077701,8768.31271095522,7313.92499616951,7858.35121713875
30818.8978723706,0.155968883797399,0.639992311672971,0.386849826520283,-0.645314465983607,-4857.90357759954,-4532.21578414373,-2042.61478013717,7965.92230819709,8765.48936093444,7315.83795233379,7859.69041975172
30840.0979396962,0.148603162003123,0.641741392830503,0.394241416831017,-0.64082664600164,-4838.1508737336,-4483.57054887045,-2193.51429602259,7965.87074159965,8762.54385556885,7317.90338486028,7861.01105380916
30861.2980070218,0.141219247358098,0.6434052979587,0.401579459268486,-0.636255204008516,-4815.81615478721,-4432.53252927476,-2343.23998810593,7965.81664367459,8759.48086929527,7320.11733040889,7862.31935487217
30882.4980743474,0.133818050457989,0.644983879115813,0.408863087035349,-0.631600745021937,-4790.91227193709,-4379.12982073573,-2491.7121874198,7965.75383367278,8756.30581560383,7322.47475745088,7863.62042216957
30903.698141673,0.126400482073577,0.646476996373459,0.41609144055076,-0.626863880273789,-4763.45340793924,-4323.39173263139,-2638.85193777016,7965.67740569532,8753.02469999313,7324.96974952541,7864.91828465195
30924.8982089986,0.118967453086814,0.647884517705681,0.423263667372937,-0.622045227218508,-4733.45506784644,-4265.34877170909,-2784.58103402715,7965.58363227347,8749.64398365906,7327.59567806839,7866.21598006834
30946.0982763242,0.111519874432992,0.649206318895399,0.430378922113986,-0.61714540953712,-4700.93406914643,-4205.03262496358,-2928.82205991537,7965.46985897169,8746.17045992781,7330.34536169835,7867.51564213054
30967.2983436498,0.10405865705015,0.650442283456257,0.437436366350507,-0.612165057136713,-4665.90853133082,-4142.47614203506,-3071.49842529223,7965.33439481896,8742.61114448153,7333.21121007981,7868.81859162029
30988.4984109754,0.0965847118363374,0.651592302567803,0.444435168532872,-0.607104806145561,-4628.39786490526,-4077.71331714007,-3212.53440290322,7965.17640243782,8738.97317965518,7336.18535150175,7870.12542809338
31009.698478301,0.089098949614871,0.652656275021946,0.451374503895404,-0.601965298904499,-4588.42275985124,-4010.77927054763,-3351.85516460368,7964.99579085757,8735.26375249688,7339.2597441058,7871.43611959198
31030.8985456266,0.0816022811074088,0.653634107178855,0.458253554369163,-0.596747183955314,-4546.00517355016,-3941.7102296131,-3489.38681703761,7964.79311320502,8731.49002586738,7342.42627129088,7872.75008845607
31052.0986129522,0.0740956169144315,0.65452571293064,0.465071508498507,-0.591451116027039,-4501.16831817985,-3870.54350938208,-3625.05643676412,7964.56947078344,8727.65908157812,7345.67682223338,7874.0662919117
31073.2986802778,0.0665798675025692,0.655331013671455,0.471827561362227,-0.58607775602104,-4453.9366475945,-3797.31749277672,-3758.79210482324,7964.32642448328,8723.77787441061,7349.00335872436,7875.38329660169
31094.4987476034,0.0590559431981278,0.656049938272873,0.478520914499699,-0.580627770995765,-4404.33584369812,-3722.07161037637,-3890.52294073308,7964.06591401322,8719.85319579136,7352.39796966719,7876.69934661616
31115.698814929,0.0515247541861425,0.656682423063647,0.485150775842314,-0.575101834151932,-4352.39280232209,-3644.84631980464,-4020.1791359111,7963.79018508712,8715.89164589716,7355.8529146304,7878.01242488468
31136.8988822546,0.0439872105142841,0.657228411813168,0.491716359650196,-0.56950062481886,-4298.13561861727,-3565.68308473457,-4147.69198651268,7963.50172443941,8711.89961301289,7359.36065783254,7879.32030801975
31158.0989495802,0.0364442221009711,0.657687855718135,0.498216886454176,-0.563824828442525,-4241.59357197071,-3484.62435352355,-4272.99392568069,7963.20320235294,8707.88325904256,7362.91389387408,7880.62061486359
31179.2990169058,0.0288966987470863,0.658060713392062,0.50465158300286,-0.558075136575855,-4182.79711045732,-3401.7135374892,-4396.01855520061,7962.8974222576,8703.84851017102,7366.50556643742,7881.910849101
31200.4990842314,0.0213455502051998,0.658346950916375,0.511019682212252,-0.55225224680144,-4121.77783483654,-3316.99498883758,-4516.70067655558,7962.58730061397,8699.80105719964,7370.12887194124,7883.18841546783
31221.699151557,0.0137916861251907,0.65854654175255,0.51732042312832,-0.546356862823116,-4058.56848210365,-3230.51397825439,-4634.97632137715,7962.27587041259,8695.74636422227,7373.77725066379,7884.45061526464
31242.8992188826,0.00623601596874838,0.658659466633233,0.523553050888599,-0.540389694595023,-3993.20290860579,-3142.31667217001,-4750.7827812869,7961.96610104027,8691.68963663688,7377.44444687911,7885.69480372547
31264.0992862082,-0.00132055076566146,0.658685713781989,0.529716816679257,-0.534351458061434,-3925.71607273192,-3052.45010970855,-4864.05863712557,7961.66094756275,8687.63584076187,7381.12448100171,7886.91834603035
31285.2993535338,-0.00887710459881377,0.658625278828203,0.535810977709535,-0.528242875265125,-3856.14401718627,-2960.96217933124,-4974.74378756577,7961.36333348724,8683.5897100561,7384.81164530897,7888.11863185571
31306.4994208594,-0.0164327360505723,0.658478164808173,0.541834797185753,-0.52206467436078,-3784.52385085418,-2867.90159518372,-5082.77947710547,7961.07613117134,8679.55575138743,7388.50049982739,7889.29309207208
31327.699488185,-0.0239865356158337,0.658244382172303,0.547787544289151,-0.515817589627782,-3710.89373026955,-2773.31787315704,-5188.10832343935,7960.80214572913,8675.53825226014,7392.18586656659,7890.43921248625
31348.8995555106,-0.031537593739964,0.657923948795086,0.553668494157615,-0.509502361486395,-3635.29284069214,-2677.2613066713,-5290.67434420551,7960.54410186186,8671.54128867782,7395.86282255619,7891.5545451166
31370.0996228362,-0.0390850007940293,0.657516889987929,0.559476927871239,-0.503119736517356,-3557.7613768035,-2579.7829421911,-5390.42298310543,7960.30463322398,8667.56873340795,7399.52669201568,7892.63671732846
31391.2996901618,-0.0466278470500411,0.657023238514915,0.565212132441672,-0.49667046748482,-3478.34052302945,-2480.93455448119,-5487.30113539509,7960.08627397794,8663.62426446004,7403.17303792846,7893.68343912064
31412.4997574874,-0.0541652226564197,0.656443034611591,0.570873400805262,-0.490155313362551,-3397.07243349697,-2380.7686216108,-5581.2571727455,7959.89145222956,8659.71137362838,7406.7976532407,7894.6925088221
31433.699824813,-0.0616962176138698,0.655776326006859,0.576460031819999,-0.483575039363256,-3314.00021163326,-2279.33829971447,-5672.24096747119,7959.72248507143,8655.83337498234,7410.39655186331,7895.6618174275
31454.8998921386,-0.0692199217518489,0.655023167948057,0.581971330266262,-0.476930416970943,-3229.1678894141,-2176.69739751715,-5760.20391612495,7959.58157499452,8651.99341321463,7413.96595961886,7896.58935177275
31476.0999594642,-0.0767354247058008,0.654183623229291,0.587406606851438,-0.470222223976172,-3142.62040626861,-2072.90035063085,-5845.09896245769,7959.47080745861,8648.19447177997,7417.50230524526,7897.47319672633
31497.3000267898,-0.0842418158953228,0.653257762223072,0.592765178218436,-0.463451244514058,-3054.40358764714,-1968.00219562999,-5926.88061974201,7959.39214943865,8644.439380775,7421.00221154269,7898.31153654975
31518.5000941154,-0.0917381845034309,0.652245662915308,0.598046366958158,-0.456618269104876,-2964.56412325866,-1862.05854391196,-6005.50499245816,7959.34744878887,8640.73082452545,7424.46248672915,7899.10265555923
31539.700161441,-0.0992236194570787,0.651147410943684,0.603249501626005,-0.449724094697127,-2873.14954498387,-1755.1255553497,-6080.92979734137,7959.33843428766,8637.07134885837,7427.88011605311,7899.84493820373
31560.9002287666,-0.10669720940909,0.649963099639465,0.60837391676246,-0.442769524712887,-2780.20820446985,-1647.25991174206,-6153.11438378895,7959.36671624537,8633.46336804712,7431.25225369717,7900.53686865732
31582.1002960922,-0.114158042721658,0.648692830072721,0.613418952917851,-0.435755369095289,-2685.78925041171,-1538.51879006812,-6222.019753626,7959.43378757384,8629.90917142436,7434.57621499562,7901.17703001068
31603.3003634178,-0.121605207451565,0.647336711101005,0.61838395668134,-0.428682444357972,-2589.94260552673,-1428.95983555084,-6287.60858022821,7959.54102523136,8626.41092966453,7437.84946897919,7901.76410313335
31624.5004307434,-0.129037791337274,0.645894859421453,0.623268280714244,-0.42155157363631,-2492.71894322573,-1318.64113453564,-6349.84522700006,7959.68969196913,8622.97070074166,7441.06963125315,7902.29686526839
31645.700498069,-0.136454881788048,0.64436739962632,0.628071283787734,-0.414363586740258,-2394.16966398659,-1207.62118718879,-6408.69576520668,7959.8809383169,8619.59043557222,7444.23445720888,7902.7741884109
31666.9005653946,-0.143855565875239,0.642754464261914,0.632792330825013,-0.407119320208636,-2294.34687143429,-1095.95888002061,-6464.12799115746,7960.11580475468,8616.27198335514,7447.34183556474,7903.1950375145
31688.1006327202,-0.151238930325915,0.64105619389091,0.637430792948034,-0.399819617364649,-2193.30334813176,-983.713458238215,-6516.11144273895,7960.39522402622,8613.01709662339,7450.38978222785,7903.55846856189
31709.3007000458,-0.158604061518949,0.639272737157999,0.64198604752883,-0.392465328372486,-2091.09253108536,-870.944497932131,-6564.61741529485,7960.72002355678,8609.82743602225,7453.37643446679,7903.86362653059
31730.5007673714,-0.165950045483748,0.637404250858833,0.646457478245541,-0.385057310294776,-1987.768486969,-757.711878101292,-6609.61897684997,7961.09092794419,8606.70457483109,7456.30004538207,7904.10974327865
31751.700834697,-0.173275967901755,0.635450900012203,0.650844475143171,-0.377596427150735,-1883.38588707023,-644.075752520461,-6651.09098267533,7961.50856149741,8603.65000324529,7459.15897866073,7904.29613537122
31772.9009020226,-0.180580914110871,0.633412857935404,0.655146434699182,-0.370083549974781,-1777.99998196177,-530.096521454194,-6689.0100891907,7961.97345080159,8600.66513243559,7461.95170359978,7904.42220186465
31794.1009693482,-0.187863969112955,0.631290306322701,0.659362759893937,-0.362519556875443,-1671.66657590168,-415.83480322129,-6723.35476720082,7962.4860272924,8597.75129840209,7464.67679038293,7904.48742206165
31815.3010366738,-0.195124217584551,0.62908343532684,0.663492860286076,-0.354905333094333,-1564.44200096518,-301.351405613619,-6754.10531446108,7963.04662982596,8594.90976563992,7467.33290559456,7904.49135324769
31836.5011039994,-0.202360743890967,0.626792443643493,0.667536152092866,-0.347241771065006,-1456.38309091113,-186.707297173149,-6781.24386756786,7963.65550723356,8592.14173063352,7469.91880795475,7904.43362841683
31857.701171325,-0.209572632103878,0.624417538598585,0.671492058275549,-0.339529770471462,-1347.54715478581,-71.9635783310145,-6804.75441316849,7964.31282085291,8589.44832519607,7472.43334425903,7904.31395399242
31878.9012386506,-0.216758966022573,0.621958936238363,0.675360008629751,-0.331770238306108,-1237.99195026706,42.8185475875513,-6824.62279848523,7965.01864702975,8586.83061967025,7474.87544550702,7904.1321075467
31900.1013059762,-0.22391882919901,0.619416861422133,0.679139439880965,-0.323964088926949,-1127.77565675116,157.57780348855,-6840.83674114722,7965.77297958578,8584.28962600617,7477.2441232039,7903.88793552119
31921.3013733018,-0.231051304966788,0.616791547917547,0.682829795785129,-0.316112244113794,-1016.95684818533,272.25286776086,-6853.38583832377,7966.57573225029,8581.82630073205,7479.53846581908,7903.58135094867
31942.5014406274,-0.238155476474207,0.614083238498309,0.686430527234335,-0.30821563312325,-905.594465648497,386.782403650147,-6862.26157515199,7967.42674105431,8579.4415478327,7481.75763538678,7903.2123311759
31963.701507953,-0.245230426721516,0.61129218504419,0.689941092367646,-0.300275192742295,-793.747789683013,501.105088750846,-6867.45733245124,7968.32576668769,8577.13622155059,7483.90086423331,7902.78091558534
31984.9015752786,-0.252275238602509,0.608418648643215,0.693360956687063,-0.292291867340185,-681.476412380212,615.159644611869,-6868.96839371625,7969.27249682023,8574.91112912409,7485.96745181634,7902.28720331264
32006.1016426042,-0.25928899495058,0.60546289969588,0.6966895931786,-0.284266608918481,-568.840209222616,728.884866451474,-6866.7919513803,7970.26654838956,8572.76703347716,7487.95676166143,7901.73135095597
32027.3017099299,-0.266270778589358,0.602425218021256,0.69992648243848,-0.276200377158966,-455.899310685888,842.219652976497,-6860.92711233944,7971.30746985897,8570.70465587438,7489.86821838153,7901.11357027226
32048.5017772555,-0.273219672388063,0.599305892964836,0.703071112804417,-0.268094139469213,-342.714073603735,955.103036300889,-6851.37490272803,7972.39474344978,8568.72467855558,7491.70130476507,7900.43412585416
32069.7018445811,-0.28013475932167,0.596105223507952,0.706122980491965,-0.259948871025572,-229.34505229916,1067.47421195818,-6838.13827193552,7973.52778735354,8566.82774736366,7493.45555891859,7899.69333278086
32090.9019119067,-0.287015122536023,0.592823518378607,0.709081589735883,-0.25176555481335,-115.852969485736,1179.27256900216,-6821.22209585381,7974.70595793019,8565.01447437939,7495.13057144993,7898.89155423497
32112.1019792323,-0.293859845417974,0.589461096163561,0.711946452936494,-0.243545181663944,-2.29868694282355,1290.43772018973,-6800.63317934412,7975.92855189985,8563.28544057734,7496.72598267746,7898.02919907634
32133.3020465579,-0.300668011670679,0.586018285421467,0.714717090810954,-0.235288750288684,111.256824031016,1400.90953223935,-6776.38025791169,7977.19480853609,8561.64119851647,7498.24147985156,7897.1067193631
32154.5021138835,-0.307438705394126,0.582495424796906,0.717393032549401,-0.226997267309167,224.752512381819,1510.62815615828,-6748.47399857643,7978.50391187043,8560.08227507977,7499.67679437378,7896.12460780873
32175.7021812091,-0.314171011170992,0.578892863135107,0.719973815975881,-0.218671747283828,338.127277276256,1619.53405763109,-6716.92699992686,7979.85499291841,8558.60917427704,7501.03169899908,7895.08339516298
32196.9022485347,-0.320864014157914,0.575210959597171,0.722458987713999,-0.210313212730526,451.319998284504,1727.56804746167,-6681.7537913447,7981.24713193947,8557.22238012552,7502.30600500608,7893.98364750321
32218.1023158603,-0.327516800182251,0.571450083775596,0.724848103357186,-0.201922694144899,564.269565764103,1834.67131206017,-6642.97083138665,7982.67936074355,8555.92235962294,7503.49955932026,7892.82596342098
32239.3023831859,-0.334128455844405,0.567610615809897,0.727140727643494,-0.193501230014263,676.914911438437,1940.785443966,-6600.59650531001,7984.15066505983,8554.7095658283,7504.61224157408,7891.61097108792
32260.5024505115,-0.340698068625771,0.5636929465021,0.729336434634816,-0.185049866826823,789.195039162988,2045.8524723972,-6554.65112172811,7985.65998698412,8553.5844410659,7505.64396108764,7890.33932518238
32281.7025178371,-0.347224727002357,0.559697477431919,0.731434807900394,-0.176569659075955,901.04905587191,2149.81489381606,-6505.15690838147,7987.20622752378,8552.54742026824,7506.59465375302,7889.01170365721
32302.9025851627,-0.353707520564144,0.555624621071356,0.733435440704526,-0.168061669259339,1012.41620269691,2252.61570250009,-6452.13800701036,7988.78824926131,8551.59893447432,7507.46427880438,7887.62880432678
32324.1026524883,-0.360145540140206,0.551474800898536,0.735337936198299,-0.159526967872727,1123.23588624976,2354.19842110681,-6395.62046731426,7990.40487916018,8550.73941449946,7508.25281545569,7886.19134124923
32345.3027198139,-0.366537877929631,0.547248451510515,0.737141907615237,-0.150966633398099,1233.44771005921,2454.50713122024,-6335.63223998344,7992.05491153937,8549.96929479369,7508.96025938635,7884.70004087751
32366.5027871395,-0.372883627638262,0.542946018734844,0.738846978470695,-0.142381752286019,1342.99150615213,2553.48650386607,-6272.20316878812,7993.73711124642,8549.2890175054,7509.58661905501,7883.15563795051
32387.7028544651,-0.379181884621274,0.538567959739632,0.740452782764846,-0.133773418931956,1451.80736676846,2651.08182998197,-6205.3649817104,7995.45021706204,8548.69903676719,7510.13191182041,7881.5588710924
32408.9029217907,-0.385431746031586,0.534114743141879,0.741958965189093,-0.125142735646373,1559.83567619821,2747.23905082859,-6135.15128110425,7997.19294537379,8548.1998232206,7510.59615984745,7879.91047808588
32430.1029891163,-0.391632310974107,0.529586849113812,0.743365181335724,-0.116490812618384,1667.01714272859,2841.90478832619,-6061.59753286903,7998.96399416011,8547.79186879563,7510.97938577617,7878.21119078166
32451.3030564419,-0.397782680665793,0.524984769486983,0.744671097910636,-0.107818767872772,1773.29283068805,2935.02637530093,-5984.74105462214,8000.76204733143,8547.4756917606,7511.2816081302,7876.46172960325
32472.5031237675,-0.403881958601502,0.520309007853857,0.745876392948931,-0.0991277272201955,1878.60419257366,3026.55188562426,-5904.62100285656,8002.58577948,8547.25184205565,7511.50283644129,7874.6627976029
32493.7031910931,-0.409929250725595,0.515560079666644,0.746980756033175,-0.0904188242003958,1982.89310124698,3116.43016422786,-5821.27835906948,8004.43386109619,8547.12090692214,7511.64306606612,7872.8150740213
32514.9032584187,-0.415923665609239,0.510738512333092,0.74798388851414,-0.0816932000182377,2086.10188218327,3204.61085697605,-5734.7559148486,8006.30496431495,8547.08351683647,7511.70227267189,7870.91920729992
32536.1033257443,-0.421864314633376,0.505844845308978,0.748885503733786,-0.0729520034724246,2188.17334575749,3291.04444037661,-5645.09825590275,8008.19776926312,8547.14035175336,7511.68040636791,7868.97580749214
32557.3033930699,-0.427750312177252,0.500879630187022,0.749685327250291,-0.0641963908767439,2289.05081955013,3375.6822511103,-5552.35174502479,8010.11097108519,8547.29214765859,7511.57738546219,7866.98543801646
32578.5034603955,-0.433580775812473,0.495843430781942,0.750383097064881,-0.0554275259737054,2388.67818065481,3458.47651535855,-5456.56450397437,8012.04328773274,8547.53970342409,7511.39308982398,7864.94860669243
32599.7035277211,-0.439354826502464,0.490736823211368,0.750978563850255,-0.0466465798404572,2486.99988796881,3539.38037790818,-5357.78639426967,8013.9934686097,8547.8838879499,7511.1273538373,7862.86575599915
32620.9035950467,-0.445071588807266,0.485560395972335,0.75147149118035,-0.0378547307868759,2583.96101444684,3618.34793101097,-5256.06899687737,8015.96030417388,8548.32564756643,7510.77995893544,7860.73725249559
32642.1036623723,-0.450730191093546,0.480314750013049,0.75186165576121,-0.0290531642457487,2679.50727929753,3695.33424297568,-5151.46559079133,8017.94263660129,8548.86601365659,7510.35062571356,7858.56337534373
32663.3037296979,-0.456329765749726,0.475000498799643,0.752148847662732,-0.0202430726549826,2773.58508010107,3770.29538646894,-5044.03113049111,8019.93937162674,8549.50611043996,7509.83900562613,7856.34430387897
32684.5037970235,-0.461869449405969,0.469618268377628,0.752332870551105,-0.0114256553317141,2866.141524826,3843.18846650104,-4933.82222227254,8021.94949173911,8550.24716285359,7509.24467226513,7854.0801041264
32705.7038643491,-0.467348383115145,0.46416869742743,0.752413541949157,-0.00260211831158472,2957.12446372196,3913.97164807204,-4820.89709944362,8023.97207924401,8551.09050624343,7508.56710910008,7851.77070687267
32726.9039316747,-0.472765711168825,0.458652437284806,0.752390694368486,0.00622632664172609,3046.48252106449,3982.60418345283,-4705.31559638022,8026.00697291428,8552.03773533142,7507.80545745327,7849.41533007927
32748.1039990003,-0.478120585446126,0.453070152021924,0.7522641729549,0.0150584596810268,3134.16512672749,4049.04643907547,-4587.13912143697,8028.0538940901,8553.09052708623,7506.95883384997,7847.01324167375
32769.3040663259,-0.483412162131587,0.447422518497528,0.752033837907114,0.0238930552104601,3220.12254755766,4113.25992200639,-4466.4306287104,8030.11234348752,8554.25061500532,7506.02637120217,7844.56385135007
32790.5041336515,-0.48863960253943,0.441710226364483,0.751699564360207,0.0327288816768983,3304.3059185252,4175.20730597573,-4343.25458865247,8032.1819971156,8555.51987192308,7505.00707278242,7842.06636433803
32811.7042009771,-0.493802073640482,0.435933978094952,0.751261242440908,0.0415647015725372,3386.66727362358,4234.85245693548,-4217.67695753409,8034.26272063867,8556.90031272597,7503.89980634049,7839.51976974865
32832.9042683027,-0.498898748319777,0.430094488996324,0.750718777493216,0.050399271612218,3467.15957649137,4292.16045811904,-4089.76514575993,8036.35459417501,8558.39409753949,7502.70329530166,7836.92282079611
32854.1043356283,-0.503928805633338,0.424192487219302,0.750072090305612,0.0592313429210404,3545.73675072783,4347.09763457406,-3959.58798503701,8038.4579391168,8560.00353289516,7501.41611072469,7834.27401451028
32875.3044029539,-0.508891431069269,0.41822871375804,0.749321117336198,0.0680596612289447,3622.35370987379,4399.63157714057,-3827.21569440138,8040.57334669087,8561.73107026259,7500.03666448287,7831.57157145404
32896.5044702795,-0.513785816813348,0.412203922442106,0.748465810935278,0.0768829670719038,3696.96638702878,4449.7311658459,-3692.71984510894,8042.70170803794,8563.57930127113,7498.56320415723,7828.81341594463
32917.7045376051,-0.518611162019282,0.40611887992011,0.747506139564852,0.0856999959993968,3769.53176407485,4497.36659268801,-3556.1733243979,8044.84424546161,8565.55094884438,7496.9938102283,7825.99715742284
32938.9046049307,-0.523366673083842,0.39997436563488,0.746442088014455,0.094509478787829,3840.00790047712,4542.50938377856,-3417.65029813241,8047.00254433793,8567.64885336832,7495.32639625869,7823.12007378456
32960.1046722563,-0.528051563927177,0.393771171790164,0.745273657612653,0.103310141659575,3908.35396163078,4585.13242081717,-3277.22617233848,8049.17858498138,8569.87595291803,7493.55871286995,7820.17909768409
32981.3047395819,-0.532665056278683,0.387510103308943,0.744000866433413,0.112100706507366,3974.53024672412,4625.2099618684,-3134.97755364532,8051.37477352924,8572.23525648742,7491.68835642765,7817.17080703363
33002.5048069075,-0.537206379968831,0.381191977783559,0.742623749496427,0.120879891123835,4038.49821608661,4662.71766141289,-2990.98220864699,8053.59397063804,8574.72980911451,7489.71278344896,7814.09142115211
33023.7048742331,-0.541674773227465,0.374817625418036,0.741142358960323,0.129646409436154,4100.22051799138,4697.63258964486,-2845.31902220118,8055.83951648225,8577.36264778751,7487.62933182832,7810.93680424969
33044.9049415587,-0.54606948298887,0.36838788896312,0.739556764307664,0.138398971745969,4159.66101488088,4729.93325098762,-2698.06795468389,8058.11525025599,8580.13674708221,7485.43525000694,7807.7024781206
33066.1050088843,-0.550389765204256,0.361903623644813,0.737867052520252,0.147136284974961,4216.7848089849,4759.5996018,-2549.30999822065,8060.42552213755,8583.0549536496,7483.12773516499,7804.38364601699
33087.3050762099,-0.554634885162853,0.355365697087597,0.736073328242551,0.155857052916349,4271.55826729999,4786.61306724636,-2399.127131917,8062.77519447741,8586.11990873839,7480.70398176038,7800.97523056343
33108.5051435355,-0.558804117818864,0.348774989232943,0.734175713933822,0.164559976494905,4323.94904589945,4810.9565573037,-2247.60227611267,8065.16963056764,8589.33395874042,7478.16124084886,7797.47192694453
33129.7052108611,-0.56289674812714,0.342132392255062,0.732174350005084,0.173243754035617,4373.92611354346,4832.61448187992,-2094.81924568603,8067.61466746254,8592.69905394915,7475.49689093501,7793.86827395526
33150.9052781867,-0.566912071385213,0.335438810475089,0.730069394940606,0.181907081543966,4421.45977455902,4851.5727650179,-1940.86270243736,8070.11656997435,8596.21663660417,7472.70852038327,7790.15874456653
33172.1053455123,-0.570849393580532,0.328695160275204,0.727861025402599,0.190548653000418,4466.52169095992,4867.81885816088,-1785.81810658109,8072.68196314995,8599.88752021491,7469.79402078122,7786.33785707146
33193.3054128379,-0.574708031740654,0.321902370013997,0.725549436318368,0.19916716067227,4509.08490377717,4881.34175245538,-1629.77166737941,8075.31774097876,8603.71176322927,7466.75168984794,7782.40030701585
33214.5054801635,-0.578487314283234,0.315061379944047,0.723134840949883,0.207761295446266,4549.12385357127,4892.13199006882,-1472.81029295134,8078.03094990243,8607.68854129901,7463.58034151611,7778.34111891313
33235.7055474892,-0.582186581361761,0.308173142132058,0.720617470946606,0.21632974718535,4586.61440009788,4900.18167450006,-1315.02153929313,8080.82864688847,8611.81602359758,7460.279419751,7774.15581524736
33256.9056148148,-0.585805185202081,0.301238620381076,0.717997576383439,0.224871205112545,4621.53384109944,4905.48447986189,-1156.49355854767,8083.71773339498,8616.09125974394,7456.84911158144,7769.84059853853
33278.1056821404,-0.589342490424168,0.294258790153244,0.715275425786857,0.233384358223981,4653.8609301959,4908.03565911598,-997.315046562421,8086.70476843849,8620.51008472019,7453.29045382314,7765.39254039737
33299.305749466,-0.592797874343381,0.287234638490296,0.712451306153363,0.241867895731712,4683.57589384872,4907.83205124148,-837.575189776911,8089.79576606668,8625.06704956687,7449.60542721281,7760.80976970684
33320.5058167916,-0.596170727245768,0.280167163927794,0.709525522965409,0.250320507534984,4710.66044737304,4904.87208732027,-677.363611482393,8092.99598464939,8629.7553854265,7445.79703129847,7756.09165055613
33341.7058841172,-0.599460452633019,0.273057376397969,0.706498400210425,0.258740884716319,4735.09780997412,4899.1557955226,-516.770317498006,8096.30971729086,8634.56700755076,7441.86933359005,7751.23893957213
33362.9059514428,-0.602666467434368,0.2659062971153,0.703370280408636,0.267127720056317,4756.87271878504,4890.68480497869,-355.885641309013,8099.74009406046,8639.49256413006,7437.82748727018,7746.25391208213
33384.1060187684,-0.605788202185135,0.258714958438761,0.700141524654598,0.275479708558847,4775.97144188391,4879.46234852296,-194.800188714171,8103.28890736637,8644.52153229098,7433.67771323255,7741.14044728546
33405.306086094,-0.60882510117433,0.251484403705167,0.696812512675972,0.283795547976571,4792.38179027,4865.49326429917,-33.6047820305424,8106.95647144671,8649.64236050796,7429.42724429435,7735.90406439162
33426.5061534196,-0.611776622566571,0.244215687029271,0.693383642910939,0.292073939326012,4806.09312877945,4848.78399621615,127.609596094768,8110.74152552346,8654.84265327811,7425.08423195859,7730.55190443616
33447.7062207452,-0.614642237239994,0.236909872507535,0.689855333736965,0.300313587810708,4817.09638592251,4829.34259324554,288.751859215361,8114.64166430442,8660.10949674504,7420.65743768643,7725.09223722518
33468.9062880708,-0.617421431728837,0.229568035157836,0.686228021059918,0.308513202291041,4825.38406262579,4807.17870755425,449.730873907168,8118.65326549756,8665.42969863183,7416.1560954954,7719.53440024311
33490.1063553964,-0.620113707369284,0.222191260281062,0.682502159228836,0.316671496089264,4830.95023986424,4782.30359146628,610.45551682868,8122.7702932383,8670.78976482775,7411.59021272971,7713.88972900483
33511.306422722,-0.622718578861111,0.214780642418914,0.678678222552597,0.324787187887951,4833.79058516914,4754.73009324983,770.834731966455,8126.98527615568,8676.17633409445,7406.97006453107,7708.17058617216
33532.5064900476,-0.625235575289841,0.207337285381643,0.674756704614693,0.332859001771128,4833.90235799992,4724.47265172775,930.777588012027,8131.2894613366,8681.57641789312,7402.30600597454,7702.39012310355
33553.7065573732,-0.627664240300382,0.199862301888223,0.670738118344435,0.340885667536569,4831.28441396913,4691.5472897105,1090.19333581587,8135.67300458267,8686.9776165526,7397.60829050858,7696.56202532818
33574.9066246988,-0.630004132276357,0.192356813190135,0.666622996082835,0.348865920989132,4825.93720791151,4655.97160625297,1248.9914658636,8140.12518365995,8692.36830171916,7392.88690450375,7690.70025691231
33596.1066920244,-0.632254824545203,0.184821948695021,0.662411889618923,0.356798504216844,4817.86279578967,4617.7647677379,1407.08176571935,8144.63462192275,8697.73775902254,7388.15142475464,7684.81881643889
33617.30675935,-0.634415905606079,0.177258845595958,0.658105370192786,0.364682165858743,4807.06483543052,4576.94749779044,1564.37437738097,8149.18951099309,8703.07628821629,7383.41090332927,7678.93151470235
33638.5068266756,-0.636486979375238,0.169668648510231,0.65370402846419,0.372515661373032,4793.54858608842,4533.54206603007,1720.77985449184,8153.77782264307,8708.37526103754,7378.67378189452,7673.05178163122
33659.7068940012,-0.638467665442375,0.162052509129677,0.649208474447641,0.380297753312726,4777.32090683233,4487.57227566762,1876.20921935399,8158.38750205632,8713.62713956238,7373.94783554413,7667.19250714687
33680.9069613268,-0.640357599331075,0.154411585882991,0.644619337416307,0.388027211614087,4758.39025375624,4439.06344995716,2030.57401968742,8163.00663695027,8718.82545973729,7369.24014439606,7661.36591795124
33702.1070286524,-0.642156432756861,0.146747043609052,0.639937265778255,0.395702813901085,4736.76667601363,4388.04241751368,2183.78638508105,8167.62359934849,8723.96478598,7364.55708991217,7655.58348985485
33723.307095978,-0.643863833877156,0.139060053239358,0.635162926928976,0.403323345807174,4712.46181067847,4334.53749650937,2335.75908308082,8172.22715888568,8729.04064329338,7359.90437205741,7649.85589336219
33744.5071633036,-0.645479487528633,0.13135179148711,0.63029700708423,0.410887601313988,4685.48887643688,4278.57847776287,2486.4055748613,8176.80656826787,8734.0494333216,7355.28704302672,7644.19296888592
33765.7072306292,-0.64700309544864,0.12362344054031,0.625340211096955,0.418394383105306,4655.8626661151,4220.1966067373,2635.64007042779,8181.35162282661,8738.98834033118,7350.70955325476,7638.60372715392
33786.9072979548,-0.648434376478602,0.115876187756329,0.620293262261462,0.425842502933773,4623.59953805132,4159.42456446434,2783.37758329646,8185.85269699519,8743.85523236493,7346.17580569514,7633.09637003845
33808.1073652804,-0.649773066748301,0.1081112253557,0.615156902107541,0.433230781997366,4588.71740632011,4096.2964474132,2929.53398460131,8190.3007610344,8748.64856192684,7341.68921481612,7627.67832707992
33829.307432606,-0.651018919840809,0.100329750113339,0.60993189018644,0.440558051322522,4551.23572982008,4030.84774632464,3074.0260565775,8194.68738151026,8753.36726962147,7337.25276732316,7622.35630329619
33850.5074999316,-0.652171706938409,0.0925329630458006,0.604619003850098,0.447823152150848,4511.17550023679,3963.11532403133,3216.77154537162,8199.00470895234,8758.01069327201,7332.8690822153,7617.13633436297
33871.7075672572,-0.653231216950303,0.0847220690936763,0.599219038024521,0.455024936326659,4468.55922889426,3893.13739228761,3357.68921313107,8203.24545587521,8762.57848423409,7328.5404683589,7612.02384583586
33892.9076345828,-0.654197256623095,0.0768982767986208,0.593732804977747,0.4621622666829,4423.41093251015,3820.95348763231,3496.69888932548,8207.4028679912,8767.07053193343,7324.26897828581,7607.02371369671
33914.1077019084,-0.655069650635164,0.0690627979748332,0.588161134082587,0.469234017423393,4375.75611787081,3746.60444630984,3633.72152125484,8211.47069103716,8771.48689709748,7320.05645737462,7602.14032409536
33935.307769234,-0.655848241676032,0.0612168473751065,0.582504871574096,0.476239074499725,4325.62176544385,3670.13237827576,3768.67922370037,8215.44313522026,8775.82775372018,7315.90458794454,7597.37763069435
33956.5078365596,-0.656532890511769,0.0533616423517569,0.576764880301615,0.483176335981439,4273.03631194712,3591.58064031386,3901.49532767553,8219.31483888847,8780.09333948243,7311.81492808492,7592.73920849177
33977.7079038852,-0.657123476037358,0.0454984025128941,0.570942039475139,0.490044712418492,4218.02963189415,3510.99380829289,4032.09442823647,8223.08083266609,8784.28391413422,7307.78894526449,7588.2283033881
33998.9079712108,-0.657619895316859,0.0376283493745899,0.565037244405806,0.496843127195175,4160.63301813739,3428.41764859195,4160.40243131245,8226.73650497579,8788.39972520746,7303.82804492339,7583.84787708086
34020.1080385364,-0.658022063612025,0.0297527060095614,0.55905140624024,0.503570516874937,4100.8791614314,3343.89908872407,4286.34659951897,8230.27756959706,8792.44098035669,7299.93359435737,7579.60064711831
34041.308105862,-0.658329914399972,0.0218726966930095,0.552985451688601,0.510225831535659,4038.80212903952,3257.48618718853,4409.85559691751,8233.70003568748,8796.40782559967,7296.10694226936,7575.48912213172
34062.5081731876,-0.658543399380345,0.013989546546261,0.546840322746193,0.516808035095091,3974.43734240813,3169.22810258285,4530.85953268819,8237.00018051391,8800.30032874032,7292.34943439597,7571.51563240169
34083.7082405132,-0.658662488472354,0.00610448117884538,0.540616976408569,0.523316105626227,3907.82155393377,3079.17506200604,4649.29000368293,8240.17452500043,8804.1184672895,7288.66242562632,7567.6823560081
34104.9083078388,-0.658687168691718,-0.00178127476853141,0.534316385746078,0.529749035661543,3838.99282284886,2987.37832878514,4765.08013582889,8243.22038182895,8807.86225125036,7285.04706940218,7563.9908387088
34126.1083751644,-0.658617446882208,-0.00966649532277858,0.52793953625264,0.536105832454641,3767.99049025304,2893.89016955737,4878.16462435365,8246.13547095692,8811.53165105675,7281.50445038006,7560.44232982725
34147.30844249,-0.658453348110731,-0.0175499549796379,0.521487427414192,0.542385518327056,3694.85515331697,2798.76382074069,4988.47977280568,8248.91691589139,8815.126364933,7278.03597258119,7557.03866779046
34168.5085098156,-0.658194914969377,-0.025430429749469,0.514961073227688,0.54858713092033,3619.62863868697,2702.05345442561,5095.96353084522,8251.56202425291,8818.64598821605,7274.64306622467,7553.78159592161
34189.7085771412,-0.65784220809947,-0.0333066969589725,0.508361501184889,0.554709723453216,3542.35397511846,2603.81414372145,5200.55553078277,8254.06826133044,8822.09001133869,7271.32719411113,7550.67278494939
34210.9086444668,-0.657395306144394,-0.0411775355946359,0.501689751935289,0.560752364974753,3463.07536536748,2504.10182759014,5302.1971228442,8256.43323992986,8825.45782316054,7268.08985074025,7547.71384033005
34232.1087117924,-0.656854305681823,-0.0490417266558421,0.494946878958065,0.56671414060665,3381.83815736909,2402.97327520091,5400.83140914345,8258.65471259794,8828.74871568517,7264.93256000908,7544.90630702947
34253.308779118,-0.656219321146989,-0.0568980535056784,0.48813394822905,0.572594151775032,3298.68881473244,2300.48604983886,5496.40327634532,8260.73056550298,8831.96188978132,7261.85687190199,7542.25167250997
34274.5088464436,-0.655490484747327,-0.0647453022188341,0.48125203788277,0.57839151643155,3213.6748865821,2196.69847240057,5588.8594270031,8262.65881376349,8835.09646168712,7258.86435836025,7539.75136819404
34295.7089137692,-0.654667946368599,-0.0725822619262149,0.474302237869873,0.584105369263823,3126.84497677549,2091.66958450954,5678.14840955715,8264.437598035,8838.15147011219,7255.9566084913,7537.40676964561
34316.9089810948,-0.653751873472656,-0.080407725155926,0.467285649610279,0.589734861895191,3038.24871252652,1985.45911128427,5764.22064698255,8266.06518217668,8841.12588378157,7253.1352232574,7535.21919568525
34338.1090484204,-0.652742450986952,-0.0882204881703003,0.460203385642417,0.595279163073761,2947.93671246539,1878.12742379109,5847.02846407544,8267.53995183209,8844.01860929116,7250.40180976325,7533.18990663365
34359.309115746,-0.651639881185971,-0.0960193512986546,0.453056569268884,0.600737458850726,2855.96055416452,1769.73550121402,5926.52611336956,8268.86041377108,8846.82849916549,7247.75797524675,7531.32010185706
34380.5091830716,-0.650444383564721,-0.103803119265488,0.445846334198919,0.606108952747978,2762.37274116053,1660.34489277321,6002.66979967578,8270.02519585323,8849.55436002736,7245.20532086153,7529.61091676882
34401.7092503973,-0.649156194704468,-0.111570601513835,0.43857382418804,0.611392865914981,2667.22666950218,1550.01767942308,6075.41770323927,8271.0330474858,8852.19496080431,7242.74543532772,7528.06341942308
34422.9093177228,-0.647775568130882,-0.119320612523523,0.431240192675226,0.616588437274944,2570.57659385365,1438.81643536117,6144.73000151028,8271.88284046168,8854.7490409101,7240.37988851604,7526.67860682108
34444.1093850485,-0.646302774164796,-0.127051972124075,0.423846602418011,0.621694923660295,2472.47759318281,1326.80418937777,6210.56888952586,8272.57357007489,8857.21531835044,7238.11022502081,7525.45740103488
34465.3094523741,-0.644738099765761,-0.134763505802028,0.416394225125866,0.626711599937493,2372.98553606338,1214.04438607611,6272.89859890158,8273.10435642242,8859.59249771169,7235.93795776886,7524.40064524003
34486.5095196997,-0.643081848368628,-0.142454045002445,0.408884241092235,0.631637759121205,2272.15704561995,1100.60084699243,6331.68541543305,8273.47444581185,8861.87927799876,7233.86456170403,7523.50909973678
34507.7095870253,-0.64133433971335,-0.150122427424423,0.401317838825594,0.636472712477915,2170.04946414427,986.537731644363,6386.89769530895,8273.68321220431,8864.07436029566,7231.89146758068,7522.78343802746
34528.9096543509,-0.639495909668252,-0.157767497310385,0.39369621467989,0.641215789619,2066.7208174109,871.919498535785,6438.50587993785,8273.73015863193,8866.17645522696,7230.02005589365,7522.22424300832
34550.1097216765,-0.637566910046988,-0.165388105728988,0.386020572484732,0.645866338583358,1962.22977872004,756.810866145427,6486.48250939274,8273.61491853733,8868.18429020399,7228.25165096739,7521.83200332427
34571.3097890021,-0.635547708419424,-0.172983110851484,0.378292123175667,0.650423725909663,1856.63563269475,641.276773926141,6530.80223447775,8273.33725699153,8870.09661644279,7226.58751522244,7521.60710992691
34592.5098563277,-0.63343868791671,-0.18055137822136,0.370512084424906,0.654887336698333,1749.99823885938,525.382343340875,6571.44182742311,8272.89707175363,8871.91221574503,7225.02884363355,7521.54985286844
34613.7099236533,-0.631240247030766,-0.188091781017128,0.362681680272832,0.659256574663324,1642.37799502574,409.192838960905,6608.38019121476,8272.29439414342,8873.62990703549,7223.57675839006,7521.66041835706
34634.9099909789,-0.628952799408464,-0.195603200308132,0.354802140760617,0.663530862173837,1533.83580051286,292.773629651191,6641.59836756629,8271.52938970417,8875.24855265271,7222.23230376607,7521.93888609309
34656.1100583045,-0.62657677364075,-0.203084525303249,0.346874701564287,0.667709640286096,1424.43301922573,176.190149867085,6671.07954354154,8270.60235863933,8876.7670643914,7220.99644120498,7522.38522689927
34677.3101256301,-0.624112613046973,-0.21053465359238,0.338900603630542,0.671792368765284,1314.23144261815,59.5078610859718,6696.80905683697,8269.5137360124,8878.1844092972,7219.87004462026,7522.99930065324
34698.5101929557,-0.621560775454689,-0.217952491380633,0.330881092814631,0.675778526097816,1203.29325256398,-57.207786603161,6718.77439973363,8268.26409170468,8879.49961521665,7218.85389591194,7523.78085452541
34719.7102602813,-0.618921732975217,-0.225336953715118,0.322817419520611,0.679667609494081,1091.68098416094,-173.891392729906,6736.96522172917,8266.85413013026,8880.71177610604,7217.94868069583,7524.72952152079
34740.9103276069,-0.616195971771994,-0.232686964711084,0.314710838350416,0.68345913487954,979.457488490265,-290.477644470614,6751.37333086095,8265.28469105486,8881.82005741713,7217.15498372194,7525.84481813389
34762.1103949325,-0.613383991018748,-0.240001459539833,0.30656260934397,0.687152636270049,866.685895355442,-406.901354453413,6761.9926937319,8263.55753474144,8882.82388694852,7216.47297769954,7527.1254491479
34783.3104622581,-0.61048630492796,-0.247279379797943,0.298373993245425,0.690747667369879,753.4295760224,-523.097498319499,6768.81943425117,8261.67439205746,8883.72275315932,7215.9027745156,7528.57014084594
34804.5105295837,-0.607503440677206,-0.254519677480619,0.290146254626365,0.694243800308516,639.752105983167,-639.001252020816,6771.85183110227,8259.63646420698,8884.51608377752,7215.44462491713,7530.17808233178
34825.7105969093,-0.604435938306556,-0.261721314966468,0.281880661326341,0.697640625641827,525.7172277647,-754.548028834539,6771.0903139515,8257.44509471024,8885.20339812521,7215.0986607745,7531.94833442433
34846.9106642349,-0.601284350713992,-0.268883264688707,0.273578483649842,0.700937752472107,411.388813803977,-869.673516075486,6766.5374584103,8255.10175142729,8885.78430682214,7214.86489856127,7533.87984460086
34868.1107315605,-0.598049243413177,-0.276004509298948,0.265240994021832,0.704134808392458,296.830829410074,-984.313711488039,6758.19797976512,8252.6080247935,8886.25851554203,7214.74323642903,7535.97144743941
34889.3107988861,-0.594731194284798,-0.283084041833022,0.256869466656376,0.707231439419747,182.10729583347,-1098.40495929967,6746.07872548889,8249.96562628872,8886.62582870119,7214.73345126434,7538.22186492045
34910.5108662117,-0.591330793326008,-0.290120865869326,0.248465177230014,0.710227309919665,67.282253462464,-1211.88398591865,6730.18866654855,8247.17638683983,8886.88615301129,7214.83519584001,7540.62970685481
34931.7109335373,-0.587848642398299,-0.297113995679535,0.240029402559965,0.713122102524192,-47.5802748338396,-1324.68793525888,6710.5388875233,8244.24225518027,8887.03950090974,7215.04799604477,7543.19347141495
34952.9110008629,-0.584285354974069,-0.3040624563717,0.231563420287309,0.715915518041673,-162.416320196887,-1436.7544036754,6687.14257554842,8241.16529619763,8887.08599388312,7215.37124817298,7545.91154573914
34974.1110681885,-0.580641555882147,-0.310965284025779,0.223068508565351,0.718607275359745,-277.162004085647,-1548.02147449433,6660.01500809999,8237.9476893032,8887.02586569987,7215.80421625387,7548.78220657642
34995.3111355141,-0.576917881052509,-0.31782152582164,0.214545945753311,0.721197111341348,-391.753574380831,-1658.42775212158,6629.17353963582,8234.59172685885,8886.85946556914,7216.34602939997,7551.80362093814
35016.5112028397,-0.573114977260452,-0.324630240159588,0.205997010115515,0.723684780714054,-506.127441268314,-1767.9123957149,6594.63758710821,8231.0998126987,8886.58726124314,7216.99567915307,7554.97384672026
35037.7112701653,-0.56923350187046,-0.331390496773494,0.197422979526215,0.726070055952938,-620.220212884041,-1876.41515240437,6556.42861436464,8227.47446078505,8886.20984208057,7217.75201680566,7558.29083325897
35058.9113374909,-0.565274122579998,-0.338101376836581,0.188825131180184,0.728352727157253,-733.968730703009,-1983.87639004653,6514.5701154522,8223.71829403953,8885.72792208941,7218.61375067525,7561.75242178004
35080.1114048165,-0.561237517163399,-0.344761973060291,0.180204741309457,0.730532601920976,-847.310104655167,-2090.23712949803,6469.08759684227,8219.83404348372,8885.14234298856,7219.57944327327,7565.35634562064
35101.3114721421,-0.557124373216257,-0.351371389785604,0.171563084905787,0.73260950519778,-960.181747951443,-2195.43907639461,6420.00855859187,8215.82454796712,8884.4540773658,7220.64750825054,7569.10022997402
35122.5115394677,-0.552935387900888,-0.357928743065382,0.162901435447763,0.73458327916145,-1072.52141160324,-2299.42465242192,6367.36247445846,8211.6927527354,8883.66423152312,7221.81620780104,7572.98159269705
35143.7116067933,-0.548671267691501,-0.36443316074423,0.15422106463761,0.736453783058933,-1184.26721861916,-2402.13702606463,6311.18077098521,8207.44170986904,8882.77404871645,7223.08364934875,7576.99784350512
35164.9116741189,-0.54433272812134,-0.370883782528038,0.145523242141579,0.738220893059982,-1295.35769786278,-2503.52014282087,6251.49680557381,8203.0745787762,8881.78491238574,7224.44778220736,7581.14628315058
35186.1117414445,-0.539920493530877,-0.377279760047577,0.136809235337338,0.739884502101666,-1405.73181755572,-2603.51875486906,6188.34584356238,8198.59462705156,8880.69834944761,7225.9063940962,7585.42410230521
35207.3118087701,-0.535435296817471,-0.383620256915499,0.128080309067826,0.741444519728323,-1515.32901841036,-2702.07845017478,6121.76503432611,8194.00523185853,8879.51603368691,7227.45710745493,7589.82838000535
35228.5118760957,-0.530877879186714,-0.389904448776821,0.119337725401555,0.742900871927233,-1624.08924637676,-2799.1456810253,6051.79338641845,8189.30988189187,8878.239789259,7229.09737554049,7594.35608160487
35249.7119434213,-0.526248989905654,-0.396131523352999,0.11058274339943,0.744253500960235,-1731.95298498876,-2894.66779197977,5978.47174177125,8184.5121799817,8876.87159431299,7230.82447829181,7599.00405617786
35270.9120107469,-0.521549386058108,-0.402300680479739,0.101816618888082,0.745502365191519,-1838.86128729412,-2988.59304722353,5901.84274897216,8179.61584640294,8875.4135847423,7232.63551795159,7603.76903331018
35292.1120780725,-0.51677983230223,-0.408411132138671,0.0930406042397579,0.746647438911826,-1944.75580735415,-3080.87065731494,5821.95083563801,8174.62472295632,8873.86805806509,7234.52741443876,7608.64761921666
35313.3121453981,-0.51194110063054,-0.41446210248303,0.0842559481587458,0.747688712159284,-2049.57883129819,-3171.45080531365,5738.8421799033,8169.5427778894,8872.23747743207,7236.49690047145,7613.6362921185
35334.5122127237,-0.507033970132589,-0.420452827857476,0.0754638954743465,0.748626190537089,-2153.27330791876,-3260.28467227943,5652.56468104304,8164.37411172789,8870.52447575247,7238.5405164472,7618.73139681354
35355.7122800493,-0.502059226760435,-0.426382556812206,0.0666656869403582,0.74945989502826,-2255.78287879318,-3347.32446213102,5563.16792924971,8159.12296408913,8868.73185992149,7240.65460509655,7623.92913837065
35376.9123473749,-0.497017663097119,-0.432250550111492,0.0578625590410437,0.750189861807671,-2357.05190791792,-3432.52342585461,5470.70317458406,8153.79372154975,8866.86261512248,7242.83530593695,7629.22557487863
35398.1124147005,-0.491910078128298,-0.438056080736786,0.0490557438035287,0.750816142051582,-2457.02551084211,-3515.83588505198,5375.22329512028,8148.3909266392,8864.91990916595,7245.07854956789,7634.61660918022
35419.3124820261,-0.486737277006835,-0.443798434042181,0.0402464687198768,0.751338801652929,-2555.64958328668,-3597.2172548187,5276.78276430601,8142.91932210818,8862.90710486979,7247.3800385677,7640.09794939593
35440.5125493517,-0.481500070781615,-0.449476908871486,0.0314359572913125,0.75175792035589,-2652.87082923621,-3676.62406594292,5175.43761755816,8137.38456141243,8860.8279328273,7249.73496554603,7645.66448011825
35461.7126166773,-0.476199276431414,-0.455090813325971,0.0226254261124236,0.752073594035674,-2748.63678849049,-3754.01398641568,5071.2454181159,8131.79195364576,8858.68620455021,7252.13849527959,7651.31136833071
35482.9126840029,-0.470835716347319,-0.460639468979649,0.0138160875011671,0.752285932047126,-2842.89586366334,-3829.34584224421,4964.26522217222,8126.14671676306,8856.48586377588,7254.58567430677,7657.033840865
35504.1127513285,-0.465410218221835,-0.46612220976411,0.00500914860581384,0.752395057645631,-2935.59734661631,-3902.57963755973,4854.55754330637,8120.45429596458,8854.23105702658,7257.07131046282,7662.82690451442
35525.3128186541,-0.459923614855684,-0.471538381744166,-0.00379418887548877,0.752401107901198,-3026.69144431526,-3973.67657401174,4742.18431623918,8114.72037451447,8851.92613481318,7259.58997069585,7668.68533597618
35546.5128859797,-0.454376743956425,-0.476887343082759,-0.01259272884258,0.752304233498205,-3116.12930409814,-4042.59906944129,4627.2088599342,8108.95089205121,8849.57565361337,7262.13597726068,7674.60366500359
35567.7129533053,-0.448770447941339,-0.482168464004983,-0.0213852809334292,0.752104598532015,-3203.86303834255,-4109.31077582594,4509.6958400674,8103.15206435209,8847.18437680183,7264.70340500814,7680.57615619248
35588.9130206309,-0.443105573744921,-0.487381126757665,-0.0301706606591049,0.751802380304829,-3289.84574852215,-4173.77659648966,4389.71123088896,8097.33040434272,8844.75727419392,7267.28608018626,7686.59678957993
35610.1130879566,-0.437382972631068,-0.492524725564427,-0.0389476895338756,0.751397769121036,-3374.03154864114,-4235.96270257114,4267.32227650064,8091.49274419466,8842.29951983479,7269.87758119911,7692.65924018576
35631.3131552822,-0.43160350001011,-0.497598666576196,-0.0477151952007261,0.750890968082299,-3456.37558803643,-4295.83654874477,4142.59745157288,8085.64625828285,8839.81648760146,7272.47124185013,7698.75685669104
35652.5132226078,-0.425768015260733,-0.502602367817063,-0.0564720115525942,0.750282192882666,-3536.83407353776,-4353.36688818852,4015.60642152567,8079.79848668269,8837.31374411396,7275.06015768899,7704.88263952924
35673.7132899334,-0.419877381556882,-0.507535259125369,-0.0652169788496553,0.749571671603993,-3615.36429097603,-4408.52378679382,3886.42000219797,8073.95735877543,8834.79703837445,7277.63719618098,7711.02921876469
35694.913357259,-0.413932465699637,-0.512396782089811,-0.0739489438329818,0.74875964451205,-3691.92462603072,-4461.27863661279,3755.11011903035,8068.13121639628,8832.27228747215,7280.19501152558,7717.18883225354
35716.1134245846,-0.407934137954043,-0.517186389980303,-0.0826667598349091,0.74784636385372,-3766.47458440781,-4511.60416853863,3621.74976578613,8062.32883580008,8829.74555760919,7282.72606506212,7723.35330472435
35737.3134919102,-0.401883271890765,-0.521903547673278,-0.0913692868864168,0.746832093655788,-3838.97481133977,-4559.47446421571,3486.41296283612,8056.55944753377,8827.22303962234,7285.2226523121,7729.5140285825
35758.5135592358,-0.395780744232408,-0.526547731571021,-0.100055391821793,0.745717109525885,-3909.38711039987,-4604.86496717601,3349.17471503276,8050.8327530922,8824.71101810374,7287.67693781193,7735.66194743313
35779.7136265614,-0.389627434704181,-0.531118429514584,-0.108723948380776,0.744501698456286,-3977.67446162346,-4647.75249319952,3210.1109691993,8045.15893699501,8822.21583316795,7290.08099897866,7741.7875435326
35800.913693887,-0.383424225888496,-0.535615140689772,-0.117373837308266,0.743186158631346,-4043.80103892931,-4688.11523989632,3069.29857125995,8039.54867266267,8819.74383388313,7292.42688031187,7747.88083061226
35822.1137612126,-0.377172003082927,-0.54003737552565,-0.126003946451532,0.741770799239509,-4107.73222683451,-4725.93279550884,2926.81522303719,8034.01312019584,8817.3013223935,7294.70665925096,7753.93135376637
35843.3138285382,-0.370871654160798,-0.544384655585071,-0.134613170854622,0.740255940290939,-4169.43463645732,-4761.18614693331,2782.73943874241,8028.56391388788,8814.89448782608,7296.91252496016,7759.92819834552
35864.5138958638,-0.364524069433452,-0.548656513446717,-0.143200412849436,0.738641912441962,-4228.87612080221,-4793.85768695982,2637.15050118617,8023.21313704301,8812.52932921293,7299.03687117827,7765.86001003186
35885.7139631894,-0.358130141513101,-0.552852492578347,-0.151764582142526,0.736929056827602,-4286.02578932257,-4823.93122073107,2490.12841773462,8017.97328146006,8810.21156689489,7301.07240402112,7771.71502846994
35906.914030515,-0.351690765174931,-0.5569721472011,-0.160304595896319,0.73511772490356,-4340.85402175648,-4851.3919714204,2341.75387603841,8012.85718880806,8807.94654222389,7303.01226523107,7777.48113695506
35928.1140978406,-0.345206837216991,-0.561015042145094,-0.168819378802933,0.733208278298992,-4393.33248123195,-4876.2265851302,2192.10819956061,8007.87797110772,8805.73910587002,7304.85017080283,7783.14593070313
35949.3141651662,-0.338679256316292,-0.564980752696996,-0.177307863148277,0.731201088681336,-4443.43412663824,-4898.42313501249,2041.27330293014,8003.04890769472,8803.59349568369,7306.58056415094,7788.69680609461
35970.5142324918,-0.332108922879495,-0.568868864440868,-0.185768988863561,0.729096537634207,-4491.13322426056,-4917.9711246137,1889.33164714706,7998.38331643211,8801.51320586949,7308.19878200919,7794.12107295081
35991.7142998174,-0.325496738886722,-0.572678973094349,-0.194201703560887,0.726895016548992,-4536.40535867605,-4934.86149044675,1736.36619466617,7993.89439761769,8799.50085019148,7309.70123006319,7799.40609131271
36012.914367143,-0.318843607727287,-0.576410684343124,-0.202604962549213,0.724596926530172,-4579.2274429094,-4949.08660379329,1582.46036438506,7989.59505004843,8797.55802302254,7311.08556394247,7804.53943330368
36034.1144344686,-0.31215043402667,-0.580063613677587,-0.210977728826869,0.722202678313586,-4619.57772784698,-4960.64027174051,1427.6979865628,7985.49766009024,8795.68516322103,7312.35086969206,7809.50906943968
36055.3145017942,-0.305418123464812,-0.583637386236555,-0.219318973046968,0.719712692195864,-4657.43581090913,-4969.51773745636,1272.16325769517,7981.61386636085,8793.88142698101,7313.49783630411,7814.30357719914
36076.5145691198,-0.298647582586849,-0.587131636663717,-0.227627673452674,0.717127397972034,-4692.78264398051,-4975.71567970849,1115.94069537222,7977.9543047232,8792.14457684055,7314.52891145752,7818.91236781613
36097.7146364454,-0.29183971860862,-0.590546008983051,-0.235902815780451,0.714447234877067,-4725.60054059911,-4979.23221163215,959.115093143673,7974.52834060659,8790.47089480051,7315.44843046673,7823.32592520219
36118.914703771,-0.284995439220885,-0.593880156500013,-0.244143393130912,0.711672651525503,-4755.87318240527,-4980.06687875304,801.771475417366,7971.34379822867,8788.85512787574,7316.26270772517,7827.53604862804
36140.1147710966,-0.278115652396757,-0.597133741732288,-0.252348405810153,0.708804105844343,-4783.58562485207,-4978.22065627141,643.995052415807,7968.40669798349,8787.2904740092,7316.98008019277,7831.53608927547
36161.3148384222,-0.27120126620965,-0.600306436377476,-0.260516861145113,0.705842064989864,-4808.7243021796,-4973.69594561456,485.87117521543,7965.72101503283,8785.76861525736,7317.61089345418,7835.32116917296
36182.5149057478,-0.26425318866885,-0.603397921319331,-0.268647773280897,0.702787005242037,-4831.27703165562,-4966.49657026487,327.485290892873,7963.28847482167,8784.27980372595,7318.16742221061,7838.88836861777
36203.7149730734,-0.257272327579714,-0.60640788667072,-0.276740162970874,0.69963941187166,-4851.23301708605,-4956.62777087126,168.9228978022,7961.10839863147,8782.81300250962,7318.6637211063,7842.23687043621
36224.915040399,-0.250259590436016,-0.609336031851133,-0.284793057371249,0.696399778974584,-4868.58285159893,-4944.09619965245,10.2695010066117,7959.17761248125,8781.35608092386,7319.11540518431,7845.36804921324
36246.1151077246,-0.243215884349959,-0.612182065691327,-0.292805489853646,0.693068609271357,-4883.3185197061,-4928.90991410051,-148.389432112297,7957.49042968229,8779.89605951039,7319.53936401346,7848.28549622193
36267.3151750502,-0.236142116023245,-0.614945706554851,-0.300776499848863,0.689646413873433,-4895.4333986475,-4911.07836999392,-306.968516045059,7956.03871343232,8778.41939650652,7319.95341836568,7850.99497419614
36288.5152423758,-0.229039191759685,-0.61762668246382,-0.308705132733281,0.686133712020429,-4904.92225902306,-4890.61241372959,-465.382491122503,7954.8120209581,8776.91230404207,7320.37593285538,7853.50430035588
36309.7153097014,-0.221908017516617,-0.620224731215145,-0.31659043976623,0.682531030796088,-4911.78126471796,-4867.52427398363,-623.546267239903,7953.797825338,8775.36107969239,7320.8254016348,7855.82316081355
36330.915377027,-0.214749498989244,-0.622739600473667,-0.324431478082429,0.67883890483311,-4916.00797212744,-4841.82755271106,-781.374967315988,7952.9818058307,8773.7524375231,7321.32002659957,7857.9628641619
36352.1154443526,-0.207564541719405,-0.625171047830481,-0.332227310738762,0.675057876018525,-4917.60132868746,-4813.53721549495,-938.783970466209,7952.34819290055,8772.07382262841,7321.87730827448,7859.9360461409
36373.3155116782,-0.200354051218564,-0.627518840817814,-0.33997700680989,0.67118849321153,-4916.56167071833,-4782.66958125588,-1095.68895487027,7951.8801506882,8770.3136944224,7322.51366852052,7861.75634034287
36394.5155790038,-0.193118933094216,-0.629782756875815,-0.347679641523127,0.667231311984682,-4912.89072058844,-4749.24231133262,-1252.00594031444,7951.56017778686,8768.46176643483,7323.24412156415,7863.43803162081
36415.7156463294,-0.185860093169461,-0.63196258327093,-0.355334296420125,0.663186894397188,-4906.5915832059,-4713.27439794554,-1407.65133038988,7951.37050699292,8766.50919377182,7324.08200594765,7864.99570908702
36436.915713655,-0.178578437587074,-0.634058116969579,-0.362940059531561,0.659055808806187,-4897.66874184598,-4674.78615205429,-1562.54195432863,7951.2934861163,8764.44870330665,7325.038785326,7866.44393439968
36458.1157809806,-0.171274872891702,-0.636069164474175,-0.370496025551186,0.654838629718674,-4886.12805332277,-4633.79919062133,-1716.59510845978,7951.31192466944,8762.27466561795,7326.12392114318,7867.7969386872
36479.3158483062,-0.163950306086463,-0.637995541630771,-0.378001295997106,0.650535937683632,-4871.97674251361,-4590.33642329366,-1869.72859726873,7951.40939488683,8759.98311128674,7327.34481562677,7869.06835831754
36500.5159156318,-0.156605644662868,-0.639837073418669,-0.385454979350667,0.646148319221321,-4855.22339624521,-4544.42203851447,-2021.86077404332,7951.57047957783,8757.57169709284,7328.70681965448,7870.27101620102
36521.7159829574,-0.149241796605302,-0.641593593732268,-0.392856191166332,0.641676366784704,-4835.87795655076,-4496.08148907728,-2172.91058109098,7951.78096333814,8755.03962973658,7330.21329713445,7871.41675181322
36542.916050283,-0.141859670373101,-0.643264945164444,-0.400204054149031,0.637120678746891,-4813.9517133072,-4445.34147713479,-2322.79758951211,7952.0279672677,8752.38755590296,7331.86573570508,7872.51629996295
36564.1161176086,-0.134460174864431,-0.644850978799151,-0.40749769819832,0.632481859408059,-4789.45729626246,-4392.22993867494,-2471.44203851504,7952.30003031688,8749.6174278437,7333.66389276436,7873.57921572891
36585.3161849342,-0.127044219366746,-0.64635155401902,-0.414736260420993,0.627760519015573,-4762.4086664624,-4336.77602747676,-2618.76487425906,7952.58714257941,8746.73235331607,7335.60596593927,7874.6138410605
36606.5162522598,-0.11961271349864,-0.647766538331779,-0.42191888511549,0.622957273791758,-4732.82110708734,-4279.01009855859,-2764.68778821241,7952.88073725486,8743.73643786485,7337.68877790235,7875.6273072991
36627.7163195854,-0.112166567147555,-0.649095807217468,-0.429044723732483,0.618072745964708,-4700.71121370848,-4218.96369113116,-2909.13325501279,7953.1736486826,8740.6346262547,7339.90796670796,7876.62556726728
36648.916386911,-0.104706690407181,-0.650339243996984,-0.436112934816498,0.613107563798675,-4666.09688397419,-4156.66951106829,-3052.0245698187,7953.46004392445,8737.43254852374,7342.2581743455,7877.61345049143
36670.1164542366,-0.0972339935176174,-0.651496739721243,-0.443122683933418,0.608062361621611,-4628.9973067367,-4092.16141290759,-3193.28588514046,7953.73533498977,8734.13637477857,7344.73322780982,7878.59473544119
36691.3165215622,-0.0897493868106042,-0.652568193079504,-0.450073143588411,0.6029377798484,-4589.4329506294,-4025.47438139384,-3332.84224714054,7953.99607810256,8730.7526815867,7347.32630853348,7879.57223325918
36712.5165888878,-0.0822537806613588,-0.653553510324889,-0.456963493138241,0.597734464999154,-4547.42555210536,-3956.64451257739,-3470.61963139329,7954.23986553493,8727.28833171083,7350.03010741957,7880.54787820415
36733.7166562134,-0.074748085447934,-0.654452605214912,-0.463792918701323,0.592453069712521,-4502.99810294733,-3885.70899447999,-3606.5449780949,7954.46521458461,8723.75036800392,7352.83696390445,7881.52282084323
36754.916723539,-0.0672332115184654,-0.655265398964819,-0.470560613068173,0.58709425275444,-4456.17483725986,-3812.70608734015,-3740.54622671504,7954.67145733697,8720.1459215532,7355.7389884464,7882.49752083602
36776.1167908646,-0.0597100691662727,-0.655991820211673,-0.477265775614304,0.581658679023026,-4406.9812179538,-3737.67510345034,-3872.55235008207,7954.85863397991,8716.48213361451,7358.72816858303,7883.47183690449
36797.3168581903,-0.0521795686124746,-0.656631804987328,-0.483907612217047,0.576147019550475,-4355.44392273378,-3660.65638659778,-4002.4933878945,7955.02739166608,8712.76609049732,7361.79645924412,7884.44511225015
36818.5169255158,-0.0446426199955851,-0.657185296698684,-0.490485335177298,0.570559951502913,-4301.59082959869,-3581.69129112069,-4130.30047965178,7955.17889025823,8709.00477031745,7364.93585837736,7885.4162542484
36839.7169928415,-0.0371001333674345,-0.657652246113903,-0.496998163146827,0.564898158179097,-4245.45100186579,-3500.82216059153,-4255.90589699812,7955.3147157519,8705.20500040368,7368.13846916974,7886.38380771765
36860.9170601671,-0.029553018694701,-0.658032611353527,-0.503445321061474,0.559162329008846,-4187.05467272817,-3418.09230613868,-4379.24307547348,7955.43680173946,8701.37342409896,7371.39655026026,7887.34602143255
36882.1171274927,-0.0220021859247062,-0.658326357950221,-0.509826040077679,0.553353159475253,-4126.43322935587,-3333.54598441763,-4500.24664566645,7955.54738566042,8697.51648181875,7374.70254509152,7888.30088431402
36903.3171948183,-0.0144485449048188,-0.658533458743262,-0.516139557524532,0.54747135123598,-4063.61919655041,-3247.22837524258,-4618.85246376428,7955.64898015794,8693.64040165176,7378.04909839126,7889.2461484538
36924.5172621439,-0.00689300532011747,-0.658653893804997,-0.52238511685383,0.541517612218461,-3998.64621996237,-3159.1855588892,-4734.99764149543,7955.74417464201,8689.75115490627,7381.42913346806,7890.17950190081
36945.7173294695,0.000663523103279688,-0.658687650646899,-0.528561967588904,0.535492656383733,-3931.54904888159,-3069.46449307896,-4848.62057546095,7955.83566567643,8685.85446545013,7384.83583905403,7891.09854066043
36966.9173967951,0.00822013065404632,-0.658634724142666,-0.534669365291227,0.52939720383151,-3862.36351860941,-2978.11298965493,-4959.66097585089,7955.92621980673,8681.95580726465,7388.26267797998,7892.0008001919
36988.1174641207,0.0157759076172529,-0.658495116534582,-0.540706571527827,0.523231980813082,-3791.1265324218,-2885.17969095929,-5068.0598945427,7956.01863766485,8678.06040435128,7391.70339287555,7892.88378592199
37009.3175314463,0.0233299442518339,-0.658268837445289,-0.546672853843585,0.51699771974366,-3717.87604313258,-2790.71404592171,-5173.75975257859,7956.11572349247,8674.17323324337,7395.15200804944,7893.74499916771
37030.5175987719,0.03088133076701,-0.657955903892057,-0.552567485738338,0.510695159217763,-3642.65103426511,-2694.76628586807,-5276.70436701948,7956.2202593898,8670.29902752331,7398.60282833696,7894.58195905935
37051.7176660975,0.0384291572980752,-0.657556340303573,-0.558389746648626,0.504325044027772,-3565.49150084104,-2597.3874000585,-5376.838977173,7956.33498374769,8666.44228386547,7402.05043554719,7895.39222092205
37072.9177334231,0.045972513881864,-0.657070178539326,-0.56413892193393,0.497888125185671,-3486.43842979415,-2498.62911096318,-5474.11027019374,7956.46257335925,8662.60726920442,7405.48968304546,7896.17339154197
37094.1178007487,0.0535104904321865,-0.656497457911663,-0.569814302867308,0.491385159947953,-3405.53378001719,-2398.54384928448,-5568.46640605369,7956.60562874749,8658.79802869749,7408.91568892174,7896.92314170875
37115.3178680743,0.0610421767154882,-0.655838225210624,-0.575415186630329,0.484816911843634,-3322.82046204932,-2297.18472873319,-5659.85704188141,7956.76666228799,8655.01839421157,7412.32382811963,7897.63921639026
37136.5179353999,0.0685666623269672,-0.655092534731642,-0.580940876312263,0.478184150705303,-3238.34231741146,-2194.60552056682,-5748.23335566817,7956.9480887472,8651.27199311502,7415.70972383557,7898.3194428601
37157.7180027255,0.0760830366673665,-0.654260448306191,-0.586390680913487,0.471487652703092,-3152.14409759659,-2090.86062789717,-5833.54806933987,7957.15221789818,8647.56225720033,7419.06923844139,7898.96173706376
37178.9180700511,0.0835903889206418,-0.653342035335472,-0.591763915353084,0.464728200381456,-3064.2714427217,-1986.00505977426,-5915.75547119323,7957.38124891374,8643.89243160016,7422.39846413449,7899.56410847649
37200.1181373767,0.0910878080326917,-0.652337372827195,-0.597059900480656,0.457906582698635,-2974.77085984792,-1880.09440505356,-5994.811437695,7957.63726627259,8640.26558358995,7425.69371348002,7900.12466367619
37221.3182047023,0.0985743826913308,-0.651246545435533,-0.602277963092353,0.451023595068632,-2883.68970097491,-1773.1848060528,-6070.67345464291,7957.92223694713,8636.68461119682,7428.95150997392,7900.64160882629
37242.5182720279,0.106049201307677,-0.650069645504284,-0.607417435951157,0.444080039405579,-2791.07614071537,-1665.33293200472,-6143.3006376869,7958.23800867083,8633.15225155493,7432.16857872783,7901.11325123888
37263.7183393535,0.113511351999114,-0.648806773113286,-0.61247765781146,0.437076724170307,-2696.97915365532,-1556.5959523116,-6212.65375220941,7958.58630910987,8629.67108896534,7435.34183735243,7901.53800016559
37284.9184066791,0.120959922574,-0.647458036128114,-0.617457973447984,0.430014464418962,-2601.44849140542,-1447.03150960715,-6278.695232563,7958.9687457877,8626.24356263214,7438.46838709628,7901.91436694357
37306.1184740047,0.12839400051827,-0.646023550253066,-0.622357733689095,0.422894081853496,-2504.53465934827,-1336.69769263141,-6341.38920066388,7959.38680663161,8622.87197405789,7441.54550428114,7902.24096460641
37327.3185413303,0.13581267298409,-0.644503439087463,-0.627176295454572,0.415716404873838,-2406.28889308655,-1225.65300892344,-6400.70148393931,7959.84186102951,8619.55849409055,7444.57063206146,7902.51650705361
37348.5186086559,0.143215026780716,-0.642897834185231,-0.631913021797885,0.408482268631582,-2306.76313459647,-1113.95635733702,-6456.599632627,7960.33516130104,8616.30516962105,7447.5413725254,7902.73980785913
37369.7186759815,0.150600148367718,-0.641206875117776,-0.636567281953057,0.401192515084984,-2206.01000809061,-1001.66700038401,-6509.05293642424,7960.86784450121,8613.11392993602,7450.45547914592,7902.9097787869
37390.9187433071,0.157967123850696,-0.639430709540109,-0.64113845138616,0.393847993055097,-2104.08279559445,-888.844536409784,-6558.0324404842,7961.44093448752,8609.98659273462,7453.31084958405,7903.02542807128
37412.1188106327,0.165315038979672,-0.637569493260193,-0.64562591185151,0.386449558282833,-2001.03541224011,-775.548871605243,-6603.51096075659,7962.05534419156,8606.92486982133,7456.10551884101,7903.08585851091
37433.3188779583,0.172642979150267,-0.635623390311472,-0.650029051452622,0.378998073486759,-1896.92238128097,-661.840191859505,-6645.46309866963,7962.71187804608,8603.93037248907,7458.83765275193,7903.09026541693
37454.5189452839,0.179950029407846,-0.633592573028523,-0.654347264707983,0.371494408421436,-1791.79880883058,-547.778934457449,-6683.86525514971,7963.41123452592,8601.00461660855,7461.50554181042,7903.03793444952
37475.7190126095,0.187235274454754,-0.631477222125772,-0.658579952621688,0.363939439936078,-1685.72035832906,-433.425759626026,-6718.69564397505,7964.15400876833,8598.14902744084,7464.10759531165,7902.92823937088
37496.9190799351,0.194497798660799,-0.62927752677921,-0.662726522759005,0.356334052033343,-1578.74322474005,-318.841521933291,-6749.93430445898,7964.94069524426,8595.36494419074,7466.642335799,7902.76063973798
37518.1191472607,0.201736686077119,-0.626993684711019,-0.666786389326898,0.348679135928033,-1470.92410848116,-204.087241543989,-6777.56311345816,7965.77169045679,8592.65362431909,7469.10839379907,7902.53467855366
37539.3192145863,0.208951020453591,-0.624625902277036,-0.670758973259554,0.340975590105497,-1362.32018909073,-89.2240753355627,-6801.56579670081,7966.64729564793,8590.01624763211,7471.5045028284,7902.24997989137
37560.5192819119,0.216139885259902,-0.622174394556957,-0.67464370230895,0.33322432037952,-1252.98909863376,25.6867121215975,-6821.92793942905,7967.56771949807,8587.45392016572,7473.82949465522,7901.90624650526
37581.7193492375,0.223302363710438,-0.619639385447175,-0.6784400111405,0.32542623994948,-1142.9888948496,140.583777715747,-6838.63699634969,7968.53308080613,8584.96767788255,7476.08229479911,7901.50325743484
37602.9194165631,0.230437538793127,-0.617021107756152,-0.682147341433773,0.317582269456551,-1032.37803404415,255.405729073282,-6851.68230088659,7969.54341114064,8582.55849019944,7478.26191825166,7901.04086561078
37624.1194838887,0.237544493302356,-0.614319803302201,-0.685765141988337,0.309693337038734,-921.215343729245,370.091153962082,-6861.05507372776,7970.59865745504,8580.22726336212,7480.36746540104,7900.51899546674
37645.3195512143,0.244622309876124,-0.611535723013571,-0.689292868834714,0.301760378384486,-809.55999501206,484.578649814486,-6866.74843065961,7971.69868466174,8577.97484368406,7482.39811814385,7899.93764055974
37666.5196185399,0.251670071037526,-0.608669127030681,-0.692729985350453,0.293784336784719,-697.471474737109,598.806853365572,-6868.75738968023,7972.84327816199,8575.80202066577,7484.35313616786,7899.29686120059
37687.7196858655,0.258686859240729,-0.605720284810391,-0.696075962381322,0.285766163182948,-585.009557383967,712.714470402172,-6867.07887738329,7974.03214632951,8573.70953001025,7486.23185338936,7898.59678209416
37708.9197531911,0.265671756921531,-0.602689475232153,-0.699330278367606,0.277706816223343,-472.234276723608,826.240305617822,-6861.71173460323,7975.26492294769,8571.69805655047,7488.03367452943,7897.83758998803
37730.1198205167,0.272623846552656,-0.599576986705897,-0.702492419475478,0.269607262296473,-359.205897236609,939.323292568607,-6852.6567213124,7976.54116960108,8569.7682371038,7489.75807181333,7897.01953132695
37751.3198878423,0.279542210703873,-0.596383117281487,-0.705561879733436,0.261468475582485,-245.984885296601,1051.90252372453,-6839.91652075982,7977.86037802296,8567.92066326849,7491.40458177827,7896.1429099097
37772.5199551679,0.28642593210706,-0.593108174759603,-0.708538161173747,0.253291438091498,-132.631880122615,1163.91728061073,-6823.49574284113,7979.22197240223,8566.15588417685,7492.97280217383,7895.20808454348
37793.7200224935,0.293274093726333,-0.589752476803857,-0.711420773978876,0.245077139700975,-19.207664504222,1275.30706403244,-6803.4009266885,7980.62531165306,8564.47440921964,7494.462388941,7894.21546669044
37814.9200898191,0.300085778833316,-0.586316351053982,-0.714209236632824,0.236826578189831,94.2268646963155,1386.01162437729,-6779.64054246905,7982.06969165248,8562.87671075611,7495.87305325443,7893.16551809977
37836.1201571447,0.306860071087671,-0.582800135239915,-0.716903076077328,0.228540759269044,207.610726260312,1495.97099198798,-6752.22499237964,7983.55434745158,8561.36322682414,7497.20455861375,7892.05874841789
37857.3202244703,0.313596054622967,-0.579204177296568,-0.719501827872847,0.220220696608531,320.882884542417,1605.12550759802,-6721.16661082577,7985.07845546673,8559.93436386465,7498.45671796936,7890.89571276821
37878.5202917959,0.320292814137979,-0.575528835479115,-0.722005036364255,0.211867411860056,433.982279608497,1713.41585282261,-6686.47966377155,7986.64113565895,8558.59049947504,7499.62939086764,7889.67700929108
37899.7203591215,0.326949434993486,-0.571774478478585,-0.724412254851147,0.203481934675929,546.847857575829,1820.78308069625,-6648.18034724762,7988.24145370987,8557.33198520608,7500.72248060121,7888.40327663328
37920.9204264471,0.333565003314652,-0.567941485537554,-0.726723045762672,0.195065302723262,659.418601149324,1927.16864624825,-6606.28678500349,7989.87842320426,8556.15914941714,7501.73593134896,7887.07519137533
37942.1204937727,0.340138606099044,-0.564030246565735,-0.728936980836768,0.186618561693558,771.63356034693,2032.51443710636,-6560.81902529038,7991.55100783026,8555.07230020507,7502.66972529046,7885.69346538353
37963.3205610983,0.346669331330352,-0.560041162255245,-0.731053641303699,0.178142765307389,883.431883406872,2136.7628041186,-6511.79903676043,7993.25812360999,8554.07172842195,7503.5238796791,7884.25884307246
37984.5206284239,0.353156268097857,-0.555974644195327,-0.733072618073756,0.169638975313938,994.752847868731,2239.85659198225,-6459.25070346797,7994.9986411745,8553.15771079778,7504.29844385753,7882.77209856191
38005.7206957496,0.359598506721683,-0.551831114986309,-0.734993511928999,0.161108261485186,1105.5358918198,2341.73916986875,-6403.1998189583,7996.77138809904,8552.33051318434,7504.99349619866,7881.23403271065
38026.9207630752,0.365995138883881,-0.547611008352561,-0.736815933718883,0.152551701604509,1215.72064529748,2442.35446203212,-6343.67407942926,7998.57515131644,8551.59039393698,7505.60914095455,7879.64547000773
38048.1208304008,0.372345257765353,-0.543314769254227,-0.738539504559622,0.143970381449475,1325.24696183771,2541.64697838826,-6280.70307595105,8000.40867962875,8550.93760745179,7506.14550499487,7878.00725529971
38069.3208977263,0.378647958188645,-0.538942853997482,-0.740163856037131,0.135365394768618,1434.05495015899,2639.56184505129,-6214.31828572925,8002.27068633959,8550.37240787563,7506.60273441578,7876.32025033036
38090.520965052,0.384902336766597,-0.534495730343085,-0.741688630413371,0.126737843251985,1542.08500597042,2736.0448348129,-6144.55306239668,8004.15985203279,8549.89505300753,7506.98099099899,7874.58533006648
38111.7210323776,0.391107492056872,-0.529973877612963,-0.743113480835911,0.118088836495245,1649.27784389175,2831.04239754929,-6071.44262531918,8006.07482752575,8549.50580840994,7507.28044850004,7872.80337878141
38132.9210997032,0.397262524722329,-0.525377786794597,-0.744438071550541,0.10941949195716,1755.57452947254,2924.50169054009,-5995.02404790102,8008.01423702971,8549.20495174866,7507.50128874351,7870.97528586432
38154.1211670288,0.403366537697223,-0.520707960642944,-0.74566207811671,0.100730934910235,1860.91651129667,3016.37060868261,-5915.33624487575,8009.97668155316,8548.99277738084,7507.64369750193,7869.10194132057
38175.3212343544,0.409418636359197,-0.515964913779637,-0.74678518762561,0.0920242983843404,1965.24565315774,3106.59781458387,-5832.41995856847,8011.96074258886,8548.86960120962,7507.7078601343,7867.1842309252
38196.52130168,0.415417928707033,-0.511149172789207,-0.747807098920678,0.083300723103152,2068.50426628997,3195.13276851251,-5746.31774411599,8013.96498613009,8548.83576582442,7507.69395695884,7865.22303098746
38217.7213690056,0.421363525544078,-0.506261276312075,-0.748727522820306,0.0745613574132217,2170.63514163839,3281.92575819137,-5657.07395363186,8015.9879670672,8548.89164594434,7507.60215833409,7863.2192026813
38238.9214363312,0.427254540667315,-0.501301775134016,-0.749546182342536,0.0658073572055288,2271.58158215139,3366.92792841119,-5564.73471930356,8018.02823402151,8549.03765418144,7507.4326194214,7861.17358589186
38260.1215036568,0.43309009106197,-0.49627123227187,-0.750262812931487,0.0570398858293566,2371.28743507754,3450.09131044496,-5469.34793540991,8020.08433468019,8549.27424713825,7507.18547460219,7859.08699252495
38281.3215709824,0.438869297101584,-0.491170223055185,-0.750877162685314,0.0482601139983599,2469.69712424814,3531.36885124165,-5370.96323924727,8022.15482170309,8549.60193185101,7506.86083152263,7856.96019922169
38302.521638308,0.444591282753445,-0.485999335203553,-0.751388992585409,0.0394692196886993,2566.75568232568,3610.7144423774,-5269.63199095416,8024.23825927994,8550.02127258648,7506.45876473981,7854.79393941698
38323.7217056336,0.450255175789277,-0.480759168899337,-0.751798076726644,0.0306683880291298,2662.40878299792,3688.0829487415,-5165.4072522241,8026.33323042472,8550.53289799411,7505.97930894452,7852.5888946767
38344.9217729592,0.455860108001052,-0.475450336855526,-0.75210420254836,0.0218588111829492,2756.60277309613,3763.43023693387,-5058.34376389828,8028.43834510224,8551.13750860885,7505.4224517386,7850.34568524591
38366.1218402848,0.461405215421815,-0.470073464378425,-0.752307171065876,0.0130416882217304,2849.28470461541,3836.71320334992,-4948.49792242974,8030.55224929113,8551.83588469016,7504.78812594838,7848.06485973741
38387.3219076104,0.466889638472703,-0.464629189424575,-0.752406797151531,0.0042182249426822,2940.40236661418,3907.88980192828,-4835.92775521243,8032.67365094201,8552.62889780833,7504.07619550437,7845.74687000541
38408.521974936,0.472312520862144,-0.459118162625037,-0.752402910613797,-0.00461036707246785,3029.90431696896,3976.91907153602,-4720.69289476929,8034.80199249927,8553.51766544446,7503.2861960326,7843.39147859187
38429.7220422616,0.477673013941693,-0.453541047362849,-0.752295353837924,-0.0134428680995125,3117.73991395992,4043.76116296563,-4602.85455179495,8036.9364680728,8554.50335248646,7502.41769175269,7840.99861581334
38450.9221095872,0.4829702732531,-0.447898519828472,-0.752083984310688,-0.0222780527122592,3203.85934766202,4108.37736551746,-4482.47548704955,8039.07603328056,8555.5871724864,7501.47027288868,7838.56837102441
38472.1221769128,0.488203459516436,-0.442191269030217,-0.751768674399506,-0.0311146894768249,3288.21367111565,4170.73013314081,-4359.61998210193,8041.21975144937,8556.77046407216,7500.44342549632,7836.1006878205
38493.3222442384,0.493371739110779,-0.436419996821143,-0.751349311435329,-0.0399515409852432,3370.75483125001,4230.78311010625,-4234.35380892175,8043.36680330746,8558.05469777822,7499.33652413888,7833.59535386965
38514.522311564,0.49847428433021,-0.430585417917611,-0.750825797937527,-0.0487873640369946,3451.435699532,4288.50115618188,-4106.74419832126,8045.5165058884,8559.44148430599,7498.14882135234,7831.05198306333
38535.7223788896,0.503510273639631,-0.424688259910232,-0.750198051839661,-0.0576209098308967,3530.21010231257,4343.85037128527,-3976.85980724945,8047.66833344041,8560.93258222936,7496.8794369512,7828.4699964349
38556.9224462152,0.508478891934133,-0.418729263267034,-0.749466006713393,-0.0664509241648545,3607.03285084205,4396.7981195831,-3844.77068494262,8049.82194038489,8562.5299048289,7495.52734737127,7825.84860196364
38578.1225135408,0.513379330802006,-0.41270918132852,-0.748629611990092,-0.0752761476431395,3681.85977092554,4447.31305300997,-3710.54823793711,8051.97718639248,8564.23552568167,7494.09137527612,7823.18677339105
38599.3225808664,0.518210788791338,-0.406628780294395,-0.747688833179791,-0.0840953158909205,3754.64773218863,4495.3651341778,-3574.26519395166,8054.1341635988,8566.05168255244,7492.57017971899,7820.48322824902
38620.522648192,0.522972471680202,-0.400488839201679,-0.746643652087125,-0.09290715977573,3825.35467692381,4540.92565864735,-3435.99556464875,8056.29322591806,8567.9807790402,7490.96224722873,7817.73640539147
38641.7227155176,0.527663592750465,-0.394290149893987,-0.745494067023816,-0.101710405635506,3893.93964848722,4583.96727653298,-3295.81460728577,8058.45502032425,8570.02538333017,7489.26588427863,7814.94444243734
38662.9227828432,0.532283373065328,-0.388033516981807,-0.744240093017259,-0.110503775512822,3960.36281921517,4624.46401341219,-3153.79878526908,8060.62051985463,8572.18822329033,7487.47921169881,7812.10515367144
38684.1228501688,0.536831041750783,-0.381719757793628,-0.742881762014637,-0.11928598739488,4024.58551782981,4662.39129051152,-3010.02572762562,8062.79105794305,8574.47217703385,7485.60016170781,7809.21600911824
38705.3229174944,0.541305836281229,-0.375349702317901,-0.741419123081946,-0.128055755458868,4086.57025630294,4697.72594414042,-2864.57418740863,8064.96836350558,8576.88025795071,7483.62647836178,7806.27411569801
38726.52298482,0.545707002769592,-0.368924193135851,-0.739852242597203,-0.136811790322251,4146.28075614711,4730.44624434523,-2717.52399905629,8067.15459597654,8579.41559310148,7481.55572234944,7803.27620159841
38747.7230521456,0.550033796262375,-0.362444085345343,-0.738181204436948,-0.145552799297696,4203.68197410287,4760.5319127556,-2568.9560347235,8069.35237922428,8582.08139377361,7479.3852811878,7800.21860524123
38768.9231194712,0.554285481040098,-0.355910246476134,-0.73640611015504,-0.154277486652355,4258.74012719137,4787.96413959617,-2418.95215960945,8071.56483296657,8584.88091694219,7477.11238598936,7797.09727048704
38790.1231867968,0.558461330923658,-0.349323556397023,-0.734527079152588,-0.162984553871462,4311.42271710151,4812.72559983678,-2267.5951863053,8073.79559995769,8587.81741637055,7474.73413606175,7793.90774998729
38811.3232541224,0.562560629587054,-0.342684907215635,-0.732544248837708,-0.171672699926422,4361.69855388096,4834.80046845525,-2114.96882818832,8076.04886685944,8590.89408216044,7472.24753264106,7790.64521883178
38832.523321448,0.566582670876599,-0.335995203171739,-0.730457774773872,-0.180340621548019,4409.53777890095,4854.17443478714,-1961.15765189074,8078.3293765509,8594.11396778595,7469.64952295349,7787.30450064995
38853.7233887736,0.570526759139056,-0.329255360525856,-0.728267830813546,-0.18898701350465,4454.9118870648,4870.83471593789,-1806.24702887357,8080.64242815432,8597.47990371142,7466.93705610563,7783.88010943196
38874.9234560992,0.574392209554202,-0.322466307443555,-0.725974609218889,-0.19761056888902,4497.79374823071,4884.77006923345,-1650.32308613742,8082.99386270758,8600.99439758518,7464.10715133673,7780.36630862913
38896.1235234248,0.578178348475501,-0.315628983878031,-0.723578320764677,-0.206209979413302,4538.15762782007,4895.97080368648,-1493.47265610429,8085.39003083249,8604.65952137475,7461.15697928784,7776.75719014066
38917.3235907504,0.581884513776028,-0.308744341452338,-0.721079194823347,-0.214783935716133,4575.97920658272,4904.42879045594,-1335.78322570607,8087.83773898318,8608.47678672532,7458.0839562849,7773.04677517834
38938.523658076,0.585510055197939,-0.301813343342988,-0.718477479430934,-0.223331127684447,4611.23559949177,4910.13747227925,-1177.34288471742,8090.34417137371,8612.4470109531,7454.88585076653,7769.22913806988
38959.7237254016,0.589054334702718,-0.294836964166388,-0.715773441333363,-0.231850244793663,4643.905373741,4913.09187185713,-1018.24027337216,8092.91678520774,8616.57017731814,7451.56090004645,7765.29855308045
38980.9237927272,0.592516726818352,-0.287816189869102,-0.712967366013423,-0.24033997646996,4673.96856581881,4913.2885991723,-858.564529304214,8095.56317784667,8620.84529458048,7448.10793445932,7761.2496629146
39002.1238600528,0.59589661897861,-0.280752017622114,-0.710059557699791,-0.248799012478248,4701.4066976337,4910.7258577247,-698.405233855672,8098.29092599452,8625.2702621993,7444.52650469635,7757.07766581663
39023.3239273784,0.599193411848685,-0.273645455718262,-0.707050339360741,-0.257226043338807,4726.20279166712,4905.40344966701,-537.85235779607,8101.10739883797,8629.8417487342,7440.81700689793,7752.77851619759
39044.523994704,0.60240651963099,-0.266497523470676,-0.703940052686463,-0.265619760774409,4748.34138513069,4897.32277982572,-376.996206498406,8104.01954927904,8634.55509186449,7436.98079897647,7748.34913162696
39065.7240620296,0.605535370344849,-0.259309251108636,-0.700729058065137,-0.273978858187908,4767.80854310581,4886.48685859416,-215.927364618874,8107.03368978515,8639.40422875115,7433.02030086561,7743.78759705185
39086.9241293552,0.608579406074549,-0.252081679665864,-0.69741773455884,-0.282302031168038,4784.59187064501,4872.90030368584,-54.7366403285325,8110.15526172295,8644.38166503806,7428.93907111312,7739.09335551193
39108.1241966808,0.611538083181654,-0.244815860855104,-0.694006479885764,-0.290587978018455,4798.68052381555,4856.5693407374,106.48499085368,8113.38860904847,8649.47848948842,7424.7418526124,7734.26737369304
39129.3242640064,0.614410871131297,-0.237512856328142,-0.690495711621302,-0.298835400759549,4810.06521966713,4837.50180275243,267.646442576041,8116.73728934265,8654.6845550277,7420.43438344576,7729.31181313385
39150.524331332,0.617197255803905,-0.230173738848452,-0.686885864403349,-0.307043004570235,4818.73824510692,4815.7071283788,428.656574465699,8120.20368569506,8659.9885636072,7416.02343153501,7724.23029025592
39171.7243986577,0.61989673817019,-0.222799591547443,-0.68317739118741,-0.315209498877518,4824.69346466662,4791.19635901375,589.424249184656,8123.78772142185,8665.37797863322,7411.51715503876,7719.02890895657
39192.9244659832,0.622508833133097,-0.215391507106842,-0.679370764426713,-0.323333598284771,4827.92632714762,4763.98213473285,749.858389676759,8127.4876105629,8670.83941189208,7406.92467786168,7713.71549180964
39214.1245333088,0.625033070419277,-0.207950587827355,-0.675466475413828,-0.331414022781974,4828.43387113196,4734.07868904017,909.868036551851,8131.29981706227,8676.35886796277,7402.2559411318,7708.29949313969
39235.3246006344,0.627468994659203,-0.200477945316582,-0.671465034349705,-0.339449498200778,4826.21472934809,4701.50184243922,1069.36240555273,8135.2190836381,8681.92201438497,7397.52152116035,7702.79184631196
39256.5246679601,0.629816165456072,-0.192974700134962,-0.667366970434596,-0.347438756633425,4821.2691318825,4666.26899482543,1228.25094505009,8139.23852023966,8687.51446094477,7392.73242737276,7697.20476074709
39277.7247352857,0.632074157471299,-0.185441981414181,-0.663172831955553,-0.355380536808336,4813.59890822931,4628.39911670298,1386.44339351036,8143.34974581256,8693.1220333815,7387.89989134302,7691.55148047994
39298.9248026113,0.634242560534438,-0.17788092645625,-0.658883186360622,-0.3632735844251,4803.20748817194,4587.91273923013,1543.84983688106,8147.5430741655,8698.73102782294,7383.03515808308,7685.84601787281
39320.1248699369,0.636320979781803,-0.170292680322013,-0.654498620310825,-0.371116652455124,4790.0999014926,4544.83194309938,1700.3807658384,8151.80773222491,8704.32843432782,7378.14928995674,7680.10287705537
39341.3249372625,0.638309035824617,-0.162678395417502,-0.650019739702726,-0.378908501416681,4774.28277650671,4499.18034625985,1855.94713284178,8156.13209767858,8709.90212087317,7373.25299193433,7674.33678126275
39362.5250045881,0.640206364944199,-0.155039231085365,-0.645447169656657,-0.386647899634286,4755.76433742137,4450.98309049156,2010.46040894005,8160.50394298608,8715.44097255745,7368.35646464462,7668.56241664144
39383.7250719137,0.642012619309165,-0.147376353206844,-0.640781554468189,-0.394333623492302,4734.55440051858,4400.26682684236,2163.83264027473,8164.9106738217,8720.93498426808,7363.46928913378,7662.79420260857
39404.9251392393,0.64372746720783,-0.139690933817681,-0.636023557522895,-0.401964457691544,4710.66436916525,4347.05969994027,2315.9765042259,8169.33955194429,8726.37530820996,7358.6003447188,7657.04609586914
39426.1252065649,0.645350593288238,-0.131984150739335,-0.631173861176442,-0.409539195515834,4684.10722765428,4291.39133119535,2466.80536514669,8173.77789491983,8731.75426023773,7353.75775908319,7651.33143210639
39447.3252738905,0.646881698798338,-0.124257187225114,-0.626233166603511,-0.417056639113224,4654.89753388202,4233.2928009069,2616.23332963354,8178.21324772406,8737.06529073622,7348.94888797597,7645.6628064898
39468.5253412161,0.648320501819567,-0.116511231619516,-0.621202193619904,-0.424515599794339,4623.05141086953,4172.79662929305,2764.1753012794,8182.6335237372,8742.30292682416,7344.18032062638,7640.05199172642
39489.7254085417,0.649666737488321,-0.108747477028192,-0.616081680482434,-0.431914898348302,4588.58653713622,4109.93675646155,2910.54703485884,8187.02711480638,8747.46269298662,7339.4579062742,7634.50989054186
39510.9254758673,0.650920158201126,-0.100967120995561,-0.61087238367107,-0.439253365375056,4551.5221359364,4044.74852134173,3055.26518989403,8191.38297177123,8752.54101700324,7334.78679698138,7629.04651825011
39532.1255431929,0.65208053380079,-0.0931713651870861,-0.60557507765725,-0.44652984163174,4511.87896337043,3977.26863959902,3198.24738355261,8195.6906580848,8757.53512739014,7330.17150203844,7623.67101041317
39553.3256105185,0.653147651741981,-0.0853614150734506,-0.600190554661646,-0.45374317839009,4469.67929538393,3907.53518055474,3339.41224282887,8199.94037993416,8762.44294767295,7325.61594969854,7618.39165041382
39574.5256778441,0.654121317235783,-0.0775384796143427,-0.594719624403906,-0.460892237801526,4424.9469136698,3835.58754313493,3478.67945596146,8204.12299663535,8767.26299179359,7321.12355255866,7613.21591195363
39595.7257451697,0.655001353373502,-0.0697037709400313,-0.589163113846218,-0.467975893266574,4377.7070904891,3761.4664308734,3615.96982304194,8208.23001512515,8771.9942639356,7316.69727356866,7608.1505119312
39616.9258124953,0.655787601230564,-0.0618585040294659,-0.583521866931883,-0.474993029805522,4327.98657242843,3685.21382599495,3751.20530577001,8212.25357218553,8776.63616510556,7312.33969031646,7603.20146974696
39638.1258798209,0.656479919951653,-0.0540038963841045,-0.577796744319602,-0.481942544427523,4275.81356311242,3606.87296260599,3884.30907631279,8216.18640769621,8781.18840798042,7308.05305586086,7598.3741697379
39659.3259471465,0.657078186818401,-0.0461411676971054,-0.5719886231138,-0.488823346495817,4221.21770489147,3526.48829902053,4015.20556522716,8220.02183178413,8785.65094084301,7303.83935493276,7593.67342410323
39680.5260144721,0.657582297300947,-0.038271539517853,-0.566098396591012,-0.495634358087115,4164.23005952564,3444.10548925043,4143.82050840558,8223.75368827887,8790.02388088334,7299.70035478817,7589.10353429832
39701.7260817977,0.657992165094642,-0.0303962349120536,-0.560126973922202,-0.502374514343626,4104.8830878871,3359.77135368974,4270.08099300782,8227.37631643091,8794.30745673461,7295.63765036689,7584.66834942218
39722.9261491233,0.658307722143039,-0.0225164781178294,-0.554075279890764,-0.509042763816543,4043.21062870429,3273.53384902329,4393.9155023426,8230.8845124266,8798.50195982113,7291.65270369729,7580.37132059193
39744.1262164489,0.658528918648187,-0.0146334941983657,-0.547944254605977,-0.515638068800098,3979.24787637189,3185.44203739074,4515.25395966494,8234.27349185962,8802.60770390421,7287.74687769705,7576.21555068229
39765.3262837745,0.658655723069086,-0.00674850869173978,-0.541734853211609,-0.522159405655566,3913.0313578518,3095.5460548375,4634.02777085681,8237.53885399509,8806.62499209949,7283.92146466514,7572.2038391149
39786.5263511001,0.658688120930129,0.00113725390213617,-0.535448047036638,-0.528605765125341,3844.59890869087,3003.89707908475,4750.16986596069,8240.67716841581,8810.55423336211,7280.17747067129,7568.33817507216
39807.7264184257,0.658626117823198,0.00902256756034051,-0.529084819615009,-0.534976152598147,3773.98964818201,2910.54729665074,4863.61473953724,8243.68542866357,8814.39582121396,7276.51581815583,7564.62022208818
39828.9264857513,0.658469737400726,0.0169062069185286,-0.522646168737075,-0.541269588467248,3701.24395369593,2815.54986935631,4974.29848982046,8246.56018384369,8818.1499199841,7272.93769021068,7561.05208985796
39850.1265530769,0.658219020935335,0.0247869480586114,-0.516133106648624,-0.547485108387534,3626.40343421126,2718.95890024741,5082.15885664537,8249.29826351878,8821.81661372006,7269.44426352927,7557.63570304836
39871.3266204025,0.657874027781873,0.0326635683674093,-0.509546659107648,-0.553621763538789,3549.51090307158,2620.82939896795,5187.1352581251,8251.89673861937,8825.39589467573,7266.03672377864,7554.37283829028
39892.5266877281,0.657434835326235,0.0405348468796739,-0.502887865048818,-0.55967862088403,3470.61034999796,2521.21724661617,5289.16882605646,8254.35290175355,8828.88765924788,7262.71627159896,7551.26514258658
39913.7267550537,0.656901538915292,0.0483995646295484,-0.496157776255255,-0.565654763416548,3389.7469123863,2420.17916011772,5388.20244003441,8256.66425058273,8832.291706693,7259.48412610365,7548.31414798729
39934.9268223793,0.656274251777945,0.0562565050001357,-0.489357457025596,-0.571549290395772,3306.96684591881,2317.77265614877,5484.18076025832,8258.82847362801,8835.60774005395,7256.34152640036,7545.52128329687
39956.1268897049,0.655553104937645,0.0641044540705125,-0.482487983836374,-0.577361317571974,3222.31749451946,2214.05601464216,5577.050259014,8260.84343828367,8838.83536889043,7253.28973144924,7542.88788318158
39977.3269570305,0.654738247116541,0.0719422009597536,-0.475550444999951,-0.583089977399865,3135.84725968313,2109.08824190967,5666.75925081805,8262.70718081599,8841.97411346406,7250.33001853703,7540.41519501698
39998.5270243561,0.653829844631401,0.0797685381675566,-0.468545940318288,-0.588734419241087,3047.60556920847,2002.92903341301,5753.25792121198,8264.41789812642,8845.02341007846,7247.46368061229,7538.10438379116
40019.7270916817,0.652828081281447,0.0875822619110927,-0.461475580732868,-0.594293809555663,2957.64284536448,1895.63873621606,5836.49835419608,8265.97394106501,8847.98261732032,7244.69202269623,7535.95653535298
40040.9271590073,0.651733158228257,0.0953821724577294,-0.454340487971096,-0.599767332082411,2866.01047252079,1787.27831115047,5916.43455829393,8267.37380908959,8850.85102298486,7242.01635755605,7533.97265826849
40062.1272263329,0.650545293867882,0.103167074453299,-0.447141794189506,-0.605154188008384,2772.76076427154,1677.90929472625,5993.02249124068,8268.61614607925,8853.62785150513,7239.43800080172,7532.15368452223
40083.3272936585,0.649264723695362,0.110935777245609,-0.439880641614145,-0.61045359612736,2677.94693008259,1567.59376081884,6066.22008328929,8269.69973712379,8856.31227173237,7236.95826554593,7530.50046927578
40104.5273609841,0.647891700161772,0.118687095202907,-0.432558182178463,-0.615664792987425,2581.6230414918,1456.39428216343,6135.98725913074,8270.62350612638,8858.90340494128,7234.57845674579,7529.01378987162
40125.7274283097,0.646426492524013,0.126419848027032,-0.425175577159107,-0.620787033027708,2483.84399789166,1344.37389168683,6202.28595842552,8271.38651407045,8861.4003329549,7232.29986532845,7527.69434424918
40146.9274956353,0.644869386687525,0.13413286106101,-0.417733996809948,-0.625819588704309,2384.66549192344,1231.59604370687,6265.08015494508,8271.98795781716,8863.80210630258,7230.12376218706,7526.54274891928
40168.1275629609,0.643220685042108,0.141824965590861,-0.410234619994729,-0.630761750605482,2284.14397451167,1118.12457502849,6324.33587432338,8272.42716931344,8866.10775234018,7228.05139212009,7525.55953662452
40189.3276302865,0.641480706291083,0.149494999141389,-0.402678633818697,-0.635612827556145,2182.33661956746,1004.02366596527,6380.0212104197,8272.70361510422,8868.31628327441,7226.08396777597,7524.74515379703
40210.5276976121,0.639649785273977,0.157141805765778,-0.395067233259564,-0.640372146711785,2079.30128838881,889.357801314572,6432.10634029533,8272.81689605523,8870.426704045,7224.22266365417,7524.09995790856
40231.7277649377,0.637728272782994,0.164764236328786,-0.387401620798178,-0.645039053641836,1975.0964937855,774.191731313643,6480.56353780769,8272.76674720472,8872.43802002712,7222.46861020575,7523.62421479494
40252.9278322633,0.635716535373471,0.172361148783371,-0.379683006049241,-0.64961291240264,1869.78136395614,658.590432603672,6525.36718582652,8272.55303767354,8874.34924452496,7220.82288806813,7523.31809602396
40274.1278995889,0.633614955168567,0.179931408440606,-0.371912605392427,-0.654093105600061,1763.41560614391,542.619069227984,6566.493787078,8272.17577057347,8876.1594060336,7219.28652246272,7523.18167636449
40295.3279669145,0.631423929658445,0.187473888232704,-0.364091641604247,-0.658479034441889,1656.05947009772,426.342953689971,6603.92197362321,8271.63508286341,8877.86755525221,7217.86047777762,7523.21493140439
40316.5280342401,0.629143871494176,0.194987468969064,-0.356221343490986,-0.662770118780135,1547.77371136454,309.827508095702,6637.63251497854,8270.93124511152,8879.47277183646,7216.54565235293,7523.4177353558
40337.7281015657,0.626775208276626,0.202471039585173,-0.348302945523043,-0.666965797143349,1438.61955443838,193.13822540553,6667.60832488649,8270.06466113005,8880.97417088167,7215.34287348143,7523.78985907787
40358.9281688913,0.624318382340594,0.209923497384295,-0.340337687471003,-0.671065526759093,1328.65865579103,76.3406308183648,6693.83446674565,8269.03586745681,8882.37090913243,7214.25289263322,7524.33096833962
40380.1282362169,0.621773850534452,0.217343748271824,-0.332326814043729,-0.675068783566726,1217.95306680887,-40.4997566883518,6716.29815771002,8267.84553266383,8883.6621909167,7213.27638090987,7525.04062233907
40401.3283035425,0.619142083995557,0.224730706982235,-0.3242715745288,-0.678975062220636,1106.56519665986,-157.31746264055,6734.9887714677,8266.49445648068,8884.84727380527,7212.41392472973,7525.91827248852
40422.5283708682,0.616423567911854,0.232083297319365,-0.316173222454489,-0.682783876077149,994.557775114191,-274.047095149513,6749.89783971046,8264.98357297573,8885.92547498846,7211.66602010039,7526.96325771628
40443.7284381938,0.613618800469922,0.239400454157978,-0.308033016843869,-0.68649475656619,881.993815341537,-390.623382772714,6761.0190523053,8263.31477802998,8886.89637285269,7211.03274441093,7528.17407155057
40464.9285055194,0.610728294985746,0.246681118615473,-0.299852217298342,-0.690107254855135,768.936576707609,-506.98121213288,6768.3482561805,8261.48982997839,8887.75957075785,7210.51416546774,7529.54932705999
40486.128572845,0.60775257765069,0.253924242394915,-0.291632087457983,-0.693620940462448,655.449527591786,-623.055665275358,6771.88345293853,8259.51000866885,8888.51461205989,7210.11048021278,7531.08805754358
40507.3286401706,0.60469218755507,0.261128787500842,-0.283373894198617,-0.697035401349828,541.59630824765,-738.78205674413,6771.62479520879,8257.37672859374,8889.16111952667,7209.82177924943,7532.78917701226
40528.5287074962,0.601547676652547,0.268293725978582,-0.275078906890234,-0.700350244019752,427.440693727471,-854.095970357569,6767.57458175375,8255.09152227399,8889.69879563287,7209.64804972305,7534.6514936936
40549.7287748218,0.598319609517272,0.275418040079449,-0.266748397053785,-0.703565093459824,313.046556891371,-968.933295665481,6759.73725134199,8252.65603807984,8890.12742639861,7209.5891725531,7536.67371064257
40570.9288421474,0.595008563095208,0.282500722426595,-0.258383638029824,-0.70667959307617,198.477831521395,-1083.23026406949,6748.11937540244,8250.07203822651,8890.44688510605,7209.64491970569,7538.85442627367
40592.128909473,0.591615126453563,0.289540776173341,-0.249985904651885,-0.709693404618961,83.7984755603637,-1196.92348458926,6732.72964947406,8247.34139668327,8890.65713583685,7209.81495160276,7541.19213504646
40613.3289767986,0.588139900528662,0.296537215153854,-0.241556472924649,-0.712606208100334,-30.9275655050396,-1309.94997925761,6713.57888346574,8244.46609701327,8890.75823684414,7210.0988146533,7543.68522828592
40634.5290441242,0.584583497872519,0.303489064026195,-0.233096619707094,-0.715417701704928,-145.636395097889,-1422.24721812782,6690.67999074115,8241.44823016893,8890.75034377383,7210.49593888955,7546.33199511299
40655.7291114498,0.580946542398366,0.310395358407773,-0.224607622400806,-0.718127601693286,-260.26420182262,-1533.7531538771,6664.04797604406,8238.28999226952,8890.63371275176,7211.00563568967,7549.13062345841
40676.9291787754,0.577229669125375,0.317255145003258,-0.216090758643606,-0.720735642298341,-374.747295536286,-1644.40625599034,6633.69992227919,8234.99368238969,8890.40870335308,7211.62709556749,7552.07920113151
40698.129246101,0.573433523922836,0.324067481724999,-0.207547306008669,-0.723241575615229,-489.022143201429,-1754.14554450889,6599.65497616442,8231.56170038883,8890.07578147131,7212.35938600941,7555.17571691431
40719.3293134266,0.569558763254028,0.330831437806018,-0.198978541709263,-0.725645171484659,-603.02540450289,-1862.91062332919,6561.93433277026,8227.99654481339,8889.63552210475,7213.20144933738,7558.4180616494
40740.5293807522,0.565606053920012,0.337546093905641,-0.190385742309255,-0.727946217370095,-716.69396721115,-1970.64171303679,6520.56121896254,8224.30081090528,8889.0886120786,7214.15210057649,7561.80402928901
40761.7294480778,0.561576072803592,0.344210542207858,-0.181770183439503,-0.730144518228986,-829.964982275127,-2077.27968326126,6475.56087576462,8220.4771887516,8888.43585272137,7215.21002530508,7565.33131787111
40782.9295154034,0.557469506613661,0.350823886512472,-0.173133139520254,-0.732239896378274,-942.775898627585,-2182.76608453809,6426.96053965576,8216.5284616117,8887.67816251441,7216.37377746467,7568.99753038709
40804.129582729,0.553287051630148,0.357385242319248,-0.164475883489715,-0.734232191354416,-1055.06449768663,-2287.04317966389,6374.78942282221,8212.45750447936,8886.8165797383,7217.64177709938,7572.80017548689
40825.3296500546,0.549029413449636,0.363893736905751,-0.155799686539349,-0.736121259767817,-1166.768927537,-2390.05397453142,6319.07869237801,8208.267283352,8885.85226523943,7219.01230783075,7576.73666760069
40846.5297173802,0.544697306732858,0.370348509394652,-0.147105817852729,-0.737906975154057,-1277.82773677505,-2491.7422484315,6259.86144857269,8203.96085348994,8884.78650492305,7220.48351472942,7580.80432798964
40867.7297847058,0.540291454952109,0.376748710819885,-0.138395544355031,-0.739589227817687,-1388.17990800171,-2592.05258380879,6197.17270200327,8199.54135898341,8883.62071251074,7222.0534016888,7585.00038467905
40888.9298520314,0.535812590140985,0.383093504182617,-0.129670130466277,-0.741167924673181,-1497.76489094781,-2690.93039545916,6131.04934984814,8195.01203279165,8882.35643238923,7223.71982860523,7589.32197200588
40910.129919357,0.531261452645616,0.389382064501243,-0.120930837861496,-0.742642989081387,-1606.52263521631,-2788.32195915612,6061.53015114071,8190.37619699156,8880.99534249502,7225.48050846564,7593.76613000728
40931.3299866826,0.526638790877717,0.395613578855067,-0.112178925237511,-0.744014360681902,-1714.39362262652,-2884.17443969461,5988.65570110099,8185.63726351346,8879.53925730202,7227.3330042344,7598.32980340275
40952.5300540082,0.521945361069682,0.401787246421703,-0.1034156480863,-0.745281995221672,-1821.31889914521,-2978.4359183402,5912.46840454352,8180.79873541153,8877.99013092625,7229.2747255215,7603.00984012421
40973.7301213338,0.517181927031885,0.407902278508314,-0.0946422584749384,-0.746445864380047,-1927.24010638997,-3071.05541967242,5833.01244838023,8175.8642087236,8876.350060361,7231.30292501373,7607.80298934169
40994.9301886594,0.512349259912388,0.413957898576818,-0.0858600048321436,-0.747505955590535,-2032.09951269042,-3161.98293781099,5750.33377323736,8170.83737497781,8874.6212888535,7233.41469465336,7612.70589893063
41016.130255985,0.507448137959218,0.419953342263223,-0.0770701317414317,-0.748462271859463,-2135.84004369288,-3251.16946201407,5664.48004420552,8165.72202440624,8872.80620943095,7235.60696155143,7617.71511232333
41037.3303233106,0.502479346285387,0.425887857391227,-0.0682738797408717,-0.749314831581792,-2238.40531249458,-3338.567001638,5575.5006207426,8160.52204992849,8870.90736858028,7237.87648362744,7622.82706468538
41058.5303906362,0.497443676636821,0.431760703980223,-0.0594724851294253,-0.750063668354277,-2339.73964929354,-3424.12861044809,5483.44652574927,8155.24145197095,8868.92747008057,7240.2198449717,7628.03807835542
41079.7304579618,0.492341927163362,0.437571154247879,-0.0506671797798439,-0.750708830786213,-2439.78813054054,-3507.80841027061,5388.37041383744,8149.88434418978,8866.86937898198,7242.63345093354,7633.34435748389
41100.9305252874,0.487174902179875,0.443318492800305,-0.0418591910846141,-0.751250382195601,-2538.49660757986,-3589.56161397609,5290.32653881201,8144.45500299172,8864.73613584485,7245.11350623325,7638.74194394746
41122.130592613,0.481943411900674,0.449002017627468,-0.0330497424220737,-0.751688399815931,-2635.81173476573,-3669.34454778474,5189.37072038696,8138.95857091319,8862.53112901073,7247.65573441867,7644.22609484798
41143.3306599386,0.476648272470476,0.454621036000146,-0.0242400503253293,-0.752022977000896,-2731.68099704153,-3747.11467288472,5085.56031015689,8133.3997534677,8860.25779728489,7250.25587763162,7649.79243103981
41164.5307272642,0.471290305440113,0.460174868670444,-0.0154313271047087,-0.752254220583768,-2826.05273696944,-3822.83060635475,4978.95415684536,8127.78313302776,8857.91969671495,7252.90958100284,7655.43666120713
41185.7307945898,0.465870337659211,0.465662848704859,-0.00662477992284924,-0.752382251329963,-2918.87618119795,-3896.45214138249,4869.61257085227,8122.11345639298,8855.52056606997,7255.61228165528,7661.15432926927
41206.9308619154,0.460389201080515,0.471084321281328,0.0021783894697262,-0.75240720384023,-3010.10146635544,-3967.94026677077,4757.59728812228,8116.39564196558,8853.06432964688,7258.35920495685,7666.94080772671
41228.130929241,0.454847732556883,0.476438643654542,0.0109769848798655,-0.752329226352021,-3099.67966435803,-4037.257185724,4642.97143335673,8110.63479373583,8850.55510127186,7261.14535869794,7672.7912848776
41249.3309965666,0.449246773642405,0.481725185120195,0.0197698158091131,-0.752148480538037,-3187.56280712034,-4104.36633390748,4525.79948259229,8104.83621678477,8847.99718797092,7263.96552748628,7678.70075066726
41270.5310638922,0.44358717039795,0.486943326975115,0.0285556975853374,-0.751865141304052,-3273.70391065824,-4169.23239677279,4406.14722516922,8099.00543423292,8845.39509311941,7266.81426758303,7684.6639812348
41291.7311312178,0.437869773201269,0.492092462473271,0.037333451488893,-0.751479396586219,-3358.05699857269,-4231.82132614281,4284.08172511294,8093.14820563907,8842.75351886798,7269.68590240911,7690.67552215364
41312.9311985434,0.432095436561792,0.497171996777741,0.0461019048735282,-0.750991447148062,-3440.5771249045,-4292.10035605032,4159.67128195282,8087.27054682468,8840.07736759925,7272.5745190021,7696.72967038953
41334.131265869,0.426265018940247,0.502181346908676,0.0548598912822833,-0.750401506377323,-3521.22039634997,-4350.03801782461,4032.98539100222,8081.37875105855,8837.37174211909,7275.47396576495,7702.82045503693
41355.3313331946,0.420379382573212,0.50711994168727,0.0636062505586421,-0.749709800082896,-3599.94399382787,-4405.60415442108,3904.0947031244,8075.4794114841,8834.641944229,7278.37785191728,7708.94161694279
41376.5314005202,0.414439393302709,0.511987221675706,0.0723398289532282,-0.748916566292061,-3676.70619338854,-4458.7699339889,3773.07098400886,8069.57944460502,8831.89347126123,7281.27954914012,7715.08658738767
41397.7314678458,0.408445920410909,0.516782639113009,0.0810594792263551,-0.748022055048265,-3751.46638645649,-4509.50786267292,3639.98707298326,8063.68611456138,8829.13201008599,7284.17219599442,7721.24846607055
41418.9315351714,0.402399836460022,0.521505657846684,0.0897640607467632,-0.747026528209739,-3824.18509939799,-4557.7917966458,3504.91684138611,8057.80705782525,8826.36342802092,7287.04870579354,7727.4199987375
41440.131602497,0.396302017137367,0.52615575325995,0.0984524395868861,-0.74593025924928,-3894.82401240601,-4603.5969533673,3367.9351505256,8051.95030781883,8823.59375998861,7289.9017787181,7733.59355490882
41461.3316698226,0.390153341105604,0.530732412194341,0.10712348861499,-0.744733533055592,-3963.34597769486,-4646.89992206814,3229.11780925043,8046.12431880731,8820.8291911796,7292.72391907634,7739.76110629648
41482.5317371482,0.383954689858034,0.535235132867349,0.115776087584525,-0.743436645736617,-4029.71503699782,-4687.67867345601,3088.54153115832,8040.33798823955,8818.07603439034,7295.50745873174,7745.91420666525
41503.7318044738,0.377706947578774,0.539663424784746,0.124409123220984,-0.742039904425436,-4093.89643836117,-4725.91256864228,2946.2838914683,8034.60067650166,8815.34070112246,7298.24458783468,7752.04397407893
41524.9318717994,0.371411001007552,0.544016808647118,0.133021489306527,-0.740543627089348,-4155.8566522287,-4761.58236728824,2802.42328358288,8028.92222281207,8812.6296654589,7300.92739410065,7758.14107668635
41546.131939125,0.36506773930869,0.548294816250144,0.141612086762507,-0.738948142342906,-4215.56338681128,-4794.67023497024,2657.03887536641,8023.31295572265,8809.9494196836,7303.54791196131,7764.19572343856
41567.3320064506,0.358678053943741,0.552496990378057,0.150179823729924,-0.737253789265792,-4272.98560273654,-4825.15974976372,2510.21056516587,8017.78369640595,8807.30642059675,7306.0981829623,7770.19766138367
41588.5320737762,0.352242838547051,0.556622884689755,0.15872361564763,-0.735460917226548,-4328.09352697423,-4853.03590804658,2362.01893760056,8012.34575261318,8804.70702551316,7308.5703287754,7776.13618144898
41609.7321411018,0.345762988803298,0.560672063597083,0.167242385327847,-0.733569885713318,-4380.85866603344,-4878.28512952304,2212.54521914703,8007.01090089775,8802.15741703658,7310.95663810721,7782.0001348774
41630.9322084275,0.339239402325914,0.564644102134868,0.175735063028254,-0.731581064172878,-4431.25381842828,-4900.89526146952,2061.87123354567,8001.79135443773,8799.6635158985,7313.24966859711,7787.77796271476
41652.1322757531,0.332672978534994,0.568538585822547,0.18420058651948,-0.729494831859304,-4479.25308640927,-4920.85558220454,1910.07935705539,7996.69971359086,8797.23088146188,7315.44236447124,7793.45774091734
41673.3323430787,0.326064618533185,0.572355110517484,0.19263790114639,-0.72731157769366,-4524.83188695816,-4938.15680378568,1757.25247358255,7991.74889621869,8794.864599941,7317.52819022629,7799.02724372735
41694.5324104043,0.319415224977845,0.576093282260557,0.201045959881003,-0.725031700136026,-4567.96696204455,-4952.79107393638,1603.47392971044,7986.95204487353,8792.56916100148,7319.50127992543,7804.47402790191
41715.7324777299,0.312725701947682,0.579752717115151,0.209423723364363,-0.722655607070987,-4608.63638814301,-4964.75197720663,1448.82748965536,7982.32240821289,8790.34832419266,7321.35660077629,7809.78554012555
41736.9325450555,0.305996954802189,0.583333041001465,0.217770159934119,-0.720183715707345,-4646.8195850103,-4974.03453537185,1293.39729017519,7977.87319455354,8788.20497763172,7323.09012851682,7814.94924943098
41758.1326123811,0.299229890032356,0.586833889528915,0.226084245634157,-0.717616452492293,-4682.49732372249,-4980.63520707451,1137.26779545614,7973.61739636332,8786.14099248735,7324.69903077025,7819.95280564492
41779.3326797067,0.292425415101629,0.590254907830401,0.234364964202358,-0.714954253039446,-4715.65173397247,-4984.55188671412,980.523752003312,7969.56758576145,8784.15707805802,7326.181852988,7824.78422372089
41800.5327470323,0.285584438276811,0.593595750403221,0.242611307032596,-0.712197562069185,-4746.2663106291,-4985.78390259121,823.250143560066,7965.73568278059,8782.25264352893,7327.53869996078,7829.43209230409
41821.7328143579,0.2787078684496,0.596856080962313,0.250822273107542,-0.709346833358517,-4774.32591955929,-4984.33201431173,665.532146081404,7962.13270021903,8780.42567370974,7328.77140427107,7833.88580300913
41842.9328816835,0.271796614950747,0.600035572312212,0.258996868899799,-0.706402529696329,-4799.8168027153,-4980.19840945867,507.455082785855,7958.76847130258,8778.67262705184,7329.88367166227,7838.13579475331
41864.1329490091,0.264851587360501,0.603133906244714,0.267134108240293,-0.703365122838258,-4822.72658248987,-4973.38669953806,349.104379310229,7955.65136907116,8776.98836487185,7330.88119227286,7842.17380509093
41885.3330163347,0.25787369531989,0.606150773466997,0.275233012155763,-0.700235093455827,-4843.0442653423,-4963.9019152073,190.565518991146,7952.78802859975,8775.36612064415,7331.77170649292,7845.99311855075
41906.5330836603,0.250863848350036,0.609085873567055,0.2832926086785,-0.697012931071008,-4860.76024469912,-4951.75050079373,31.9239982968847,7950.18308494233,8773.79751736871,7332.56501494012,7849.58880042317
41927.7331509859,0.243822955687517,0.611938915019973,0.291311932635117,-0.693699133968304,-4875.86630313355,-4936.94030811223,-126.734717567336,7947.83894325601,8772.27263986617,7333.27292289035,7852.95790132875
41948.9332183115,0.236751926143302,0.614709615233121,0.299290025424923,-0.690294209079385,-4888.35561382836,-4919.48058959074,-285.325238857995,7945.75559536012,8770.7801656751,7333.90911332835,7856.09961989298
41970.1332856371,0.229651667993981,0.617397700628832,0.307225934799521,-0.686798671833584,-4898.22274132716,-4899.38199071313,-443.762295273637,7943.93049765835,8769.30755517366,7334.48894609443,7859.01541033311
41991.3333529627,0.222523088912114,0.620002906757367,0.315118714657553,-0.683213045971751,-4905.46364157979,-4876.65654178913,-601.960779695272,7942.35852278747,8767.84129749356,7335.0291854413,7861.70902410921
42012.5334202883,0.215367095940393,0.622524978429826,0.322967424868653,-0.679537863323934,-4910.07566128766,-4851.3176490614,-759.835791665656,7941.03199363811,8766.36720457125,7335.54766348625,7864.18647815723
42033.7334876139,0.208184595511261,0.624963669857828,0.33077113113934,-0.675773663554929,-4912.05753655558,-4823.38008516025,-917.30268058681,7939.94080347944,8764.87074168794,7336.06289211009,7866.45594663337
42054.9335549395,0.200976493510047,0.627318744785239,0.338528904930694,-0.67192099388537,-4911.40939085682,-4792.85997891661,-1074.2770886157,7939.07262023587,8763.33737957544,7336.59364021995,7868.52757816916
42076.1336222651,0.193743695376029,0.62958997659719,0.346239823433438,-0.66798040879892,-4908.13273231852,-4759.77480454435,-1230.67499323862,7938.41316710861,8761.75295105197,7337.15849639036,7870.41324582821
42097.3336895907,0.186487106232627,0.631777148393317,0.353902969600982,-0.663952469748096,-4902.2304503352,-4724.1433702032,-1386.4127495053,7937.94656637346,8760.10399450519,7337.77543830197,7872.12624167678
42118.5337569163,0.179207631035651,0.633880053015338,0.36151743223581,-0.659837744871789,-4893.70681151804,-4685.98580595365,-1541.4071319045,7937.65572894469,8758.37806747192,7338.46142990522,7873.68093157935
42139.7338242419,0.171906174727478,0.635898493023381,0.369082306119931,-0.65563680873663,-4882.56745498845,-4645.32355111585,-1695.57537586346,7937.52276964963,8756.56401596347,7339.23206490702,7875.09238809341
42160.9338915675,0.164583642385328,0.637832280620168,0.376596692176718,-0.65135024211219,-4868.81938702411,-4602.17934104398,-1848.83521885397,7937.52942735468,8754.65218874193,7340.10127132686,7876.37601995811
42182.1339588931,0.157240939353349,0.639681237526789,0.384059697649566,-0.646978631786859,-4852.4709750666,-4556.57719332858,-2001.10494108883,7937.65747010769,8752.63459001083,7341.08108699766,7877.54721567481
42203.3340262187,0.149878971350699,0.641445194817509,0.391470436282661,-0.642522570427722,-4833.53194109954,-4508.54239343883,-2152.30340579292,7937.88906805355,8750.50496843109,7342.18151060064,7878.62101630445
42224.5340935443,0.14249864455079,0.643123992723757,0.398828028490529,-0.63798265648417,-4812.01335440665,-4458.10147981704,-2302.35009903358,7938.20712060812,8748.25884452508,7343.41042771507,7879.61182924938
42245.7341608699,0.135100865629945,0.644717480418645,0.406131601505568,-0.633359494132042,-4787.92762371906,-4405.28222843812,-2451.1651690961,7938.59552871369,8745.89348200159,7344.77360693041,7880.53319091528
42266.9342281955,0.127686541786453,0.646225515793424,0.413380289495992,-0.628653693252772,-4761.28848876187,-4350.11363684607,-2598.66946539027,7939.03940742999,8743.40781108122,7346.27475764785,7881.39758222056
42288.1342955211,0.120256580733229,0.647647965236182,0.42057323364998,-0.623865869440688,-4732.11101120961,-4292.62590768041,-2744.78457687508,7939.52523819678,8740.80231343357,7347.91563894829,7882.21629732493
42309.3343628467,0.112811890668733,0.648984703421295,0.427709582225005,-0.618996644031154,-4700.4115650608,-4232.85043170489,-2889.43286998879,7940.04096352208,8738.07887890091,7349.69620781823,7882.99936295678
42330.5344301723,0.105353380231557,0.650235613115993,0.434788490563891,-0.614046644142468,-4666.20782644155,-4170.81977035116,-3032.53752607285,7940.57602943038,8735.24064392157,7351.61479496623,7883.75550348026
42351.7344974979,0.0978819584442332,0.651400585008149,0.44180912108109,-0.609016502725269,-4629.51876284876,-4106.56763778987,-3174.02257827819,7941.12138270363,8732.29182068136,7353.66829721377,7884.49214538802
42372.9345648235,0.0903985346513988,0.652479517557371,0.448770643223869,-0.603906858614319,-4590.36462184284,-4040.12888254173,-3313.81294794351,7941.66943082462,8729.23752473078,7355.85237675852,7885.21545417662
42394.1346321491,0.0829040184568045,0.653472316869759,0.455672233413637,-0.598718356578793,-4548.76691920075,-3971.53946864097,-3451.83448043558,7942.21397271322,8726.0836073115,7358.16165924148,7885.93039644331
42415.3346994747,0.0753993196627403,0.654378896595408,0.462513074972679,-0.593451647368418,-4504.74842653938,-3900.83645636346,-3588.01398044218,7942.75010799222,8722.83649710627,7360.58992429596,7886.64082038919
42436.5347668003,0.0678853482145593,0.655199177846822,0.469292358041197,-0.588107387753945,-4458.33315841992,-3828.0579825318,-3722.27924670913,7943.27413179674,8719.50305468603,7363.13028395543,7887.34954857849
42457.7348341259,0.0603630141521076,0.655933089135929,0.47600927948897,-0.582686240561301,-4409.54635894351,-3753.24324040941,-3854.55910621313,7943.78342120079,8716.09044165738,7365.7753458381,7888.05847765179
42478.9349014515,0.0528332275691064,0.656580566327148,0.482663042825222,-0.577188874699478,-4358.4144878485,-3676.43245919562,-3984.78344776301,7944.27631830061,8712.60600545385,7368.51735934672,7888.76868061414
42500.1349687771,0.0452968985809183,0.657141552603994,0.489252858109564,-0.571615965182731,-4304.96520611962,-3597.66688313346,-4112.88325502234,7944.75201396385,8709.05717987824,7371.34834419453,7889.48050823292
42521.3350361027,0.0377549373006425,0.657615998446858,0.495777941866152,-0.565968193147926,-4249.22736111928,-3516.98875024183,-4238.79063894705,7945.21043529082,8705.45140087965,7374.26020139644,7890.19368692945
42542.5351034283,0.0302082538231482,0.658003861619905,0.502237517002629,-0.560246245868086,-4191.23097125108,-3434.44127068328,-4362.43886963202,7945.65213897764,8701.79603661511,7377.24480746667,7890.90741129934
42563.7351707539,0.0226577582806815,0.658305107235484,0.508630812731868,-0.554450816679975,-4131.00721016548,-3350.06860477881,-4483.7624075614,7946.07824185177,8698.09833738984,7380.29408150116,7891.62040378108
42584.9352380795,0.0151043607301009,0.658519707628323,0.514957064511105,-0.548582605139963,-4068.58839051747,-3263.91584068031,-4602.69693425755,7946.49035580517,8694.36539740012,7383.40003854137,7892.33097021205
42606.1353054051,0.00754897110863468,0.658647642316317,0.521215513977405,-0.542642317088916,-4004.00794728601,-3176.02897171163,-4719.17938232421,7946.89036731774,8690.6040886644,7386.55489397158,7893.03719223526
42627.3353727307,-7.50058914477551e-06,0.658688898191906,0.527405408885254,-0.536630664443482,-3937.30042066454,-3086.45487338845,-4833.14796487981,7947.28044307183,8686.82105186563,7389.75107451387,7893.73692107668
42648.5354400563,-0.00756414437036414,0.658643469453801,0.5335260030623,-0.530548365299687,-3868.50143853205,-2995.2412801273,-4944.54220437737,7947.66296769728,8683.0226784529,7392.98124783341,7894.42783089641
42669.7355073819,-0.0151200502302579,0.658511357619111,0.539576556367296,-0.524396143946998,-3797.64769851371,-2902.43676165344,-5053.3029608074,7948.04048628062,8679.21509849366,7396.23834500503,7895.10746795349
42690.9355747075,-0.0226743081335333,0.658292571540511,0.545556334654215,-0.518174730881298,-3724.77694964001,-2808.0906991173,-5159.37245928113,7948.41565444188,8675.40417380168,7399.51557595913,7895.77329318578
42712.1356420331,-0.0302260079936395,0.657987127425807,0.551464609742369,-0.511884862820146,-3649.92797361295,-2712.2532609287,-5262.6943169913,7948.79119526676,8671.59549534231,7402.80643911886,7896.42271884356
42733.3357093587,-0.0377742396505325,0.657595048859749,0.557300659392256,-0.505527282720651,-3573.14056568778,-2614.97537831792,-5363.21356954812,7949.16986245806,8667.79438406748,7406.10472626528,7897.05313974302
42754.5357766843,-0.0453180928474295,0.657116366828105,0.563063767286884,-0.499102739800138,-3494.45551517837,-2516.30872063213,-5460.87669668832,7949.55440907272,8664.00589445227,7409.40452353437,7897.66195970027
42775.7358440099,-0.0528566572069819,0.656551119744033,0.56875322301835,-0.492611989559734,-3413.91458559412,-2416.30567037574,-5555.63164735532,7949.94756122891,8660.23482011449,7412.70020932589,7898.24661368748
42796.9359113356,-0.0603890222072492,0.655899353476822,0.574368322079476,-0.486055793810903,-3331.56049441599,-2315.01929800259,-5647.42786414887,7950.35199620129,8656.48570099813,7415.98644978925,7898.80458622149
42818.1359786612,-0.06791427715781,0.655161121383109,0.579908365860341,-0.479434920704936,-3247.436892519,-2212.50333646779,-5736.21630714242,7950.77032436271,8652.76283168982,7419.25819244773,7899.33342645755
42839.3360459867,-0.0754315111763096,0.65433648434065,0.585372661649568,-0.472750144765368,-3161.58834324824,-2108.81215554662,-5821.94947706687,7951.20507447632,8649.0702705139,7422.51065843066,7899.83076042045
42860.5361133124,-0.0829398131657135,0.653425510784769,0.590760522640278,-0.466002246923216,-3074.06030115511,-2004.00073592762,-5904.58143785926,7951.65868188857,8645.41184911898,7425.73933370215,7900.29430076247
42881.736180638,-0.0904382717925056,0.652428276747559,0.596071267940628,-0.459192014554965,-2984.89909040028,-1898.12464308668,-5984.06783857507,7952.13347921992,8641.79118232499,7428.93995960543,7900.72185439735
42902.9362479636,-0.0979259754660547,0.651344865899955,0.601304222588886,-0.452320241523156,-2894.15188282957,-1791.24000094869,-6060.36593466254,7952.63168919492,8638.2116780484,7432.10852298146,7901.11132831905
42924.1363152892,-0.105402012319352,0.650175369596726,0.606458717573018,-0.445387728219449,-2801.86667572855,-1683.40346534295,-6133.43460859809,7953.15541929469,8634.67654716302,7435.24124607004,7901.46073387806
42945.3363826148,-0.112865470191311,0.648919886924481,0.611534089854778,-0.438395281609989,-2708.09226926164,-1574.67219725836,-6203.2343898808,7953.70665795401,8631.18881318758,7438.33457635822,7901.76818975327
42966.5364499404,-0.120315436610805,0.647578524752722,0.616529682398309,-0.431343715282929,-2612.8782436007,-1465.10383590398,-6269.72747438497,7954.28727206014,8627.75132171882,7441.38517650497,7902.03192382724
42987.736517266,-0.12775099878262,0.646151397788011,0.621444844203261,-0.424233849497923,-2516.27493574858,-1354.75647158048,-6332.87774306865,7954.89900554259,8624.36674955146,7444.38991444144,7902.25027414427
43008.9365845916,-0.135171243575483,0.644638628631256,0.626278930342489,-0.417066511237402,-2418.33341606198,-1243.68861836765,-6392.65078003658,7955.54347887127,8621.03761344433,7447.34585372105,7902.42168910659
43030.1366519172,-0.142575257512321,0.643040347838152,0.63103130200432,-0.40984253425946,-2319.10546447846,-1131.95918663292,-6449.01388995528,7956.22218930613,8617.76627850744,7450.25024417373,7902.54472704141
43051.3367192428,-0.149962126762922,0.641356693982767,0.635701326539473,-0.402562759152148,-2218.64354645168,-1019.62745536567,-6501.93611481822,7956.93651176311,8614.55496619557,7453.10051290209,7902.6180552528
43072.5367865684,-0.157330937139123,0.639587813724281,0.640288377512663,-0.39522803338898,-2117.00078859888,-906.753044341816,-6551.38825005839,7957.68770018143,8611.40576190405,7455.89425564383,7902.64044865519
43093.736853894,-0.164680774092709,0.637733861876843,0.644791834758927,-0.387839211385455,-2014.23095406463,-793.395886123204,-6597.34286000555,7958.47688929365,8608.32062216879,7458.62922851455,7902.6107880707
43114.9369212196,-0.17201072271614,0.635795001482527,0.64921108444474,-0.380397154556379,-1910.38841760407,-679.616197895923,-6639.77429268496,7959.30509671566,8605.30138147894,7461.303340136,7902.52805825954
43136.1369885452,-0.179319867746272,0.633771403887347,0.653545519133957,-0.37290273137381,-1805.52814038949,-565.47445315172,-6678.65869395407,7960.1732252856,8602.34975871416,7463.91464414874,7902.39134574203
43157.3370558708,-0.186607293571211,0.63166324882027,0.657794537858633,-0.365356817425372,-1699.70564454307,-451.031353216513,-6713.97402097352,7961.08206559275,8599.46736322151,7466.46133210282,7902.1998364608
43178.5371231964,-0.193872084240439,0.629470724475177,0.661957546194768,-0.357760295472771,-1592.97698739915,-336.347798629931,-6745.70005500794,7962.03229864655,8596.65570054965,7468.94172671621,7901.95281332401
43199.737190522,-0.201113323478369,0.627194027595701,0.666033956343008,-0.35011405551027,-1485.39873549892,-221.484860379784,-6773.818413552,7963.02449864431,8593.91617785904,7471.35427548759,7901.64965366279
43220.9372578476,-0.208330094701447,0.624833363562854,0.670023187214353,-0.342418994822916,-1377.02793832029,-106.503750995292,-6798.31256177666,7964.05913580315,8591.25010902767,7473.69754464858,7901.28982663076
43242.1373251732,-0.215521481038962,0.622388946485375,0.673924664520902,-0.334676018044298,-1267.92210174581,8.53420449702328,-6819.16782329,7965.13657922797,8588.65871947311,7475.97021343812,7900.87289056766
43263.3373924988,-0.222686565357696,0.61986099929268,0.677737820871649,-0.326886037213616,-1158.13916127138,123.567597750915,-6836.3713902066,7966.25709979205,8586.14315071057,7478.17106868165,7900.39849034518
43284.5374598244,-0.229824430290532,0.617249753830329,0.681462095873373,-0.319049971831844,-1047.73745495833,238.534966407467,-6849.91233251891,7967.42087301196,8583.70446466797,7480.29899965633,7899.86635470904
43305.73752715,-0.236934158269189,0.614555450957888,0.685096936236624,-0.31116874891674,-936.775696131734,353.374823527566,-6859.78160676373,7968.6279819014,8581.34364777762,7482.35299322399,7899.27629362823
43326.9375944756,-0.244014831561177,0.611778340649074,0.688641795886815,-0.303243303056505,-825.312945827489,468.02568714561,-6865.97206397616,7969.87841979245,8579.0616148644,7484.33212921284,7898.62819565962
43348.1376618012,-0.251065532311127,0.608918682094048,0.692096136080431,-0.295274576461835,-713.408584991156,582.42610994007,-6868.47845692299,7971.17209311543,8576.85921284969,7486.23557602956,7897.92202533352
43369.3377291268,-0.258085342586616,0.605976743803732,0.695459425526344,-0.287263519016151,-601.122286431313,696.514709016364,-6867.29744660706,7972.50882413038,8574.7372242897,7488.06258648332,7897.15782056413
43390.5377964524,-0.265073344428594,0.602952803716001,0.698731140512219,-0.279211088323776,-488.513986530512,810.230195797262,-6862.42760803354,7973.88835360582,8572.69637076645,7489.81249380372,7896.33569008674
43411.737863778,-0.272028619906559,0.599847149303602,0.701910765036002,-0.271118249755803,-375.643856716994,923.511406015761,-6853.86943522833,7975.31034344192,8570.73731614903,7491.48470783517,7895.45581092208
43432.9379311036,-0.278950251178565,0.596660077683656,0.70499779094245,-0.262985976493454,-262.572274700569,1036.29732980509,-6841.62534549889,7976.77437923658,8568.8606697425,7493.07871139018,7894.51842586689
43454.1379984292,-0.285837320556209,0.593391895728563,0.707991718064678,-0.254815249568654,-149.359795476244,1148.52714188016,-6825.6996829265,7978.27997279464,8567.06698934109,7494.59405674499,7893.52384100867
43475.3380657548,-0.292688910574657,0.590042920178166,0.710892054370668,-0.246607057901623,-36.0671220995226,1260.14023180442,-6806.09872107923,7979.82656458123,8565.35678420207,7496.0303622608,7892.47242326114
43496.5381330804,-0.299504104067859,0.586613477752971,0.7136983161147,-0.238362398335213,77.2449237624669,1371.0762343357,-6782.8306649338,7981.41352612142,8563.73051795628,7497.38730911455,7891.36459791642
43517.738200406,-0.306281984249019,0.583103905268272,0.716410027993627,-0.23008227566578,190.515431499475,1481.27505984405,-6755.90565199458,7983.04016234976,8562.1886114712,7498.66463812332,7890.2008462085
43538.9382677316,-0.31302163479641,0.579514549748971,0.719026723307939,-0.221767702670337,303.683431441355,1590.67692479441,-6725.33575259715,7984.70571391348,8560.73144568201,7499.86214664664,7888.98170288188
43560.1383350572,-0.31972213994464,0.575845768544915,0.721547944127529,-0.213419700129752,416.687924950702,1699.22238228612,-6691.13496938362,7986.40935943473,8559.35936440604,7500.97968555119,7887.70775375835
43581.3384023828,-0.326382584581429,0.572097929446544,0.723973241462069,-0.20503929684777,529.467914719129,1806.85235264098,-6653.31923593651,7988.15021773779,8558.07267715601,7502.01715622247,7886.37963329376
43602.5384697084,-0.333002054349973,0.568271410800655,0.72630217543591,-0.1966275296656,641.962435260936,1913.50815403083,-6611.90641455773,7989.92735004822,8556.8716619675,7502.97450760783,7884.99802211597
43623.738537034,-0.339579635756964,0.564366601626056,0.728534315467382,-0.188185443471853,754.110583597405,2019.13153313536,-6566.91629317865,7991.7397621721,8555.75656825611,7503.85173327551,7883.56364453357
43644.9386043596,-0.346114416286323,0.56038390172892,0.730669240452395,-0.179714091207591,865.851550124399,2123.66469581968,-6518.37058138726,7993.58640666413,8554.72761971994,7504.64886847372,7882.07726600465
43666.1386716852,-0.352605484518695,0.556323721817602,0.732706538952198,-0.171214533866252,977.124649655351,2227.05033782121,-6466.29290555797,7995.46618499518,8553.78501730357,7505.36598717376,7880.53969055282
43687.3387390108,-0.359051930256744,0.552186483616697,0.734645809385181,-0.162687840488235,1087.86935263113,2329.23167543426,-6410.70880306962,7997.37794973067,8552.92894223954,7506.00319908089,7878.95175811704
43708.5388063364,-0.365452844656293,0.547972619980118,0.736486660222551,-0.154135088149911,1198.02531648762,2430.15247618022,-6351.64571559692,7999.32050673287,8552.15955918441,7506.56064659576,7877.31434182001
43729.738873662,-0.371807320363329,0.543682575002957,0.73822871018775,-0.145557361946847,1307.53241717111,2529.75708945057,-6289.13298146071,8001.29261740189,8551.47701946644,7507.03850170902,7875.62834513827
43750.9389409876,-0.378114451656879,0.539316804131895,0.739871588459441,-0.136955754971016,1416.33078079101,2627.99047710911,-6223.20182702207,8003.29300097169,8550.8814644627,7507.43696281082,7873.89469895564
43772.1390083132,-0.384373334597789,0.534875774273912,0.741414934877888,-0.128331368281793,1524.36081539858,2724.79824403918,-6153.88535710582,8005.32033688013,8550.3730291242,7507.75625139609,7872.11435847905
43793.3390756388,-0.390583067183383,0.530359963903062,0.742858400154559,-0.11968531087052,1631.56324287956,2820.12666862074,-6081.21854443843,8007.3732672338,8549.95184566784,7507.99660864552,7870.28829999449
43814.5391429644,-0.396742749507993,0.525769863165067,0.744201646084753,-0.111018699618436,1737.87913094803,2913.92273312159,-6005.23821808622,8009.45039939148,8549.61804745517,7508.15829186138,7868.41751743738
43835.73921029,-0.402851483929349,0.521105973979469,0.745444345763053,-0.102332659247792,1843.24992522767,3006.13415398613,-5925.98305087922,8011.55030869321,8549.37177307822,7508.24157073568,7866.50301874969
43856.9392776156,-0.408908375240792,0.51636881013909,0.746586183801403,-0.0936283222659429,1947.61748140627,3096.70941200426,-5843.49354580705,8013.67154136493,8549.21317067355,7508.2467234277,7864.54582199291
43878.1393449412,-0.41491253084925,0.511558897406554,0.747626856549594,-0.0849068289022362,2050.92409744786,3185.59778234235,-5757.81202137292,8015.81261763323,8549.14240248593,7508.17403242571,7862.54695118244
43899.3394122668,-0.42086306095896,0.506676773607598,0.748566072317934,-0.0761693270375399,2153.11254584675,3272.74936441734,-5668.98259589281,8017.97203508838,8549.15964970386,7508.02378016746,7860.507431806
43920.5394795924,-0.426759078760831,0.501722988720917,0.749403551601865,-0.0674169721262225,2254.12610590624,3358.11511159436,-5577.05117072704,8020.14827233948,8549.26511758917,7507.79624439159,7858.42828598403
43941.739546918,-0.432599700627399,0.496698104964278,0.750139027308315,-0.0586509271104395,2353.90859602426,3441.64686068731,-5482.06541243208,8022.33979301041,8549.45904092259,7507.49169319189,7856.31052722647
43962.9396142436,-0.438384046313275,0.491602696876648,0.750772244983506,-0.0498723623265802,2452.40440596739,3523.29736124139,-5384.07473382137,8024.54505013181,8549.74168978749,7507.11037974432,7854.15515473549
43984.1396815692,-0.444111239160994,0.486437351396042,0.751302963042001,-0.0410824554037329,2549.55852911359,3603.02030457547,-5283.13027392424,8026.7624909908,8550.11337571205,7506.65253667647,7851.96314719913
44005.3397488948,-0.449780406312143,0.481202667932858,0.751730952996722,-0.0322823911540511,2645.31659464329,3680.77035256185,-5179.28487683318,8028.99056250768,8550.57445818932,7506.11837004785,7849.73545601581
44026.5398162205,-0.455390678923659,0.4758992584384,0.752055999689676,-0.0234733614549059,2739.62489965774,3756.5031661199,-5072.59306943044,8031.22771721714,8551.1253515915,7505.50805290978,7847.47299788457
44047.7398835461,-0.460941192389165,0.470527747468319,0.752277901523132,-0.0146565651227305,2832.43044120235,3830.17543339974,-4963.11103798584,8033.47241993971,8551.76653249136,7504.82171841359,7845.17664669098
44068.9399508717,-0.466431086443804,0.465088772240488,0.752396470766954,-0.00583320770419295,2923.68094817229,3901.74489763123,-4850.89660361897,8035.72318073775,8552.49855293292,7504.05944284936,7842.84720227036
44090.1400181973,-0.471859504188287,0.459582982662141,0.752411534559355,0.00299549938925551,3013.3249130767,3971.17038461303,-4736.0091966198,8037.97923559228,8553.32219761509,7503.22098249455,7840.48479046231
44111.3400855229,-0.47722559636927,0.454011041402891,0.752322932594933,0.0118283365701402,3101.3116236368,4038.41182981599,-4618.50982962303,8040.23947098073,8554.23826572658,7502.30616498151,7838.08980118782
44132.5401528485,-0.482528517836596,0.448373623955708,0.752130519705243,0.0206640785703953,3187.5911941931,4103.43030507447,-4498.46106963274,8042.50253863402,8555.24759528675,7501.31484711507,7835.6627875707
44153.7402201741,-0.487767428656088,0.442671418648478,0.751834165559221,0.0295014940611894,3272.1145968954,4166.18804483883,-4375.92700889541,8044.76715689039,8556.35113154698,7500.24680024553,7833.20419980357
44174.9402874997,-0.49294149455188,0.436905126671854,0.751433754769669,0.0383393457112439,3354.83369264909,4226.6484719617,-4250.97323462045,8047.03211759709,8557.54993509595,7499.10170268836,7830.71437660254
44196.1403548253,-0.498049887162045,0.431075462099457,0.750929187117702,0.0471763903701961,3435.70126179052,4284.77622299063,-4123.66679754929,8049.29630061856,8558.84519161679,7497.87912919074,7828.19353008747
44217.3404221509,-0.503091784294725,0.425183151900678,0.750320377777452,0.05601137926223,3514.67103446348,4340.53717293884,-3994.07617937515,8051.55869012089,8560.23822176082,7496.57853987441,7825.64172926576
44238.5404894765,-0.508066370187323,0.419228935945848,0.749607257539034,0.0648430581882106,3591.69772066837,4393.89845950611,-3862.27125901756,8053.8183925943,8561.73049094156,7495.19926879623,7823.05888223846
44259.7405568021,-0.512972835768897,0.413213567003451,0.74878977302929,0.0736701677359665,3666.73703995501,4444.82850672113,-3728.32327775721,8056.07465713036,8563.32361893202,7493.74051208761,7820.44471678022
44280.9406241277,-0.517810378926026,0.407137810729149,0.747867886929723,0.0824914434982929,3739.7457507298,4493.29704797687,-3592.30480323848,8058.32689778495,8565.01938894699,7492.20131592712,7817.79875956894
44302.1406914533,-0.522578204771615,0.401002445646291,0.746841578191582,0.0913056162986573,3810.68167914722,4539.27514843013,-3454.28969234855,8060.57471824411,8566.81975591102,7490.58056450172,7815.12031402987
44323.3407587789,-0.527275525916637,0.394808263117617,0.74571084224772,0.100111412424264,3879.50374755561,4582.7352267366,-3314.35305298418,8062.81793888832,8568.72685351451,7488.87696820768,7812.40843689682
44344.5408261045,-0.531901562744752,0.388556067307912,0.744475691220872,0.108907553866132,3946.17200246657,4623.65107609289,-3172.57120471867,8065.05662630138,8570.74299956927,7487.08905241802,7809.66191367052
44365.7408934301,-0.536455543689797,0.382246675137327,0.743136154127974,0.117692758565801,4010.64764201742,4661.99788455669,-3029.02163838368,8067.29112520089,8572.87069906839,7485.21514723319,7806.87923325385
44386.9409607557,-0.540936705516195,0.375880916225165,0.741692277080092,0.126465740668229,4072.8930428958,4697.75225461708,-2883.7829745823,8069.52209267163,8575.11264423744,7483.25337873721,7804.05856216863
44408.1410280813,-0.545344293602409,0.369459632823955,0.740144123477498,0.135225210780401,4132.8717866953,4730.89222198663,-2736.93492115184,8071.75053445667,8577.47171073245,7481.20166240283,7801.19771891272
44429.3410954069,-0.549677562227647,0.362983679743689,0.738491774199304,0.143969876235153,4190.5486856714,4761.39727358767,-2588.55822959656,8073.97784289673,8579.95094900173,7479.05769942541,7798.29414920322
44450.5411627325,-0.55393577486213,0.356453924266218,0.736735327787005,0.152698441359693,4245.8898078665,4789.24836470548,-2438.73465051274,8076.20583590128,8582.55356968518,7476.81897691387,7795.34490307231
44471.7412300581,-0.558118204461303,0.349871246049871,0.734874900621146,0.16140960774831,4298.86250157341,4814.42793528152,-2287.54688803018,8078.43679607919,8585.28292178803,7474.48277302387,7792.34661503875
44492.9412973837,-0.562224133764502,0.343236537024566,0.732910627090177,0.170102074538855,4349.43541910677,4836.91992532051,-2135.07855329645,8080.67350885065,8588.14246224604,7472.04616827469,7789.29548886507
44514.1413647093,-0.566252855598621,0.336550701277815,0.730842659750406,0.178774538692651,4397.57853985179,4856.70978938579,-1981.41411703177,8082.91929800363,8591.13571541479,7469.50606443566,7786.18728872277
44535.3414320349,-0.570203673187395,0.329814654932292,0.728671169475761,0.18742569527768,4443.26319256072,4873.78451015817,-1826.63886118484,8085.17805675422,8594.26622098847,7466.85921248318,7783.01733890957
44556.5414993605,-0.574075900466915,0.323029326015881,0.726396345595892,0.19605423775517,4486.46207686733,4888.13261103423,-1670.83882972135,8087.45427193213,8597.53746891266,7464.1022511931,7779.78053457409
44577.7415666861,-0.577868862407607,0.316195654325336,0.724018396021168,0.204658858270162,4527.14928399048,4899.74416774089,-1514.10077857893,8089.75303853904,8600.95282005062,7461.23175788724,7776.47136610376
44598.9416340117,-0.581581895343648,0.309314591285267,0.72153754735228,0.213238247946692,4565.30031659837,4908.61081894421,-1356.5121248244,8092.08006151862,8604.51541170524,7458.24431271214,7773.08395999684
44620.1417013373,-0.585214347310149,0.302387099804432,0.718954044972232,0.221791097188968,4600.8921078059,4914.7257758311,-1198.16089505048,8094.4416401585,8608.22804739063,7455.13657794954,7769.61214001539
44641.3417686629,-0.588765578384645,0.295414154130521,0.716268153121298,0.230316095991895,4633.90303927792,4918.08383064407,-1039.13567305123,8096.84463290821,8612.09307156907,7451.90539241197,7766.04950998664
44662.5418359885,-0.592234961035302,0.288396739706726,0.713480154950368,0.238811934262182,4664.31295841267,4918.68136415008,-879.52554681709,8099.29639781524,8616.1122305273,7448.54788123672,7762.38956144093
44683.7419033141,-0.595621880471655,0.281335853031743,0.710590352553117,0.247277302154378,4692.10319457977,4916.51635202583,-719.420054891853,8101.80470525434,8620.2865220706,7445.0615800135,7758.6258074662
44704.9419706397,-0.59892573499488,0.274232501525198,0.707599066976331,0.255710890425693,4717.25657438898,4911.58837014319,-558.909132135649,8104.37762021454,8624.61603816383,7441.44457103411,7754.7519430707
44726.1420379653,-0.602145936343103,0.267087703399813,0.704506638208942,0.264111390813868,4739.75743596617,4903.89859873978,-398.083054939375,8107.02335257352,8629.0998062578,7437.69562806095,7750.76203074308
44747.3421052909,-0.605281910026044,0.259902487540697,0.701313425151673,0.272477496442203,4759.59164221483,4893.44982546104,-237.032385937412,8109.75007550592,8633.7356366617,7433.81436448232,7746.65070786227
44768.5421726165,-0.608333095642331,0.252677893390764,0.698019805570657,0.280807902255129,4776.74659304202,4880.24644726184,-75.847918266771,8112.56571439262,8638.51998476368,7429.80137820296,7742.4134102631
44789.7422399421,-0.6112989471723,0.245414970839705,0.694626176039941,0.289101305486351,4791.21123652929,4864.29447115686,85.3793805779555,8115.47771122164,8643.4478379321,7425.6583852906,7738.04660378316
44810.9423072677,-0.614178931807206,0.238114779484533,0.691132953158949,0.297356406645261,4802.97607903025,4845.60151381062,246.558425243387,8118.4933394323,8648.51276362457,7421.38811786005,7733.54751502204
44832.1423745933,-0.616972533676759,0.230778389991656,0.687540570395227,0.305571908823349,4812.0331941779,4824.17679995992,407.59806931838,8121.61910308984,8653.7068133364,7416.99452641062,7728.91464252179
44853.3424419189,-0.619679252112864,0.22340688322123,0.683849479687187,0.313746518963608,4818.37623078629,4800.03115966254,568.407162385094,8124.85946548474,8659.0203135268,7412.4832144986,7724.14883857468
44874.5425092445,-0.622298600863344,0.216001349632609,0.680060152258765,0.321878948721723,4822.00041963224,4773.17702436803,728.894607266782,8128.21742458651,8664.44211082612,7407.86114377875,7719.25274742221
44895.7425765701,-0.624830108943823,0.208562889414761,0.676173077943461,0.329967914774576,4822.90257910495,4743.6284218082,888.96941741851,8131.69430403329,8669.95970488007,7403.13659190653,7714.23090740447
44916.9426438957,-0.627273320716614,0.201092612266254,0.672188765186414,0.338012139377049,4821.08111971225,4711.40096970612,1048.54077440642,8135.28960735489,8675.55944192385,7398.31905378862,7709.08977736641
44938.1427112213,-0.629627795928624,0.19359163712485,0.668107741085907,0.346010350900766,4816.53604743418,4676.51186830469,1207.51808542074,8139.00093293224,8681.22675834813,7393.41909429172,7703.83769388035
44959.3427785469,-0.631893109735726,0.186061091851975,0.663930551456539,0.353961284337681,4809.26896591615,4638.97989171712,1365.81104076736,8142.82395610407,8686.94646276152,7388.44815890255,7698.48475934979
44980.5428458725,-0.634068852727195,0.178502112874137,0.659657760906535,0.361863681759394,4799.28307749545,4598.82537810349,1523.32967128269,8146.7524805439,8692.70304190771,7383.41835199988,7693.04266576988
45001.7429131981,-0.636154630963041,0.170915844786784,0.655289952919361,0.369716292727327,4786.58318305667,4556.07021867946,1679.98440561636,8150.77855591449,8698.48097389434,7378.34219488803,7687.52446373276
45022.9429805237,-0.638150066035092,0.163303439928967,0.650827729928456,0.377517874653568,4771.17568071307,4510.73784556449,1835.68612732639,8154.892653996,8704.2650319085,7373.23237703312,7681.94429013637
45044.1430478493,-0.640054795159318,0.155666057938988,0.646271713373911,0.385267193116737,4753.06856331281,4462.85321847877,1990.3462317317,8159.08389157596,8710.04056293283,7368.10151390006,7676.31707051728
45065.3431151749,-0.641868471302879,0.148004865301809,0.641622543731226,0.392963022140975,4732.27141477049,4412.44281029999,2143.876682467,8163.34028580515,8715.7937286988,7362.96192348124,7670.65821275365
45086.5431825005,-0.643590763345202,0.140321034898274,0.636880880504698,0.400604144448579,4708.795405226,4359.53459149209,2296.19006768569,8167.64902666911,8721.51169979079,7357.82543128938,7664.98330810313
45107.7432498261,-0.645221356268778,0.132615745564501,0.632047402180872,0.408189351697789,4682.65328503476,4304.1580134203,2447.19965585667,8171.9967516595,8727.18279792678,7352.70321062951,7659.30785340482
45128.9433171517,-0.646759951372665,0.124890181667431,0.627122806140626,0.415717444716734,4653.85937759439,4246.34399056785,2596.819451102,8176.36980941459,8732.79658547204,7347.60566178245,7653.64700519954
45150.1433844773,-0.648206266500106,0.117145532699886,0.622107808531176,0.423187233742928,4622.42957101522,4186.1248816717,2744.96424802268,8180.75450166078,8738.34390476545,7342.54233070594,7648.01537298051
45171.3434518029,-0.649560036271265,0.109382992896075,0.617003144101447,0.430597538675384,4588.38130864295,4123.53446979554,2891.54968596104,8185.13729580354,8743.81687257074,7337.52186528263,7642.42685523436
45192.5435191285,-0.650821012312645,0.101603760866415,0.611809566005666,0.437947189343764,4551.73357844385,4058.60794136033,3036.49230264901,8189.50500359451,8749.20883677937,7332.5520051932,7636.89451873067
45213.7435864541,-0.651988963475943,0.0938090392490682,0.606527845580674,0.445235025796487,4512.50690126416,3991.38186415339,3179.70958719278,8193.8449241225,8754.51430340183,7327.63960023024,7631.43051891126
45234.9436537798,-0.653063676040769,0.0860000343747708,0.601158772102471,0.452459898607495,4470.72331797677,3921.89416433875,3321.12003234526,8198.14495173168,8759.72884200692,7322.79065125817,7626.04605733092
45256.1437211054,-0.654044953897293,0.0781779559411774,0.59570315252705,0.459620669199811,4426.40637552997,3850.18410249266,3460.64318601952,8202.39365125543,8764.8489772813,7318.01036796689,7620.75137091314
45277.343788431,-0.654932618706561,0.0703440166930927,0.590161811219787,0.466716210182836,4379.58111191416,3776.29224868899,3598.19970199711,8206.58030415576,8769.87207348052,7313.30323792734,7615.55574723492
45298.5438557566,-0.655726510037547,0.0624994321053728,0.584535589676787,0.473745405699828,4330.27404006392,3700.2604566608,3733.71138978719,8210.69492982845,8774.79621741336,7308.67310209435,7610.4675600211
45319.7439230822,-0.656426485481075,0.0546454200658641,0.578825346240679,0.480707151781775,4278.51313071405,3622.13183706494,3867.10126359352,8214.72828656356,8779.62010439741,7304.12323268976,7605.49431937281
45340.9439904078,-0.657032420741495,0.0467832005563999,0.573031955812528,0.487600356704074,4224.32779422947,3541.95072987793,3998.29359034811,8218.6718565448,8784.34293045939,7299.6564102319,7600.64273184639
45362.1440577334,-0.657544209707487,0.0389139953305098,0.567156309560864,0.494423941342725,4167.7488614299,3459.76267595166,4127.21393677196,8222.51781893556,8788.96429300615,7295.2749972808,7595.91876621965
45383.344125059,-0.657961764503568,0.0310390275870568,0.561199314628302,0.501176839527253,4108.80856343153,3375.61438775899,4253.78921542498,8226.25901462547,8793.48410130073,7290.98100719277,7591.32772154398
45404.5441923846,-0.658285015523957,0.0231595216394941,0.555161893835834,0.507857998387998,4047.54051052865,3289.55371935923,4377.94772970893,8229.88890567215,8797.90249735775,7286.77616679739,7586.87429482004
45425.7442597102,-0.658513911450407,0.0152767025808034,0.549044985384635,0.514466378695954,3983.97967013951,3201.62963561476,4499.61921778907,8233.40153192517,8802.21978731927,7282.66197241419,7582.56264630648
45446.9443270358,-0.658648419255365,0.00739179594437365,0.542849542555165,0.521000955193725,3918.16234384118,3111.89218069035,4618.73489540189,8236.79146681964,8806.43638297453,7278.63973901261,7578.39646103954
45468.1443943614,-0.658688522947324,-0.0004939738583208,0.536576534927567,0.527460716918734,3850.12614351933,3020.39244586702,4735.22749751833,8240.05444369403,8810.55290727597,7274.71038400126,7574.37841513673
45489.344461687,-0.658634226834506,-0.00837938072632521,0.530226944084712,0.533844667471113,3779.9099666593,2927.18253670325,4849.03131883352,8243.18664744902,8814.57001910284,7270.87470427569,7570.51081007926
45510.5445290126,-0.658485553132195,-0.0162631994105569,0.523801766123901,0.540151825384865,3707.55397080581,2832.31553957584,4960.08225305628,8246.1839861739,8818.48821559966,7267.13367849253,7566.79622736689
45531.7445963382,-0.658242541771632,-0.0241442060517054,0.517302011546995,0.546381224389699,3633.09954721883,2735.84548763384,5068.3178309732,8249.04275404654,8822.30795569413,7263.4882318042,7563.23695669238
45552.9446636638,-0.657905250801842,-0.0320211780919369,0.510728704387034,0.552531913681112,3556.58929375416,2637.82732619853,5173.67725726404,8251.75958086797,8826.02963630851,7259.93926247606,7559.83504703745
45574.1447309894,-0.657473756334871,-0.0398928946154334,0.504082881873038,0.558602958184693,3478.06698699733,2538.31687764282,5276.10144604729,8254.33140180572,8829.65357808256,7256.48765741976,7556.59233774439
45595.344798315,-0.656948152473358,-0.0477581366967601,0.497365594100995,0.564593438808546,3397.57755367988,2437.37080578336,5375.53305513629,8256.75543083194,8833.18001567801,7253.13430375858,7553.51048465125
45616.5448656406,-0.656328551229186,-0.0556156877480124,0.49057790370063,0.570502452683955,3315.16704140757,2335.04657981866,5471.91651898837,8259.02913735766,8836.60909187032,7249.88009708673,7550.5909820294
45637.7449329662,-0.655615082433643,-0.0634643338639995,0.483720885497862,0.576329113394326,3230.88258873008,2231.40243784639,5565.19808033134,8261.15022587115,8839.94085479897,7246.72594690091,7547.83518074996
45658.9450002918,-0.654807893639295,-0.0713028641649174,0.476795626173094,0.58207255119251,3144.77239458205,2126.49734999287,5655.32582045296,8263.11661835659,8843.17525782379,7243.6727796362,7545.24430309784
45680.1450676174,-0.653907150013774,-0.0791300711360183,0.469803223915546,0.58773191320655,3056.88568712541,2020.39098118766,5742.24968814158,8264.92643924763,8846.31216150586,7240.72153969362,7542.81945463816
45701.345134943,-0.652913034225643,-0.0869447509638225,0.46274478807387,0.593306363633976,2967.27269202296,1913.14365361559,5825.92152726705,8266.57800266162,8849.35133729785,7237.87318880214,7540.5616335176
45722.5452022686,-0.651825746322491,-0.0947457038684564,0.455621438803322,0.5987950839247,2875.98460017321,1804.81630887854,5906.29510299315,8268.06980166158,8852.29247258816,7235.12870401666,7538.47173755687
45743.7452695942,-0.65064550360143,-0.102531734431732,0.44843430670979,0.604197272952611,2783.07353493629,1695.47046989889,5983.32612661425,8269.4004992997,8855.13517679687,7232.48907461434,7536.55056946112
45764.9453369198,-0.649372540472136,-0.110301651920621,0.441184532491,0.609512147175955,2688.59251888087,1585.16820259579,6056.97227901048,8270.56892120915,8857.87898826843,7229.95529811653,7534.79884044466
45786.1454042454,-0.648007108312615,-0.118054270605796,0.433873266575235,0.614738940786568,2592.59544008151,1473.9720773655,6127.19323271715,8271.57404952523,8860.52338174722,7227.5283756318,7533.21717253693
45807.345471571,-0.646549475317838,-0.125788410074949,0.426501668757912,0.619876905848057,2495.13701799596,1361.94513039599,6193.95067260576,8272.41501793413,8863.06777625738,7225.20930668731,7531.8060998078
45828.5455388966,-0.644999926341447,-0.133502895540614,0.419070907836375,0.62492531242301,2396.27276895154,1249.15082484589,6257.20831517508,8273.0911076649,8865.51154323924,7222.99908369072,7530.56606872253
45849.7456062222,-0.643358762730697,-0.141196558142231,0.411582161243256,0.629883448689315,2296.05897126934,1135.65301191718,6316.93192645247,8273.60174425747,8867.85401482012,7220.89868614342,7529.49743781245
45870.9456735478,-0.641626302154849,-0.148868235242238,0.404036614678767,0.634750621045681,2194.55263005487,1021.51589185023,6373.08933850634,8273.94649495745,8870.0944921197,7218.90907470635,7528.60047682298
45892.1457408734,-0.639802878427197,-0.15651677071597,0.396435461742284,0.639526154206456,2091.81144168314,906.803974869641,6425.65046457251,8274.12506660469,8872.23225350891,7217.03118520351,7527.87536547997
45913.345808199,-0.637888841320956,-0.164141015235159,0.388779903563582,0.644209391285839,1987.89375800612,791.582042108273,6474.58731279779,8274.13730389815,8874.26656275679,7215.26592263381,7527.32219199569
45934.5458755246,-0.635884556379229,-0.171739826544884,0.381071148434066,0.648799693871588,1882.85855030966,675.915106536508,6519.87399860547,8273.98318793482,8876.19667701314,7213.61415524961,7526.9409514184
45955.7459428502,-0.63379040471928,-0.179312069733769,0.373310411438361,0.653296442088341,1776.76537304699,559.868373923055,6561.48675568844,8273.66283493403,8878.02185458595,7212.07670874938,7526.73154391337
45976.9460101758,-0.631606782831348,-0.186856617497315,0.365498914086593,0.657699034650666,1669.67432737503,443.507203852952,6599.40394563633,8273.17649507107,8879.74136248204,7210.65436062314,7526.6937730496
45998.1460775014,-0.629334102372252,-0.194372350394211,0.357637883947708,0.662006888905959,1561.64602451963,326.897070827829,6633.60606620437,8272.52455135611,8881.35448368671,7209.3478346808,7526.82734415337
46019.346144827,-0.626972789954019,-0.201858157095505,0.349728554284147,0.666219440867347,1452.74154899507,210.103525472783,6664.07575823201,8271.70751850453,8882.86052416552,7208.15779578704,7527.13186277842
46040.5462121526,-0.624523286927808,-0.209312934626527,0.341772163688211,0.670336145236699,1343.02242170297,93.1921558736448,6690.79781122064,8270.72604175544,8884.25881957612,7207.08484482012,7527.60683333301
46061.7462794782,-0.621986049163372,-0.216735588601472,0.33376995572042,0.674356475417936,1232.55056293495,-23.7714509322728,6713.75916757986,8269.58089560307,8885.54874168318,7206.12951386697,7528.25165789422
46082.9463468038,-0.61936154682432,-0.224125033450557,0.325723178550174,0.678279923520772,1121.38825530316,-140.721747289454,6732.948925553,8268.27298241451,8886.72970447317,7205.29226166227,7529.06563523271
46104.1464141294,-0.616650264118727,-0.231480192683222,0.317633084638656,0.682106000340545,1009.59810662211,-257.593263059615,6748.35834083271,8266.8033401259,8887.80117211367,7204.57346571154,7530.04795192723
46125.346481455,-0.613852698257646,-0.238800000860055,0.309500931967758,0.685834234740535,897.243012764887,-374.320643538009,6759.98082687834,8265.17400418042,8888.76286955454,7203.97307986165,7531.19691876167
46146.5465487806,-0.610969361648517,-0.246083398652688,0.301327979018218,0.689464175352964,784.386120516299,-490.838687129939,6767.81195394709,8263.38677050468,8889.61451439688,7203.49109659107,7532.51105710345
46167.7466161062,-0.608000779498708,-0.253329337472468,0.293115488491206,0.692995389098142,671.090790444812,-607.082382767457,6771.84944685166,8261.44300643631,8890.35576688739,7203.12762735093,7533.98926551551
46188.9466834318,-0.604947489947281,-0.260536778958152,0.284864726298752,0.696427461353537,557.420559815119,-722.986947046598,6772.0931814571,8259.34420698913,8890.98635699273,7202.88268842784,7535.63033011164
46210.1467507574,-0.601810044001634,-0.267704694775859,0.276576960876918,0.699759996031356,443.439105562353,-838.487861066152,6768.54517993062,8257.09197977549,8891.5060854278,7202.75620299359,7537.43293651397
46231.346818083,-0.598589005294118,-0.274832066785536,0.268253462843708,0.702992615522914,329.210207348657,-953.520906949498,6761.20960475771,8254.68804258513,8891.91482773343,7202.74799825377,7539.39567052017
46252.5468854086,-0.595284949833338,-0.281917887206904,0.259895504667772,0.706124960632465,214.797710722371,-1068.02220403152,6750.09275153898,8252.13422110181,8892.21253818826,7202.85780268525,7541.51701873107
46273.7469527342,-0.59189846575359,-0.288961158777833,0.251504360341799,0.70915669050315,100.265490399675,-1181.92824469306,6735.20304058186,8249.4324465302,8892.39925350793,7203.08524344339,7543.79536933948
46294.9470200598,-0.588430153062747,-0.29596089490506,0.243081305060697,0.712087482535352,-14.3225863118818,-1295.17592982594,6716.55100730198,8246.58475314576,8892.47509634532,7203.42984392562,7546.22901306543
46316.1470873854,-0.58488062338885,-0.302916119807249,0.23462761490473,0.714917032297671,-128.902695928889,-1407.70260391181,6694.14929144908,8243.59327578748,8892.44027860771,7203.89102147449,7548.81614421668
46337.347154711,-0.581250499725647,-0.309825868650456,0.226144566527811,0.71764505343075,-243.411095027949,-1519.44608969878,6668.01262517258,8240.4602473155,8892.29510460714,7204.46808520264,7551.55486185152
46358.5472220367,-0.577540416177353,-0.316689187676031,0.217633436851105,0.720271277544205,-357.784156283583,-1630.34472245996,6638.1578199424,8237.18799605715,8892.03997406122,7205.16023392077,7554.4431710193
46379.7472893622,-0.573751017702853,-0.323505134321012,0.209095502762098,0.722795454106866,-471.958404290171,-1740.33738381855,6604.60375234041,8233.77894326718,8891.675384962,7205.96655414933,7557.47898405242
46400.9473566878,-0.569882959859598,-0.33027277733108,0.200532040819291,0.725217350330595,-585.870551150258,-1849.36353512446,6567.37134873859,8230.2356006292,8891.20193633146,7206.88601819313,7560.66012188208
46422.1474240134,-0.565936908547435,-0.336991196866148,0.191944326962649,0.727536751047911,-699.457531811863,-1957.36325036774,6526.48356887982,8226.56056782691,8890.62033088204,7207.91748225805,7563.98431534923
46443.347491339,-0.561913539752589,-0.343659484598639,0.183333636229926,0.729753458583668,-812.656539137733,-2064.27724861453,6481.96538837759,8222.75653021523,8889.93137760167,7209.05968458784,7567.44920647996
46464.5475586646,-0.557813539292049,-0.350276743804575,0.174701242478992,0.731867292621031,-925.405058689738,-2170.04692595158,6433.8437801512,8218.82625662264,8889.13599428266,7210.31124359891,7571.0523496946
46485.7476259903,-0.553637602558542,-0.356842089447532,0.166048418116265,0.733878090061991,-1037.6409032119,-2274.61438692542,6382.14769481304,8214.77259731765,8888.23521001463,7211.67065598987,7574.79121291725
46506.9476933159,-0.549386434266353,-0.363354648255582,0.157376433831338,0.735785704882675,-1149.30224679581,-2377.92247546315,6326.90804002487,8210.59848217353,8887.23016766108,7213.13629480283,7578.66317855222
46528.1477606415,-0.545060748198062,-0.369813558791855,0.148686558338304,0.737590007983421,-1260.32765871239,-2479.91480526135,6268.15765884032,8206.30691924082,8886.12212638155,7214.70640734462,7582.66554413864
46549.3478279671,-0.540661266952864,-0.376217971516775,0.139980058122279,0.739290887034874,-1370.65613689425,-2580.53578963061,6205.93130705084,8201.90099355824,8884.9124641755,7216.37911302008,7586.79552282793
46570.5478952927,-0.536188721696155,-0.382567048844232,0.131258197192881,0.740888246319331,-1480.2271410531,-2679.73067078298,6140.2656295528,8197.38386530648,8883.60268023781,7218.15240142815,7591.05024447322
46591.7479626183,-0.531643851910405,-0.388859965193003,0.122522236845518,0.742382006566925,-1588.98062541688,-2777.44554855015,6071.19913575345,8192.75876963422,8882.19439768294,7220.02412980406,7595.4267552718
46612.9480299439,-0.527027405148321,-0.395095907029618,0.113773435427627,0.74377210478887,-1696.85707107156,-2873.62740852034,5998.77217403397,8188.02901640467,8880.68936624739,7221.9920204733,7599.92201750015
46634.1480972695,-0.522340136787882,-0.401274072905529,0.105013048111968,0.745058494106643,-1803.79751789267,-2968.2241495822,5923.02690528783,8183.19799036103,8879.089465091,7224.05365812181,7604.53290889899
46655.3481645951,-0.517582809789571,-0.407393673488134,0.0962423266765349,0.746241143577639,-1909.74359605195,-3061.18461086429,5844.00727555316,8178.26915177989,8877.39670571938,7226.20648685176,7609.25622164428
46676.5482319207,-0.512756194455971,-0.413453931585758,0.0874625192910965,0.747320038017558,-2014.63755708464,-3152.45859805896,5761.75898775795,8173.24603766217,8875.61323504422,7228.44780700132,7614.08866085698
46697.7482992463,-0.507861068193913,-0.419454082166741,0.0786748703103667,0.748295177819717,-2118.42230450327,-3241.99690911972,5676.32947259743,8168.13226351502,8873.74133859614,7230.77477170792,7619.02684260132
46718.9483665719,-0.502898215279326,-0.425393372372773,0.0698806200738161,0.749166578771562,-2221.04142394379,-3329.75135932151,5587.76785856284,8162.9315257808,8871.78344390361,7233.18438319657,7624.06729131891
46740.1484338975,-0.497868426624959,-0.431271061526641,0.0610810047121097,0.749934271868563,-2322.43921283041,-3415.67480567363,5496.12494114174,8157.64760497297,8869.7421240475,7235.67348877712,7629.20643664318
46761.3485012231,-0.492772499551135,-0.437086421134515,0.0522772559601561,0.750598303125729,-2422.56070954553,-3499.72117067507,5401.45315120968,8152.28436958151,8867.62010139827,7238.23877653792,7634.44060953622
46782.5485685487,-0.487611237543485,-0.44283873511371,0.0434706011282722,0.751158733252664,-2521.35172209147,-3581.84546540283,5303.80652263383,8146.84583342812,8865.42026398816,7240.87675018578,7639.76599117426
46803.7486358743,-0.482385449995041,-0.448527300653532,0.034662263481041,0.751615636939459,-2618.75885623086,-3662.00381192352,5203.24065910936,8141.33684938298,8863.14583619245,7243.58345158639,7645.17799888653
46824.9487031999,-0.47709595223235,-0.454151424267334,0.0258534595070836,0.751969104971058,-2714.72954309299,-3740.15346501938,5099.81270024954,8135.76176603539,8860.80007206808,7246.35497606547,7650.6724701664
46846.1487705255,-0.471743564986798,-0.459710425953514,0.0170454015168015,0.752219241611325,-2809.21206623356,-3816.25283321984,4993.58128695106,8130.12479965681,8858.38633627864,7249.18733368309,7656.24533538994
46867.3488378511,-0.466329114291086,-0.465203637988893,0.00823929669257141,0.752366165079479,-2902.15558813547,-3890.2614991303,4884.60652605642,8124.43029392772,8855.90816409461,7252.0763480046,7661.89238967745
46888.5489051767,-0.460853431281937,-0.470630404744915,-0.000563653162268998,0.752410007443026,-2993.5101761387,-3962.14023904995,4772.9499543355,8118.68272511055,8853.36926481512,7255.01765194189,7667.60928796584
46909.7489725023,-0.455317351996345,-0.475990082653168,-0.00936225176744823,0.752350914420066,-3083.22682778766,-4031.85104187104,4658.67450180855,8112.88671334749,8850.7735264762,7258.00668146508,7673.3915345905
46930.9490398279,-0.449721717171878,-0.481282040169595,-0.0181553085018685,0.75218904517905,-3171.25749558449,-4099.35712725235,4541.84445443385,8107.0470354059,8848.12502052816,7261.03866916863,7679.23447159218
46952.1491071535,-0.44406737205131,-0.48650565773467,-0.0269416385337612,0.751924572137868,-3257.55511113746,-4164.6229630598,4422.5254161826,8101.16863885443,8845.42800636045,7264.10863782454,7685.13326577108
46973.3491744791,-0.438355166191712,-0.491660327729606,-0.0357200629450777,0.751557680762463,-3342.07360869362,-4227.61428206785,4300.78427052498,8095.25665773297,8842.68693554865,7267.21139404929,7691.08289444084
46994.5492418047,-0.432585953278157,-0.49674545442872,-0.0444894088502893,0.751088569365148,-3424.76794804536,-4288.29809791559,4176.6891413508,8089.31642976843,8839.90645566609,7270.34152224614,7697.07812984677
47015.7493091303,-0.426760590942162,-0.501760453948032,-0.0532485095097908,0.750517448902787,-3505.59413680103,-4346.64272031186,4050.30935334899,8083.35351516993,8837.091413466,7273.49337902582,7703.11352223253
47036.9493764559,-0.420879940585006,-0.506704754190186,-0.0619962044381266,0.749844542775028,-3584.50925200985,-4402.61776948421,3921.71539187018,8077.37371701168,8834.24685719518,7276.66108835876,7709.18338156488
47058.1494437815,-0.414944867206047,-0.511577794785735,-0.0707313395072796,0.749070086622758,-3661.47146113208,-4456.194189867,3790.97886229711,8071.38310317658,8831.37803774936,7279.83853777002,7715.28175796153
47079.3495111071,-0.408956239236167,-0.516379027030805,-0.0794527670452946,0.748194328126976,-3736.44004234556,-4507.34426302447,3658.17244894762,8065.38802978767,8828.49040832119,7283.01937595664,7721.40242091212
47100.5495784327,-0.402914928376457,-0.521107913821125,-0.0881593459305257,0.747217526808286,-3809.37540418036,-4556.04161980477,3523.3698735355,8059.39516599498,8825.58962212442,7286.19701228557,7727.5388374404
47121.7496457583,-0.396821809442228,-0.525763929582351,-0.0968499416818323,0.74613995382726,-3880.23910447351,-4602.26125172204,3386.64585321453,8053.41151990822,8822.68152770126,7289.3646187204,7733.68414942956
47142.9497130839,-0.390677760212427,-0.530346560196578,-0.105523426545062,0.744961891785914,-3948.99386863651,-4645.97952156342,3248.07605823116,8047.44446537003,8819.77216123601,7292.51513482636,7739.83115042366
47164.1497804095,-0.384483661284493,-0.534855302924851,-0.11417867957618,0.743683634530623,-4015.60360722855,-4687.17417321896,3107.73706921185,8041.50176914469,8816.86773520505,7295.6412766158,7745.97226233106
47185.3498477351,-0.37824039593465,-0.539289666325458,-0.122814586721426,0.742305486956833,-4080.03343282894,-4725.82434073264,2965.70633411068,8035.59161795132,8813.97462259568,7298.73555011767,7752.09951259174
47206.5499150607,-0.371948849983564,-0.543649170167675,-0.131430040894851,0.740827764816007,-4142.24967620275,-4761.91055657328,2822.06212484355,8029.72264459458,8811.09933582482,7301.79027068459,7758.20451253329
47227.7499823863,-0.365609911667225,-0.547933345340592,-0.140023942053606,0.739250794525322,-4202.21990175419,-4795.41475912462,2676.88349363495,8023.90395223758,8808.24849938883,7304.79758918187,7764.27843783153
47248.9500497119,-0.359224471512795,-0.552141733756571,-0.148595197271274,0.737574912980744,-4259.91292226262,-4826.32029939464,2530.25022910367,8018.14513561932,8805.42881518435,7307.74952633075,7770.31201221179
47270.1501170375,-0.352793422219049,-0.556273888248793,-0.157142720809499,0.735800467374226,-4315.29881289695,-4854.61194694417,2382.24281211371,8012.45629774286,8802.64701936611,7310.63801659137,7776.29549577509
47291.3501843631,-0.34631765854088,-0.560329372462354,-0.165665434188016,0.733927815015893,-4368.34892450411,-4880.2758950362,2232.94237141666,8006.84806025432,8799.90982956377,7313.45496305613,7782.21867960602
47312.5502516887,-0.339798077177125,-0.564307760738295,-0.174162266253044,0.731957323162262,-4419.0358961686,-4903.29976500691,2082.43063911207,8001.33156540407,8797.22388128259,7316.19230486409,7788.07088860676
47333.7503190143,-0.333235576660788,-0.568208637990017,-0.182632153243756,0.72988936885163,-4467.33366703985,-4923.67260986087,1930.78990595187,7995.9184671433,8794.59565238147,7318.84209861763,7793.84099479275
47354.9503863399,-0.326631057250451,-0.572031599571584,-0.191074038856247,0.727724338747983,-4513.21748742539,-4941.38491709274,1778.10297651527,7990.62090858341,8792.03137468195,7321.39661515639,7799.51744355806
47376.1504536655,-0.319985420821438,-0.575776251137622,-0.199486874304021,0.725462628994799,-4556.66392914781,-4956.42861073866,1624.45312428018,7985.45148276153,8789.53693203937,7323.84845278746,7805.08829564473
47397.3505209911,-0.313299570755019,-0.57944220849478,-0.207869618373569,0.723104645080254,-4597.65089516436,-4968.79705266108,1469.92404661724,7980.42317345544,8787.11774463289,7326.19066764832,7810.54128769108
47418.5505883167,-0.306574411823703,-0.583029097445176,-0.21622123747305,0.720650801715253,-4636.1576284485,-4978.48504307105,1314.59981973229,7975.54927272656,8784.77863983179,7328.41692125379,7815.86391424192
47439.7506556423,-0.299810850070547,-0.586536553622798,-0.224540705671504,0.718101522725588,-4672.16472013328,-4985.48882029282,1158.56485358292,7970.84327200635,8782.52371079619,7330.52164441659,7821.04353391874
47460.9507229679,-0.293009792680318,-0.589964222324638,-0.232827004725423,0.715457240959171,-4705.65411691683,-4989.80605977594,1001.90384679468,7966.31872395009,8780.3561649811,7332.50021561096,7826.06750200937
47482.1507902935,-0.286172147840508,-0.593311758339212,-0.241079124088956,0.712718398208777,-4736.60912773109,-4991.43587236056,844.701741602114,7961.98907303882,8778.27816593025,7334.34915046593,7830.92333097611
47503.3508576191,-0.279298824590581,-0.596578825776228,-0.249296060903618,0.709885445149931,-4765.01442967511,-4990.37880180219,687.043678839441,7957.86745408435,8776.29067313346,7336.06629745622,7835.59887924355
47524.5509249447,-0.272390732658508,-0.599765097902257,-0.25747681996323,0.706958841292532,-4790.85607321489,-4986.63682156262,529.014953005769,7953.96645942953,8774.39328621052,7337.65103307097,7840.08256707771
47545.7509922703,-0.265448782284675,-0.602870256988334,-0.265620413650075,0.703939054943513,-4814.12148665251,-4980.21333087413,370.7009674289,7950.29787774992,8772.58410116095,7339.10444790207,7844.36361640428
47566.9510595959,-0.258473884034681,-0.605893994176302,-0.273725861839014,0.70082656317637,-4834.79947986738,-4971.11315008474,212.187189551801,7946.8724099016,8770.85958772247,7340.42951337916,7848.43230909515
47588.1511269215,-0.251466948604321,-0.608836009371344,-0.281792191767641,0.697621851801675,-4852.88024733315,-4959.34251529247,53.5591063652267,7943.69937016319,8769.21449782441,7341.6312174924,7852.2802556473
47609.3511942472,-0.244428886621732,-0.611696011167283,-0.289818437872889,0.694325415331899,-4868.35537041454,-4944.90907227714,-105.097819990364,7940.78638421203,8767.64181546798,7342.71665707451,7855.90066354643
47630.5512615727,-0.237360608453488,-0.614473716810006,-0.297803641597277,0.690937756933059,-4881.2178189484,-4927.82186973858,-263.698196430915,7938.13909671315,8766.13275759015,7343.6950748281,7859.28859332542
47651.7513288984,-0.230263024024822,-0.61716885220649,-0.305746851169653,0.687459388351712,-4891.46195211401,-4908.09135185063,-422.15674292071,7935.76090632215,8764.67683461328,7344.57782949298,7862.44118613937
47672.951396224,-0.223137042662167,-0.619781151976266,-0.313647121371433,0.68389082981304,-4899.08351859816,-4885.7293501405,-580.388336228392,7933.6527441831,8763.26197613821,7345.37829121817,7865.35784842194
47694.1514635496,-0.215983572968982,-0.622310359545016,-0.321503513299839,0.680232609881623,-4904.07965606087,-4860.74907470356,-738.308053425882,7931.81291301705,8761.87472387385,7346.11165759683,7868.04037859481
47715.3515308752,-0.208803522743835,-0.624756227273074,-0.329315094142837,0.676485265281495,-4906.44888990786,-4833.16510476386,-895.831215109514,7930.23700191293,8760.50048939273,7346.79469083525,7870.493022898
47736.5515982008,-0.201597798947618,-0.627118516607857,-0.337080936981124,0.672649340675336,-4906.19113137687,-4802.993378591,-1052.87342832325,7928.91788830188,8759.12386936741,7347.44538222173,7872.72245096784
47757.7516655264,-0.194367307723383,-0.629396998245876,-0.344800120631685,0.668725388406796,-4903.30767494442,-4770.25118278442,-1209.35062916447,7927.84583348419,8757.72900610514,7348.08255586086,7874.7376466248
47778.951732852,-0.187112954468089,-0.631591452287854,-0.352471729544679,0.664713968214092,-4897.80119506088,-4734.95714093613,-1365.1791250533,7927.0086718582,8756.29997704333,7348.72542887604,7876.54971506814
47800.1518001776,-0.179835643950995,-0.633701668370188,-0.360094853761204,0.660615646926614,-4889.67574222152,-4697.13120168338,-1520.2756366472,7926.39208732004,8754.82119396442,7349.39314927266,7878.17161370205
47821.3518675032,-0.172536280469275,-0.635727445757635,-0.367668588933959,0.656430998158689,-4878.93673838151,-4656.79462616298,-1674.55733938296,7925.97996393511,8753.27779146693,7350.10433483295,7879.61781943004
47842.5519348288,-0.165215768028232,-0.637668593385583,-0.375192036407089,0.652160602015482,-4865.59097172357,-4613.96997487908,-1827.94190462915,7925.75479269646,8751.65598489393,7350.87663646124,7880.90394977017
47863.7520021544,-0.157875010531696,-0.639524929845156,-0.382664303346063,0.64780504482509,-4849.64659078682,-4568.68109399635,-1980.34754043226,7925.69811260949,8749.94338040252,7351.72634729384,7882.04635802438
47884.95206948,-0.150514911968146,-0.641296283309823,-0.390084502904341,0.643364918908469,-4831.11309796587,-4520.95310107082,-2131.69303184101,7925.790962852,8748.12922382883,7352.66807492578,7883.06172368844
47906.1521368056,-0.143136376579576,-0.642982491407591,-0.397451754411081,0.638840822395149,-4810.00134238934,-4470.81237023065,-2281.89778079332,7926.01432341959,8746.20457993675,7353.71448882816,7883.96665830084
47927.3522041312,-0.135740309002969,-0.644583401047281,-0.404765183563697,0.63423335908855,-4786.32351218732,-4418.28651681914,-2430.88184555163,7926.34952423926,8744.16243890685,7354.87614912471,7884.77734426411
47948.5522714568,-0.128327614377796,-0.646098868210524,-0.412023922610316,0.629543138380518,-4760.09312615733,-4363.40438151255,-2578.56597967251,7926.77860674601,8741.99775192208,7356.1614170683,7885.50922028788
47969.7523387824,-0.120899198416731,-0.647528757722602,-0.419227110509924,0.62477077521113,-4731.3250248386,-4306.19601392507,-2724.87167049743,7927.2846267638,8739.7074019368,7357.57644241555,7886.17672256825
47990.952406108,-0.113455967440297,-0.648872943015211,-0.426373893061468,0.619916890067187,-4700.03536100472,-4246.69265571369,-2869.721177152,7927.85189259011,8737.29011885564,7359.12521886871,7886.79308619361
48012.1524734336,-0.105998828378916,-0.650131305892959,-0.433463422997025,0.614982109011241,-4666.24158958451,-4184.92672319527,-3013.03756804182,7928.46613691376,8734.74635026506,7360.80969605596,7887.37020703274
48033.3525407592,-0.0985286887478296,-0.651303736313186,-0.440494860037679,0.609967063732545,-4629.96245702157,-4120.93178948852,-3154.74475783363,7929.11462519905,8732.07809959433,7362.62993516689,7887.91856085422
48054.5526080848,-0.0910464566013436,-0.652390132186165,-0.447467370913717,0.604872391611672,-4591.21799008256,-4054.74256619322,-3294.76754391104,7929.78620621974,8729.28874330679,7364.58429520542,7888.44717382644
48075.7526754104,-0.0835530404730885,-0.653390399200066,-0.454380129352936,0.599698735791638,-4550.0294841246,-3986.39488461921,-3433.03164229488,7930.47131245446,8726.38283767958,7366.66963761871,7888.96363689447
48096.952742736,-0.0760493493085838,-0.654304450672679,-0.461232316042225,0.594446745249724,-4506.4194908321,-3915.92567657732,-3569.46372301874,7931.16191912132,8723.3659241917,7368.88153851971,7889.47415574648
48118.1528100616,-0.0685362923955425,-0.655132207429952,-0.468023118568161,0.589117074865738,-4460.4118054334,-3843.37295474467,-3703.99144495089,7931.85147087803,8720.24434075507,7371.21449955725,7889.98362802124
48139.3528773872,-0.0610147792963008,-0.655873597709949,-0.474751731342432,0.583710385483927,-4412.03145340754,-3768.77579261614,-3836.54349005433,7932.53478483403,8717.02504420051,7373.6621504574,7890.49573989183
48160.5529447128,-0.0534857197856329,-0.656528557089822,-0.481417355517419,0.578227343967045,-4361.30467669139,-3692.17430405423,-3967.04959707743,7933.20793770693,8713.71544772042,7376.21743817465,7891.01307500523
48181.7530120384,-0.0459500237961485,-0.657097028432966,-0.488019198896623,0.572668623242095,-4308.25891939753,-3613.60962244896,-4095.44059466794,7933.86814388774,8710.32327547248,7378.87279932249,7891.5372298016
48202.953079364,-0.0384086013725416,-0.657578961853266,-0.494556475843808,0.567034902338065,-4252.92281305284,-3533.12387949932,-4221.64843390404,7934.51363000462,8706.85643530966,7381.62031402788,7892.06893034989
48224.1531466896,-0.0308623626352049,-0.657974314693495,-0.50102840719387,0.561326866416505,-4195.32616136811,-3450.76018362785,-4345.60622023617,7935.14351040559,8703.32290963515,7384.45184054378,7892.608146921
48245.3532140152,-0.0233122178220863,-0.658283051590796,-0.507434220164419,0.555545206706577,-4135.49992454831,-3366.56259803934,-4467.24824483434,7935.75769980433,8699.73067120276,7387.35911819421,7893.15417452488
48266.5532813408,-0.015759077141073,-0.6585051443286,-0.513773148285345,0.54969062069622,-4073.47620315364,-3280.57611843477,-4586.51001533578,7936.35681743199,8696.08761273331,7390.33385703753,7893.70571958585
48287.7533486664,-0.00820385073949846,-0.658640571828899,-0.520044431321986,0.543763812169344,-4009.28822152074,-3192.84665039103,-4703.32828598831,7936.94194944874,8692.40145621501,7393.36786924265,7894.26111053457
48308.953415992,-0.000647448852130074,-0.658689320327883,-0.526247315203103,0.537765491025132,-3942.97031075374,-3103.42098641697,-4817.64108718538,7937.51463219736,8688.67972215539,7396.45310511554,7894.81831355008
48330.1534833176,0.00690921826375458,-0.658651383315405,-0.532381051966781,0.531696373380927,-3874.55789129431,-3012.34678269596,-4929.38775438896,7938.07676723746,8684.92969363935,7399.58170447,7895.37500747082
48351.3535506432,0.0144652403220141,-0.658526761552121,-0.538444899709564,0.525557181588132,-3804.08745507985,-2919.67253552476,-5038.50895643685,7938.63054370804,8681.15838983081,7402.74603692518,7895.92865168455
48372.5536179688,0.0220197069949162,-0.65831546309166,-0.544438122542756,0.519348644246223,-3731.59654729871,-2825.44755745841,-5144.94672323142,7939.17836990604,8677.37254777358,7405.93873202276,7896.4765455046
48393.7536852944,0.029571707896912,-0.658017503305213,-0.550359990555748,0.51307149621813,-3657.12374775105,-2729.72195317047,-5248.64447280703,7939.7228134904,8673.5786110763,7409.15270074019,7897.01587965706
48414.95375262,0.0371203325657364,-0.657632904908231,-0.556209779786026,0.506726478647556,-3580.70865182366,-2632.54659503754,-5349.54703777368,7940.26654969175,8669.78272423648,7412.38114980346,7897.54378051215
48436.1538199456,0.0446646704415328,-0.657161697989105,-0.561986772195578,0.500314338978628,-3502.39185108712,-2533.9730984568,-5447.60069113465,7940.81231684361,8665.99073151092,7415.61759005408,7898.05734773433
48457.3538872712,0.0522038108446217,-0.656603920039823,-0.567690255653364,0.493835830978124,-3422.21491352283,-2434.05379690504,-5542.75317147615,7941.36287852736,8662.20817938828,7418.85583997258,7898.55368603262
48478.5539545968,0.0597368429524557,-0.655959615988592,-0.57331952392357,0.487291714760495,-3340.22036338789,-2332.8417167472,-5634.95370752726,7941.9209916284,8658.44032185843,7422.09002531493,7899.02993167617
48499.7540219224,0.0672628557762293,-0.655228838234542,-0.578873876659389,0.480682756815729,-3256.45166072488,-2230.39055180226,-5724.15304208831,7942.48937962841,8654.69212780053,7425.31457568037,7899.4832744052
48520.954089248,0.0747809381375633,-0.65441164668461,-0.5843526194021,0.47400973004012,-3170.95318052372,-2126.75463767386,-5810.30345532633,7943.07071049881,8650.96828992572,7428.52421870373,7899.91097532383
48542.1541565736,0.082290178645619,-0.653508108792705,-0.589755063585276,0.467273413769904,-3083.7701915424,-2021.98892585294,-5893.35878743605,7943.66757860845,8647.27323480999,7431.71397245314,7900.31038131123
48563.3542238992,0.089789665674963,-0.652518299601302,-0.595080526543958,0.460474593817692,-2994.94883479301,-1916.14895759919,-5973.27446066502,7944.28249011152,8643.61113364005,7434.87913651482,7900.67893643537
48584.5542912248,0.0972784873444604,-0.651442301785561,-0.600328331528685,0.453614062511613,-2904.5361016992,-1809.29083760788,-6050.00750070139,7944.91785133405,8639.98591336873,7438.01528216049,7901.01419080251
48605.7543585504,0.10475573149745,-0.650280205700102,-0.605497807724301,0.446692618737017,-2812.57981193116,-1701.47120746841,-6123.51655742304,7945.57595972959,8636.40126803938,7441.11824191922,7901.31380722564
48626.954425876,0.112220485683427,-0.64903210942852,-0.610588290273476,0.439711067980617,-2719.12859092353,-1592.74721892045,-6193.76192500648,7946.25899702451,8632.86067009171,7444.18409881224,7901.57556604859
48648.1544932016,0.119671837141438,-0.647698118835737,-0.615599120304907,0.432670222376887,-2624.23184708175,-1483.17650691359,-6260.70556139391,7946.96902421832,8629.36738150496,7447.20917545615,7901.79736842012
48669.3545605272,0.127108872785383,-0.64627834762325,-0.620529644966184,0.425570900756539,-2527.93974868171,-1372.81716247581,-6324.31110711684,7947.707978148,8625.92446467026,7450.19002319563,7901.97723827269
48690.5546278528,0.134530679191407,-0.644772917387342,-0.625379217461319,0.41841392869691,-2430.3032004678,-1261.72770539607,-6384.5439034743,7948.47766936224,8622.53479291398,7453.1234113896,7902.11332322622
48711.7546951784,0.141936342587543,-0.643181957680284,-0.630147197092953,0.411200138574057,-2331.37381995352,-1149.96705672606,-6441.37101006365,7949.27978108695,8619.20106061707,7456.00631694432,7902.20389460594
48732.954762504,0.149324948845772,-0.641505606074576,-0.634832949309269,0.403930369616341,-2231.20391342928,-1037.59451110576,-6494.76122166154,7950.11586909309,8615.92579289513,7458.8359141622,7902.2473467355
48754.1548298296,0.156695583476665,-0.639744008230204,-0.639435845755624,0.396605467959344,-2129.84645168118,-924.669708917657,-6544.68508445279,7950.98736230508,8612.7113548187,7461.60956495443,7902.24219564335
48775.3548971552,0.164047331626743,-0.637897317964943,-0.643955264330965,0.389226286701856,-2027.3550454248,-811.252608273727,-6591.11491160399,7951.89556401165,8609.55996016543,7464.32480944973,7902.18707729839
48796.5549644808,0.171379278078728,-0.635965697327676,-0.648390589249027,0.381793685962768,-1923.78392045736,-697.403456839772,-6634.02479817899,7952.84165356171,8606.4736797052,7466.97935701777,7902.08074547354
48817.7550318064,0.178690507254804,-0.633949316674695,-0.652741211104401,0.374308532938629,-1819.18789253206,-583.182763501023,-6673.39063539253,7953.82668844531,8603.45444902592,7469.5710777163,7901.92206931958
48838.9550991321,0.185980103223052,-0.631848354748956,-0.657006526943472,0.366771701961665,-1713.62234195744,-468.651269873168,-6709.1901241984,7954.85160667593,8600.50407591369,7472.09799416204,7901.71003071821
48860.1551664577,0.193247149707197,-0.629662998762238,-0.661185940340291,0.359184074558039,-1607.14318792514,-353.869921662736,-6741.40278820771,7955.91722940311,8597.62424730437,7474.55827381988,7901.44372147183
48881.3552337833,0.200490730099799,-0.627393444480126,-0.665278861477409,0.35154653950613,-1499.806862569,-238.899839880732,-6770.00998593272,7957.02426369627,8594.81653582663,7476.95022169973,7901.12234037725
48902.5553011089,0.207709927479042,-0.625039896309769,-0.669284707231713,0.343859992894615,-1391.6702847582,-123.802291913422,-6794.994922351,7958.17330545033,8592.08240595835,7479.27227344693,7900.74519022244
48923.7553684345,0.214903824629244,-0.622602567390319,-0.673202901265288,0.336125338180128,-1282.7908336275,-8.63866245414292,-6816.3426597846,7959.36484237226,8589.42321981943,7481.52298880957,7900.31167473787
48944.9554357601,0.222071504065228,-0.620081679685964,-0.67703287412134,0.328343486244266,-1173.22632184701,106.529575699949,-6834.04012808798,7960.59925701488,8586.8402426246,7483.70104546429,7899.82129552794
48966.1555030857,0.229212048060697,-0.617477464081448,-0.680774063325198,0.320515355449727,-1063.03496863446,221.640890982202,-6848.07613413828,7961.87682983029,8584.3346478201,7485.80523318096,7899.27364900296
48987.3555704113,0.236324538680732,-0.61479016047999,-0.684425913490398,0.312641871695335,-952.275372512529,336.633722517801,-6858.4413706211,7963.19774222053,8581.90752192785,7487.83444830575,7898.66842332744
49008.5556377369,0.243408057818543,-0.61202001790346,-0.687987876429888,0.304723968469739,-841.006483813932,451.446509707903,-6865.128424104,7964.56207956801,8579.55986912046,7489.78768854208,7898.00539539699
49029.7557050625,0.250461687236614,-0.609167294594708,-0.691459411272326,0.296762586903541,-729.287576937209,566.017721932207,-6868.13178238996,7965.96983423099,8577.29261554998,7491.66404800871,7897.2844278526
49050.9557723881,0.257484508612349,-0.606232258121904,-0.694839984583479,0.288758675819627,-617.178222355956,680.285888365422,-6867.4478411421,7967.42090849375,8575.10661345247,7493.46271255432,7896.50546613892
49072.1558397137,0.264475603588349,-0.603215185484757,-0.698129070492722,0.280713191781464,-504.738258384602,794.189627902834,-6863.07490977082,7968.91511746311,8573.00264505004,7495.18295530841,7895.66853561029
49093.3559070393,0.271434053827437,-0.600116363222456,-0.701326150824595,0.272627099139125,-392.027762703855,907.667679189941,-6855.01321657358,7970.45219190532,8570.98142627113,7496.82413244857,7894.7737386867
49114.5559743649,0.278358941072541,-0.596936087523193,-0.704430715235415,0.264501370072818,-279.107023649213,1020.65893075082,-6843.2649131174,7972.03178101972,8569.04361030915,7498.38567916489,7893.82125206017
49135.7560416905,0.28524934721155,-0.593674664335099,-0.707442261354888,0.256336984633655,-166.036511266123,1133.10245120956,-6827.83407785358,7973.65345514685,8567.18979103907,7499.86710580239,7892.81132395041
49156.9561090161,0.292104354347245,-0.590332409478423,-0.710360294932692,0.248134930781456,-52.8768481356456,1244.9375195987,-6808.72671895342,7975.31670841037,8565.42050631078,7501.26799416307,7891.74427140745
49178.1561763417,0.298923044872403,-0.586909648758801,-0.713184329989964,0.239896204419324,60.311220025197,1356.10365574835,-6785.95077635356,7977.02096129357,8563.73624113746,7502.58799394976,7890.62047765798
49199.3562436673,0.30570450155018,-0.583406718081396,-0.715913888975654,0.23162180942477,173.466853983918,1466.54065074896,-6759.51612299893,7978.76556315187,8562.13743079672,7503.82681933407,7889.44038949088
49220.5563109929,0.312447807599848,-0.579823963565777,-0.718548502927643,0.223312757677128,286.529150829013,1576.18859748064,-6729.4345652709,7980.54979466473,8560.6244638622,7504.98424563116,7888.20451467638
49241.7563783185,0.319152046787988,-0.576161741661288,-0.721087711638574,0.214970069081055,399.437174017099,1684.987921201,-6695.71984258782,7982.37287023008,8559.1976851822,7506.06010606473,7886.913419413
49262.9564456441,0.325816303525196,-0.572420419262759,-0.723531063826301,0.206594771585842,512.129983625006,1792.87941018332,-6658.38762616476,7984.2339403067,8557.85739882251,7507.05428860525,7885.56772579463
49284.1565129697,0.332439662968399,-0.56860037382632,-0.725878117308846,0.198187901200329,624.546666800635,1899.80424639615,-6617.45551691894,7986.13209370966,8556.60387098994,7507.96673286518,7884.16810929013
49305.3565802953,0.339021211128825,-0.564701993485134,-0.728128439183777,0.189750502003176,736.626368405851,2005.70403621469,-6572.94304250693,7988.06635986583,8555.437332953,7508.79742703444,7882.7152962261
49326.5566476209,0.345560034985696,-0.560725677164821,-0.730281606011869,0.181283626148261,848.308321844157,2110.52084115413,-6524.87165347962,7990.03571103669,8554.35798397663,7509.54640483988,7881.21006126325
49347.7567149465,0.352055222605692,-0.556671834698359,-0.73233720400495,0.172788333864968,959.531880065294,2214.19720861397,-6473.2647185404,7992.03906451747,8553.36599428722,7510.21374251195,7879.65322485514
49368.9567822721,0.358505863268228,-0.552540886940239,-0.73429482921777,0.164265693453145,1070.23654673831,2316.67620262206,-6418.14751889233,7994.07528482192,8552.46150808541,7510.79955574163,7878.04565067731
49390.1568495977,0.364911047596581,-0.548333265879651,-0.736154087743762,0.155716781272514,1180.36200758401,2417.90143456622,-6359.54724165923,7996.1431858641,8551.64464662345,7511.30399661042,7876.38824301341
49411.3569169233,0.371269867694889,-0.544049414752458,-0.737914595914544,0.147142681726283,1289.84816185691,2517.81709390075,-6297.49297236628,7998.24153314936,8550.91551136512,7511.72725047545,7874.68194408361
49432.5569842489,0.377581417291048,-0.539689788151735,-0.739575980502992,0.13854448723878,1398.63515396643,2616.36797881417,-6232.01568646515,8000.36904598863,8550.27418724624,7512.06953279159,7872.92773129901
49453.7570515745,0.3838447918855,-0.53525485213662,-0.741137878929715,0.129923298226862,1506.66340522582,2713.49952684408,-6163.14823988887,8002.52439975165,8549.72074605459,7512.33108585104,7871.12661442399
49474.9571189001,0.390059088905927,-0.530745084339248,-0.742599939472746,0.121280223064915,1613.87364571711,2809.15784542405,-6090.92535862199,8004.70622817708,8549.25524994868,7512.5121754208,7869.27963262662
49496.1571862257,0.396223407867837,-0.526160974069511,-0.743961821480273,0.112616378043229,1720.20694625917,2903.28974234683,-6015.38362727112,8006.91312575932,8548.87775513558,7512.61308725674,7867.38785139495
49517.3572535513,0.402336850541004,-0.521503022417397,-0.745223195586187,0.103932887319547,1825.60475046549,2995.84275612733,-5936.56147662199,8009.14365023509,8548.58831572898,7512.63412347224,7865.45235929469
49538.5573208769,0.408398521121759,-0.516771742352659,-0.746383743928265,0.0952308828636147,1930.00890687718,3086.76518624803,-5854.49917016865,8011.39632519502,8548.3869878091,7512.57559873816,7863.47426454096
49559.7573882025,0.414407526411065,-0.511967658821557,-0.747443160368755,0.0865115043945247,2033.36170115615,3176.00612326879,-5769.23878960129,8013.66964284957,8548.27383370732,7512.43783628926,7861.45469135393
49580.9574555281,0.420362975998341,-0.507091308840418,-0.748401150717143,0.0777758993106909,2135.60588832232,3263.5154787821,-5680.82421923947,8015.96206698196,8548.24892653921,7512.22116371103,7859.39477606464
49602.1575228537,0.426263982450957,-0.502143241585743,-0.74925743295488,0.0690252226122849,2236.6847250182,3349.24401519429,-5589.30112939789,8018.27203612528,8548.31235501007,7511.9259084793,7857.29566293375
49623.3575901793,0.432109661509336,-0.497124018480629,-0.750011737461816,0.0602606368159653,2336.54200178284,3433.14337531208,-5494.71695867272,8020.59796700587,8548.46422851839,7511.5523932232,7855.1584996417
49644.5576575049,0.437899132287575,-0.492034213277206,-0.750663807244105,0.0514833118617593,2435.12207531683,3515.1661117135,-5397.12089513673,8022.9382583003,8548.70468258239,7511.10093068081,7852.9844324046
49665.7577248305,0.443631517479475,-0.486874412134855,-0.751213398163329,0.0426944250119478,2532.36990071877,3595.26571588127,-5296.56385643268,8025.29129475972,8549.03388461562,7510.57181831507,7850.77460066487
49686.9577921561,0.44930594356989,-0.481645213693927,-0.751660279166585,0.0338951607418306,2628.23106367301,3673.39664707582,-5193.09846875483,8027.65545176179,8549.45204007711,7509.96533255619,7848.5301313008
49708.1578594817,0.454921541051258,-0.476347229144694,-0.752004232517262,0.0250867106222491,2722.65181256735,3749.51436092498,-5086.77904470948,8030.02910035845,8549.95939902092,7509.28172263557,7846.25213229334
49729.3579268073,0.46047744464518,-0.470981082291278,-0.752245054026267,0.0162702731937647,2815.57909051903,3823.575337706,-4977.66156004643,8032.41061289557,8550.55626306836,7508.52120397543,7843.94168578254
49750.5579941329,0.465972793357468,-0.465547409610303,-0.752382553390598,0.00744705372736562,2906.96056728591,3895.53711029559,-4865.8036292543,8034.7984068492,8551.24300098023,7507.68393697239,7841.59980752685
49771.7580614585,0.471406729663164,-0.460046860279856,-0.752416555093689,-0.00138173654264647,2996.74467103937,3965.35829176248,-4751.26448001362,8037.19162566241,8552.02020634645,7506.76976323406,7839.22684683339
49792.9581287841,0.476778403639912,-0.454480096248104,-0.752346896185734,-0.010214878197209,3084.88061997465,4032.99860257684,-4634.10492650295,8039.58898688868,8552.88846265304,7505.77862564711,7836.82349185215
49814.1581961097,0.482086969404579,-0.448847792299753,-0.752173428877078,-0.0190511461399265,3171.31845373328,4098.41889741026,-4514.38734155439,8041.9889938176,8553.84838831882,7504.71048984999,7834.3905841063
49835.3582634353,0.487331586317106,-0.44315063606755,-0.751896020181674,-0.0278893091620869,3256.00906461199,4161.58119149928,-4392.17562765641,8044.39019696584,8554.90069720695,7503.5652437461,7831.92888727182
49856.5583307609,0.492511419390676,-0.437389328060572,-0.751514552043847,-0.036728130020985,3338.90422853129,4222.44868654539,-4267.53518680303,8046.79120004266,8556.04620714418,7502.34268961789,7829.43907940911
49877.7583980865,0.497625639547131,-0.431564581685351,-0.751028921562868,-0.045566365623915,3419.95663573671,4280.98579612366,-4140.53288919017,8049.19067231014,8557.28585004884,7501.04253360626,7826.92173957086
49898.9584654121,0.502673423872991,-0.425677123259672,-0.750439041217675,-0.0544027672225415,3499.11992120471,4337.1581705721,-4011.23704076123,8051.58736259703,8558.62068244745,7499.6643745168,7824.37733297814
49920.1585327377,0.507653955878829,-0.419727692018825,-0.749744839089594,-0.0632360806157789,3576.34869472503,4390.93272133349,-3879.71734960571,8053.9801151129,8560.0518962914,7498.20769198485,7821.80619468572
49941.3586000633,0.512566425762403,-0.413717040114072,-0.74894625908234,-0.0720650463607325,3651.5985706304,4442.27764472103,-3746.04489121639,8056.36788687218,8561.58082987683,7496.67183418249,7819.20851196783
49962.5586673889,0.517410030673825,-0.407645932602891,-0.748043261140089,-0.0808883999924074,3724.82619714429,4491.16244507934,-3610.29207261205,8058.74976745974,8563.20897882643,7495.05600493863,7816.58430486364
49983.7587347146,0.52218397498427,-0.401515147430822,-0.747035821462171,-0.0897048722510251,3795.98928531697,4537.55795731185,-3472.53259533475,8061.12500101317,8564.93800685979,7493.35925049769,7813.93340509193
50004.9588020401,0.52688747055725,-0.395325475404569,-0.74592393271465,-0.0985131893171951,3865.04663751951,4581.43636874599,-3332.8414173323,8063.49301060572,8566.76975608256,7491.58044607516,7811.25543329713
50026.1588693657,0.53151973702242,-0.389077720156038,-0.744707604238421,-0.107312073054569,3931.9581754655,4622.77124030724,-3191.29471373846,8065.85342520084,8568.70625645001,7489.71828242603,7808.54977462882
50047.3589366914,0.536080002051857,-0.382772698097034,-0.743386862253465,-0.116100241259636,3996.68496772952,4661.53752697365,-3047.96983656519,8068.20610928526,8570.74973396523,7487.77125272758,7805.81555274289
50068.5590040169,0.540567501638762,-0.376411238364304,-0.741961750058932,-0.124876407918253,4059.18925673181,4697.71159748212,-2902.94527332337,8070.5511952324,8572.90261706665,7485.73764016945,7803.05160239764
50089.7590713426,0.544981480378595,-0.369994182754687,-0.740432328228637,-0.133639283468471,4119.43448515785,4731.27125325853,-2756.30060459005,8072.88911836669,8575.16754053685,7483.61550675285,7800.25644092847
50110.9591386682,0.549321191752737,-0.36352238565011,-0.738798674801555,-0.142387575069144,4177.38532178213,4762.19574654374,-2608.11646054251,8075.22065458803,8577.54734612631,7481.4026839297,7797.42823902534
50132.1592059938,0.553585898414853,-0.356996713932261,-0.73706088546677,-0.151119986873773,4233.007686665,4790.46579768807,-2458.47447648113,8077.54696026711,8580.04507893255,7479.09676585972,7794.56479141286
50153.3592733194,0.557774872480234,-0.350418046886824,-0.735219073742278,-0.159835220309006,4286.26877569182,4816.06361158732,-2307.45724736514,8079.86961392892,8582.66397841055,7476.6951062301,7791.66348824702
50174.559340645,0.561887395818512,-0.343787276097271,-0.733273371146926,-0.16853197435719,4337.13708442392,4838.97289323419,-2155.1482813873,8082.19065899793,8585.40746272121,7474.19481976295,7788.72128829929
50195.7594079706,0.565922760350222,-0.337105305328343,-0.731223927364589,-0.177208945842404,4385.58243123077,4859.17886235904,-2001.63195261537,8084.5126465757,8588.27910496066,7471.59278972681,7785.73469529788
50216.9594752962,0.56988026834785,-0.330373050399541,-0.729070910399558,-0.185864829719462,4431.5759796736,4876.66826713537,-1846.99345273031,8086.83867685993,8591.28259966945,7468.88568295662,7782.69973913494
50238.1595426218,0.573759232742016,-0.323591439049173,-0.726814506721885,-0.194498319365492,4475.09026011087,4891.42939692565,-1691.31874189287,8089.1724373894,8594.42171791866,7466.06997405861,7779.61196401914
50259.3596099474,0.577558977433564,-0.316761410789806,-0.724454921401213,-0.203108106873924,4516.09919049642,4903.45209404436,-1534.69449877241,8091.51823582276,8597.70024923596,7463.14198060932,7776.46642603886
50280.559677273,0.581278837612221,-0.309883916756295,-0.721992378227434,-0.211692883350991,4554.57809634205,4912.72776451581,-1377.20806977316,8093.88102444441,8601.12192870575,7460.09791122028,7773.25770297559
50301.7597445986,0.584918160082424,-0.302959919547946,-0.719427119816285,-0.220251339215312,4590.50372981663,4919.24938780546,-1218.94741749542,8096.26641307008,8604.69034779358,7456.93392829718,7769.97991953057
50322.9598119242,0.588476303595856,-0.295990393066534,-0.716759407698494,-0.228782164501916,4623.85428795475,4923.01152550465,-1060.00106847059,8098.6806668753,8608.40884792849,7453.64622699862,7766.62679105304
50344.1598792498,0.591952639194086,-0.288976322353681,-0.713989522387488,-0.237284049170998,4654.60942994876,4924.01032894951,-900.458060210815,8101.13068388267,8612.2803962185,7450.23113203229,7763.19169013909
50365.3599465754,0.59534655055416,-0.281918703428265,-0.711117763428914,-0.245755683426545,4682.75029349879,4922.24354575641,-740.407887615453,8103.62394865051,8616.30744402617,7446.68521253704,7759.66773850908
50386.560013901,0.598657434340629,-0.274818543128334,-0.708144449426105,-0.254195758045871,4708.25951019665,4917.7105252574,-579.940448778401,8106.1684579725,8620.49177020136,7443.00541465779,7756.04792674045
50407.7600812266,0.601884700559459,-0.26767685895984,-0.705069918041864,-0.262602964724855,4731.12121992006,4910.41222282037,-419.145990241503,8108.77261419141,8624.83431214324,7439.18921043668,7752.32526406576
50428.9601485522,0.605027772909453,-0.260494678954563,-0.701894525976682,-0.270975996443513,4751.32108421535,4900.35120304034,-258.115051740869,8111.44508348487,8629.33498980786,7435.23475981354,7748.49295830881
50450.1602158778,0.6080860891257,-0.253273041538882,-0.698618648924551,-0.279313547856686,4768.84629864748,4887.5316417894,-96.938410494151,8114.19461784198,8633.99252965701,7431.14108082605,7744.54462423634
50471.3602832034,0.611059101308123,-0.246012995413735,-0.695242681509278,-0.287614315714393,4783.68560409762,4871.95932711467,64.292974921945,8117.02984165331,8638.80429743824,7426.90822120062,7740.47451613862
50492.560350529,0.613946274710743,-0.238715598783276,-0.691767038559664,-0.295876999830564,4795.82929699016,4853.64165897485,225.488021053491,8119.95962228261,8643.76628751071,7422.53718855844,7736.27723674903
50513.7604178546,0.616747091854951,-0.231381920867388,-0.688192151631382,-0.304100302231266,4805.26923843169,4832.58764780786,386.555576359076,8122.9923143933,8648.87291183385,7418.03026982441,7731.94841737198
50534.9604851802,0.61946105035307,-0.224013040850089,-0.684518471008252,-0.312282928564935,4811.99886224667,4808.80791192336,547.404478255273,8126.13459418276,8654.11672729474,7413.39148651346,7727.48574473567
50556.1605525058,0.622087662494629,-0.216610047467285,-0.680746466186203,-0.320423588837005,4816.0131818954,4782.3146737158,707.943610364573,8129.39193841727,8659.48857461368,7408.62639274763,7722.88852357077
50577.3606198314,0.624626456068819,-0.209174039162329,-0.676876625211853,-0.328520997747842,4817.30879626167,4753.12175469527,868.081959911983,8132.76833646876,8664.97761516823,7403.74211233569,7718.1578876916
50598.560687157,0.627076974472595,-0.201706123932834,-0.672909454634246,-0.33657387527574,4815.88389429901,4721.24456933503,1027.72867521591,8136.26605051617,8670.57143888846,7398.74731251682,7713.29694545291
50619.7607544826,0.629438776762157,-0.194207419132451,-0.668845479498657,-0.344580947262445,4811.73825852585,4686.70011773637,1186.79312321853,8139.88542440018,8676.25623943559,7393.65211710245,7708.31086064573
50640.9608218082,0.631711437670162,-0.186679051225231,-0.664685243372082,-0.352540945981798,4804.87326736181,4649.50697711316,1345.18494700048,8143.62475511726,8682.01705158111,7388.46795972079,7703.2068598062
50662.1608891338,0.633894547601806,-0.179122155487752,-0.660429308397465,-0.360452610676867,4795.29189629862,4609.68529209997,1502.81412322447,8147.48023752346,8687.83804053732,7383.20738246304,7697.99416160475
50683.3609564594,0.635987712624864,-0.171537875658336,-0.656078255369731,-0.36831468805334,4782.99871790113,4567.25676388972,1659.59101945238,8151.44598759768,8693.70282842107,7377.88378977284,7692.68382986939
50704.561023785,0.637990554469246,-0.163927363537322,-0.651632683823134,-0.376125932720925,4767.99990063525,4522.244638208,1815.42645128049,8155.51414362924,8699.59483980581,7372.51117112896,7687.28855776685
50725.7610911106,0.639902710549994,-0.15629177854659,-0.647093212117169,-0.383885107579598,4750.30320652163,4474.67369213329,1970.23173923753,8159.67503871129,8705.49764689604,7367.10380843145,7681.82239593574
50746.9611584362,0.64172383402429,-0.148632287259757,-0.642460477507594,-0.391590984152869,4729.91798761517,4424.57021977382,2123.91876539053,8163.91743271164,8711.39529541824,7361.6759847172,7676.30044126093
50768.1612257618,0.643453593888448,-0.14095006291615,-0.637735136190227,-0.399242342875108,4706.85518131252,4371.96201681326,2276.40002960408,8168.22878808465,8717.2725947244,7356.24170986802,7670.73850505308
50789.3612930874,0.645091675115886,-0.133246284931695,-0.632917863307561,-0.406837973343534,4681.12730449108,4316.87836393929,2427.58870539882,8172.59557186304,8723.11535943332,7350.81447656091,7665.15277951324
50810.561360413,0.646637778832403,-0.125522138418356,-0.628009352911726,-0.414376674547416,4652.74844648479,4259.35000917046,2577.39869535584,8177.00356600536,8728.91059459579,7345.40705627356,7659.55951968431
50831.7614277386,0.648091622521415,-0.117778813721151,-0.623010317881045,-0.42185725508726,4621.73426090352,4199.40914909837,2725.74468601437,8181.43816976954,8734.64662121679,7340.0313412254,7653.97475503171
50852.9614950642,0.649452940249475,-0.110017505978576,-0.617921489790926,-0.429278533395426,4588.10195630472,4137.08940906355,2872.54220221083,8185.88468052655,8740.31314341923,7334.69823422645,7648.41404090015
50874.1615623898,0.650721482901511,-0.102239414709018,-0.612743618742704,-0.436639337967287,4551.87028572702,4072.42582228492,3017.7076608088,8190.328542907,8745.90126216354,7329.41758495408,7642.89225593493
50895.3616297154,0.651897018415559,-0.0944457434228573,-0.607477473155984,-0.443938507609138,4513.05953509768,4005.45480796405,3161.15842376977,8194.75555987721,8751.40344300966,7324.19816846535,7637.42344762682
50916.561697041,0.652979332008109,-0.0866376992578045,-0.602123839530988,-0.451174891706108,4471.69151052672,3936.21414838672,3302.81285051642,8199.15206283995,8756.81344687531,7319.04769990904,7632.02072480095
50937.7617643666,0.653968226383026,-0.0788164926335436,-0.596683522187631,-0.458347350510667,4427.78952450226,3864.7429650454,3442.59034954104,8203.5050408444,8762.12623320763,7313.9728784161,7626.69619332199
50958.9618316922,0.654863521919093,-0.0709833369211061,-0.591157342987466,-0.465454755450265,4381.37838100295,3791.08169380777,3580.41142921322,8207.8022313054,8767.33784463826,7308.9794529109,7621.46092958641
50980.1618990178,0.655665056833203,-0.0631394481223252,-0.585546141043812,-0.472495989451151,4332.48435954472,3715.27205915705,3716.1977477422,8212.03217622889,8772.44528127273,7304.07230292923,7616.32498546304
51001.3619663434,0.656372687317939,-0.0552860445551111,-0.579850772424233,-0.47946994727459,4281.13519818028,3637.35704753128,3849.87216225105,8216.18424886785,8777.44637150517,7299.25552827076,7611.2974180946
51022.562033669,0.656986287653622,-0.047424346540954,-0.574072109848424,-0.48637553586139,4227.36007547122,3557.38087978945,3981.35877692119,8220.24865609508,8782.33964485011,7294.53254227885,7606.38633822797
51043.7621009946,0.657505750295851,-0.039555576091852,-0.568211042383551,-0.493211674680689,4171.18959145344,3475.38898283345,4110.58299016744,8224.21642170758,8787.1242108982,7289.90616458799,7601.59897133353
51064.9621683202,0.657930985940175,-0.0316809565946621,-0.562268475138201,-0.49997729607933,4112.65574761803,3391.42796041533,4237.47154080567,8228.07935550271,8791.79964723601,7285.37871020278,7596.9417265621
51086.1622356458,0.658261923565808,-0.0238017124916082,-0.556245328955478,-0.506671345628624,4051.79192593053,3305.54556316029,4361.95255317662,8231.83001240975,8796.36589808256,7280.95207270047,7592.42026945168
51107.3623029714,0.658498510460402,-0.0159190689563057,-0.550142540105269,-0.513292782465834,3988.63286691258,3217.79065783654,4483.95558119135,8235.46164531327,8800.8231845089,7276.62780014656,7588.03959515306
51128.562370297,0.658640712225356,-0.0080342515628194,-0.543961059978364,-0.519840579628327,3923.21464681084,3128.21319590335,4603.41165126557,8238.96815513923,8805.17192655764,7272.40716273519,7583.80409921017
51149.7624376226,0.658688511472643,-0.000148484688372434,-0.537701856360047,-0.526313724382342,3855.57465387884,3036.86418136962,4720.25330411216,8242.34475524312,8809.41284198384,7268.29093572639,7579.71701409277
51170.9625049482,0.658641911314527,0.00773700546169767,-0.531365908862276,-0.532711218490281,3785.7515637982,2943.79563799529,4834.41463536256,8245.58711081055,8813.54672282934,7264.27974674788,7575.78118105935
51192.1625722738,0.658500932627264,0.0156209937114569,-0.524954211843636,-0.53903207859284,3713.78531426631,2849.06057586834,4945.83133499022,8248.69074874337,8817.57425676939,7260.37433612095,7571.99958609546
51213.3626395995,0.658265614086132,0.0235022562267853,-0.518467774021229,-0.545275336472804,3639.71707877815,2752.7129573905,5054.44072551068,8251.65165943893,8821.49612792682,7256.5753527324,7568.37484418988
51234.5627069251,0.657936012512009,0.0313795704750602,-0.511907617662023,-0.551440039329927,3563.58923963059,2654.80766270505,5160.18179893496,8254.46623835156,8825.31298361579,7252.88339033993,7564.90925949746
51255.7627742507,0.657512202813703,0.0392517155626809,-0.505274778248215,-0.557525250049427,3485.44536017772,2555.40045459971,5262.99525245475,8257.13124721218,8829.02541196138,7249.29901165383,7561.60486562479
51276.9628415763,0.656994277913584,0.0471174725800869,-0.498570304147917,-0.563530047458276,3405.33015636631,2454.54794291837,5362.82352283984,8259.64377948412,8832.63392554231,7245.82276706176,7558.46346018867
51298.1629089019,0.656382348664274,0.054975624946243,-0.491795256282002,-0.569453526569343,3323.2894675809,2352.30754851475,5459.61081952995,8262.00122967513,8836.1389500889,7242.45520879748,7555.48663432521
51319.3629762275,0.655676543756871,0.0628249587517662,-0.48495070778694,-0.575294798813469,3239.37022682794,2248.73746678137,5553.30315640512,8264.20126634069,8839.5408174302,7239.19690118812,7552.67579759364
51340.5630435531,0.654877009620986,0.0706642631000432,-0.478037743673673,-0.581052992259558,3153.62043028892,2143.89663078683,5643.84838222035,8266.24180855107,8842.83976197349,7236.04842756105,7550.03219873431
51361.7631108787,0.653983910316818,0.0784923304457624,-0.471057460482677,-0.586727251822794,3066.08910627233,2037.84467405442,5731.19620969224,8268.12100555247,8846.03592008668,7233.01039433538,7547.55694274041
51382.9631782043,0.652997427419439,0.0863079569303237,-0.464010965935384,-0.592316739461093,2976.82628359453,1930.64189301447,5815.29824322682,8269.83721932985,8849.12933183694,7230.08343276584,7545.25100468884
51404.1632455299,0.651917759895483,0.0941099427136437,-0.456899378582199,-0.597820634359915,2885.8829594193,1822.34920916298,5896.10800527958,8271.38900977217,8852.11994461538,7227.26819875121,7543.11524075155
51425.3633128555,0.650745123972367,0.101897092301918,-0.449723827447386,-0.603238133105557,2793.31106658608,1713.02813095811,5973.58096134035,8272.77512214444,8855.00761824737,7224.56537106703,7541.15039677888
51446.5633801811,0.649479753000227,0.109668214870945,-0.442485451671109,-0.608568449847015,2699.16344045676,1602.74071548642,6047.67454353714,8273.99447658138,8857.79213124881,7221.97564833445,7539.35711481433
51467.7634475067,0.64812189730669,0.117422124584641,-0.435185400148962,-0.61381081644656,2603.49378531035,1491.54952992949,6118.34817285454,8275.04615933454,8860.47318794438,7219.49974499245,7537.73593786546
51488.9635148323,0.646671824044669,0.12515764090844,-0.42782483116931,-0.618964482619097,2506.35664031528,1379.51761286183,6185.56327996412,8275.92941552253,8863.05042620909,7217.13838650299,7536.28731322313
51510.1635821579,0.645129817033325,0.132873588917251,-0.420404912048794,-0.624028716060442,2407.80734510811,1266.70843540983,6249.28332466492,8276.64364315562,8865.52342563679,7214.89230398273,7535.01159458829
51531.3636494835,0.643496176592386,0.140568799597725,-0.412926818766356,-0.629002802564609,2307.90200500786,1153.18586230139,6309.47381393427,8277.18838822664,8867.89171597254,7212.76222842593,7533.9090432357
51552.5637168091,0.641771219369992,0.148242110144575,-0.405391735596139,-0.633886046130207,2206.69745589409,1039.01411283503,6366.10231858986,8277.56334068119,8870.15478567615,7210.7488846562,7532.97982841547
51573.7637841347,0.639955278164271,0.155892364250719,-0.397800854739623,-0.638677769056068,2104.25122877721,924.257721796771,6419.13848856555,8277.76833110066,8872.31209050884,7208.85298512195,7532.22402716725
51594.9638514603,0.638048701738841,0.163518412391053,-0.390155375957363,-0.6433773120262,2000.62151408854,808.981500352535,6468.55406680421,8277.80332795084,8874.36306205568,7207.0752236313,7531.64162369871
51616.1639187859,0.63605185463245,0.171119112099653,-0.382456506200667,-0.647984034184197,1895.86712571762,693.250496943009,6514.32290177242,8277.66843526705,8876.30711611471,7205.41626910455,7531.23250845808
51637.3639861115,0.633965116962985,0.178693328240249,-0.374705459243594,-0.652497313197211,1790.04746482351,577.129958207458,6556.42095860235,8277.36389066377,8878.14366089768,7203.8767594087,7530.99647701159
51658.5640534371,0.631788884226061,0.186239933269806,-0.366903455315589,-0.656916545309622,1683.22248344668,460.685289962202,6594.82632886754,8276.8900635721,8879.87210500012,7202.45729532524,7530.93322881947
51679.7641207627,0.629523567088446,0.193757807495085,-0.359051720735122,-0.661241145386526,1575.45264794741,343.982018258894,6629.5192389999,8276.24745362297,8881.49186510867,7201.15843469247,7531.04236598852
51700.9641880883,0.627169591176542,0.201245839322045,-0.351151487544641,-0.665470546947196,1466.79890229607,227.085750547053,6660.48205735628,8275.43668910681,8883.00237342196,7199.98068675416,7531.32339206579
51722.1642554139,0.624727396860193,0.208702925497996,-0.343203993147183,-0.669604202188646,1357.32263124049,110.062136964682,6687.69929994346,8274.45852545234,8884.40308476841,7198.92450673872,7531.77571092581
51743.3643227395,0.622197439032054,0.216127971346384,-0.33521047994494,-0.673641581999458,1247.08562337479,-7.02316821984586,6711.15763481151,8273.31384367762,8885.69348341071,7197.99029068628,7532.39862579264
51764.5643900651,0.619580186882789,0.223519890994137,-0.327172194980107,-0.677582175964035,1136.1500341337,-124.104544992089,6730.84588512579,8272.00364877651,8886.87308953121,7197.17837053541,7533.1913384289
51785.7644573907,0.616876123636575,0.230877607666254,-0.319090389646438,-0.681425492332584,1024.57834873595,-241.116445780075,6746.75503092859,8270.52908439675,8887.94146921537,7196.48900313317,7534.15293404285
51806.9645247163,0.614085745540497,0.238200055586039,-0.310966320854716,-0.685171057427896,912.433345099687,-357.993433425735,6758.8782096021,8268.8923207251,8888.89845198485,7195.92201682743,7535.28159469546
51828.1645920419,0.611209564081441,0.245486175006379,-0.302801245980762,-0.688818417355844,799.77805675251,-474.670218918521,6767.21071504458,8267.09519316973,8889.7438335626,7195.47732199854,7536.5757954959
51849.3646593675,0.608248103484718,0.25273491704215,-0.294596426774292,-0.69236713645779,686.675735758098,-591.081698871115,6771.74999557254,8265.13915635907,8890.47735889813,7195.15493624188,7538.0343449676
51870.5647266931,0.605201900936292,0.259945242969676,-0.286353128178581,-0.695816797542913,573.189815681087,-707.162992717539,6772.49565056167,8263.02578627166,8891.09883744443,7194.95479049264,7539.6559429871
51891.7647940187,0.602071506494977,0.2671161240799,-0.278072617691715,-0.699167001948374,459.383874611339,-822.849479614621,6769.44942584009,8260.75676677743,8891.60814486252,7194.87673017844,7541.43919124271
51912.9648613443,0.598857482848619,0.274246541845987,-0.269756165025469,-0.70241736948376,345.321598268267,-938.076835028306,6762.61520784749,8258.3338871683,8892.00522732801,7194.92051216169,7543.38259389706
51934.1649286699,0.595560405065418,0.281335488089358,-0.261405041774045,-0.705567538365356,231.066743205471,-1052.78106698677,6751.9990165744,8255.75903979419,8892.29010564306,7195.08580180928,7545.48455823667
51955.3649959955,0.592180860343397,0.28838196513815,-0.253020521087479,-0.708617165142528,116.683100135505,-1166.89855198279,6737.60899729579,8253.03421760837,8892.46287911586,7195.37217025702,7547.74339548111
51976.5650633211,0.588719447758325,0.295384985977982,-0.244603877349823,-0.711565924616513,2.23445739422214,-1280.36607050837,6719.45541111382,8250.16151163268,8892.52372922261,7195.77909185489,7550.15732173868
51997.7651306467,0.585176778010341,0.302343574395074,-0.236156385862273,-0.714413509751821,-112.215435436272,-1393.12084220477,6697.55062432458,8247.14310835965,8892.47292306828,7196.30594177605,7552.7244590893
52018.9651979723,0.581553473169556,0.309256765111746,-0.227679322531444,-0.717159631580492,-226.602903727392,-1505.10056061206,6671.90909662399,8243.98128711139,8892.31081666363,7196.95199377173,7555.44283677334
52040.1652652979,0.577850166420846,0.316123603914355,-0.219173963562939,-0.719804019099443,-340.864383808251,-1616.24342750208,6642.54736816824,8240.67841737652,8892.03785803627,7197.71641805288,7558.31039246376
52061.3653326235,0.574067501808114,0.322943147773709,-0.21064158516039,-0.722346419161138,-454.936458756279,-1726.48818677955,6609.48404550448,8237.23695614886,8891.65459019452,7198.59827927844,7561.32497359625
52082.5653999491,0.570206133978239,0.32971446495804,-0.202083463230108,-0.724786596357817,-568.755893956637,-1835.77415793633,6572.73978638753,8233.65944529268,8891.16165396307,7199.59653462985,7564.48433873189
52103.7654672747,0.566266727924959,0.336436635138593,-0.193500873091483,-0.72712433289955,-682.259672413089,-1944.04126904401,6532.33728349863,8229.94850896138,8890.55979071015,7200.71003194979,7567.78615892433
52124.9655346003,0.562249958732918,0.343108749487915,-0.184895089193254,-0.729359428486319,-795.385029793288,-2051.23008927058,6488.30124708256,8226.10685109751,8889.84984498602,7201.93750792336,7571.22801906313
52146.1656019259,0.558156511322096,0.349729910770926,-0.176267384835786,-0.731491700174418,-908.069489191746,-2157.28186090716,6440.65838651954,8222.13725304382,8889.03276709357,7203.2775862785,7574.80741916298
52167.3656692515,0.553987080192854,0.356299233428867,-0.167619031899425,-0.733520982237385,-1020.25089559396,-2262.138530891,6389.43739084861,8218.04257129583,8888.10961561151,7204.72877598256,7578.52177556776
52188.5657365771,0.549742369171807,0.362815843656219,-0.158951300579077,-0.735447126021725,-1131.86745002549,-2365.74278181152,6334.66890825929,8213.8257354287,8887.0815598912,7206.28946941098,7582.36842203703
52209.7658039027,0.545423091158725,0.369278879470709,-0.150265459125047,-0.737269999797671,-1242.85774337008,-2468.03806238608,6276.38552456878,8209.48974623258,8885.94988254883,7207.9579404633,7586.34461068029
52230.9658712283,0.5410299678745,0.375687490777426,-0.141562773590951,-0.738989488604754,-1353.1607898409,-2568.96861739282,6214.62174070176,8205.03767448203,8884.7159820673,7209.73234244855,7590.44751235946
52252.1659385539,0.536563729611296,0.38204083942268,-0.132844507585384,-0.740605494094681,-1462.71606008963,-2668.47951704799,6149.41394919067,8200.47265907492,8883.38137522643,7211.61070621915,7594.67421767169
52273.3660058795,0.532025114983288,0.388338099246081,-0.124111922033692,-0.74211793436762,-1571.46351393794,-2766.51668581545,6080.80040971389,8195.79790581464,8881.94769965774,7213.59093806169,7599.02173738657
52294.5660732051,0.527414870679785,0.394578456123807,-0.115366274944468,-0.743526743805639,-1679.3436327164,-2863.02693063641,6008.82122369016,8191.01668707417,8880.41671660314,7215.67081722971,7603.48700212277
52315.7661405307,0.52273375122036,0.400761108005476,-0.106608821182603,-0.744831872902449,-1786.29745119592,-2957.95796856775,5933.51830794743,8186.13234152643,8878.79031369923,7217.84799342659,7608.06686197856
52336.9662078563,0.51798251871211,0.406885264945115,-0.0978408122491356,-0.746033288089501,-1892.26658909716,-3051.25845381725,5854.93536748453,8181.14827433046,8877.07050788489,7220.11998408245,7612.75808576993
52358.1662751819,0.513161942609283,0.412950149126078,-0.0890634960677384,-0.747130971558808,-1997.1932821634,-3142.87800416487,5773.11786734482,8176.06795781414,8875.25944844946,7222.48417140312,7617.55735983726
52379.3663425075,0.508272799475436,0.418954994880077,-0.0802781167778516,-0.748124921082729,-2101.02041278283,-3232.7672267589,5688.11300362066,8170.89493270462,8873.35942023954,7224.93779916762,7622.46128637271
52400.5664098331,0.503315872748295,0.424899048700449,-0.0714859145344654,-0.749015149830928,-2203.69154014612,-3320.87774327655,5599.96967360826,8165.63280996076,8871.37284704097,7227.47796925108,7627.46638121748
52421.7664771588,0.498291952507473,0.430781569249836,-0.062688125314546,-0.749801686184745,-2305.15092992565,-3407.16221443851,5508.73844513264,8160.285273266,8869.30229515027,7230.10163785195,7632.56907107556
52442.9665444843,0.4932018352452,0.436601827362408,-0.0538859807300934,-0.750484573549203,-2405.3435834628,-3491.57436386757,5414.47152506261,8154.85608224329,8867.15047714733,7232.80561140432,7637.76569008752
52464.16661181,0.488046323620627,0.442359106311806,-0.0450807080259619,-0.751063870005267,-2504.21526645006,-3574.06900128141,5317.22272703632,8149.34913991125,8864.92027090232,7235.58651737481,7643.05241960985
52485.3666791356,0.482826226211463,0.448052702525759,-0.0362735303633059,-0.751539647681174,-2601.71253709486,-3654.6020450103,5217.0474384179,8143.76917384825,8862.61488786032,7238.44053121555,7648.42468508866
52506.5667464612,0.47754235753306,0.453681921816749,-0.0274656642052432,-0.751911994762814,-2697.78277375237,-3733.13054383042,5114.00258650636,8138.12036032561,8860.23755858263,7241.36390459269,7653.87836872369
52527.7668137868,0.472195537507492,0.459246083481121,-0.0186583218747576,-0.752181012915162,-2792.37420201479,-3809.61269810418,5008.14660401782,8132.40675159231,8857.79162701637,7244.35280493829,7659.40943311725
52548.9668811124,0.466786591363778,0.464744519063873,-0.00985271058663977,-0.752346817775666,-2885.4359212448,-3884.00788021907,4899.53939386312,8126.6325105651,8855.28060527503,7247.40322346601,7665.01371500108
52570.166948438,0.461316349439552,0.470176572192112,-0.0010500322080155,-0.752409538837595,-2976.91793054111,-3956.27665431679,4788.24229324254,8120.80191559788,8852.70817751834,7250.51097071114,7670.68692049707
52591.3670157636,0.455785646977164,0.475541598540908,0.00774851688513925,-0.75236931925275,-3066.77115412466,-4026.3807953052,4674.3180370802,8114.91937082042,8850.07820507222,7253.6716700403,7676.42461539904
52612.5670830892,0.450195323923816,0.48083896579753,0.0165417459436816,-0.752226315631823,-3154.94746613387,-4094.28330714555,4557.83072082066,8108.98941790574,8847.39473162489,7256.88075087753,7682.22221421514
52633.7671504148,0.44454622473601,0.486068053621686,0.0253284699749364,-0.75198069784411,-3241.399714818,-4159.94844040812,4438.84576261082,8103.01674927667,8844.66198840135,7260.13344174214,7688.07496797511
52654.9672177404,0.43883919818845,0.491228253601842,0.0341075098664478,-0.751632648816769,-3326.08174611795,-4223.34170908982,4317.42986489052,8097.00622283801,8841.88439921573,7263.42476318644,7693.97795074206
52676.167285066,0.433075097187537,0.496318969207765,0.0428776925040047,-0.751182364333774,-3408.94842662405,-4284.42990668744,4193.6509754154,8090.96287831635,8839.06658527233,7266.74952074936,7699.92604477634
52697.3673523916,0.427254778589606,0.501339615739376,0.0516378508841173,-0.750630052834758,-3489.9556659009,-4343.18112152105,4067.57824773592,8084.89195527902,8836.21336955317,7270.10229807695,7705.91392431308
52718.5674197172,0.421379103024041,0.506289620272028,0.0603868242211382,-0.749975935213888,-3569.06043816966,-4399.56475130219,3939.28200115706,8078.79891288808,8833.32978058923,7273.47745040204,7711.93603793474
52739.7674870428,0.415448934721429,0.511168421598269,0.0691234580492503,-0.749220244618949,-3646.22080333852,-4453.55151694218,3808.83368020287,8072.68945142181,8830.42105536568,7276.86909862571,7717.98658954685
52760.9675543684,0.409465141346869,0.515975470166145,0.0778466043195703,-0.748363226250813,-3721.39592737261,-4505.11347559603,3676.30581361098,8066.56953556394,8827.49264105597,7280.27112430209,7724.0595180015
52782.167621694,0.403428593838598,0.520710228014047,0.0865551214926391,-0.747405137163484,-3794.54610199498,-4554.22403293845,3541.77197288192,8060.44541941673,8824.55019521541,7283.67716589776,7730.14847546059
52803.3676890196,0.397340166252057,0.525372168702073,0.0952478746266003,-0.74634624606491,-3865.63276371053,-4600.85795466824,3405.30673040856,8054.32367313596,8821.59958399109,7287.08061677812,7736.24680465181
52824.5677563452,0.391200735609501,0.529960777239858,0.103923735461398,-0.745186833118823,-3934.6185121457,-4644.99137723856,3266.98561721121,8048.21121101015,8818.64687782142,7290.47462546659,7742.34751524793
52845.7678236708,0.385011181755266,0.534475550010694,0.112581582499349,-0.743927189747842,-4001.46712769659,-4686.60181781044,3126.88508030398,8042.11532070974,8815.69834400448,7293.85209882917,7748.44325969753
52866.9678909964,0.378772387216747,0.538915994691812,0.121220301082467,-0.742567618438171,-4066.14358847922,-4725.66818342806,2985.08243971821,8036.04369331014,8812.7604354114,7297.20570895621,7754.52630895448
52888.167958322,0.3724852370711,0.543281630170509,0.129838783466934,-0.741108432546269,-4128.61408657556,-4762.17077941417,2841.65584520905,8030.00445354239,8809.83977450987,7300.52790464468,7760.58852870042
52909.3680256476,0.366150618817639,0.547571986455826,0.138435928895121,-0.739549956107919,-4188.84604357013,-4796.09131698512,2696.68423267115,8024.00618954107,8806.94313174698,7303.81092852544,7766.62135682863
52930.5680929732,0.359769422255783,0.551786604585337,0.147010643665545,-0.737892523650272,-4246.80812537178,-4827.41292008521,2550.24728028964,8018.05798113894,8804.07739722494,7307.04684102666,7772.61578316512
52951.7681602988,0.353342539368325,0.555925036526561,0.155561841201117,-0.736136480007481,-4302.4702563163,-4856.12013144071,2402.42536445278,8012.16942549793,8801.24954449336,7310.22755251058,7778.5623326415
52972.9682276244,0.346870864209633,0.55998684507243,0.164088442115978,-0.734282180140741,-4355.80363254574,-4882.1989178343,2253.2995154523,8006.35065856629,8798.46658519047,7313.34486505551,7784.45105340531
52994.16829495,0.340355292798232,0.56397160373018,0.1725893742811,-0.732329988963649,-4406.78073466105,-4905.63667460152,2102.95137299793,8000.61237051393,8795.73551320416,7316.39052546568,7790.27151165257
53015.3683622756,0.333796723012972,0.567878896603009,0.181063572888668,-0.730280281173975,-4455.37533964494,-4926.42222935101,1951.4631415722,7994.96581292887,8793.06323701119,7319.3562911585,7796.01279528507
53036.5684296012,0.327196054491764,0.571708318263881,0.189509980515054,-0.728133441093108,-4501.56253205271,-4944.54584491112,1798.91754565177,7989.42279517025,8790.45649891312,7322.23401057743,7801.66352881827
53057.7684969268,0.32055418853153,0.57545947362091,0.197927547181847,-0.725889862514565,-4545.31871446902,-4959.99922150586,1645.39778482137,7983.99566688861,8787.92178004634,7325.01571968006,7807.2119022712
53078.9685642524,0.313872027987732,0.579131977773964,0.206315230414059,-0.72354994856311,-4586.62161722936,-4972.77549816382,1490.98748880628,7978.69728337358,8785.46519033465,7327.69375581652,7812.64571702559
53100.168631578,0.307150477171472,0.582725455862436,0.21467199529408,-0.721114111566063,-4625.45030740545,-4982.86925336412,1335.77067244925,7973.5409501175,8783.09234301093,7330.26088990403,7817.9524518057
53121.3686989036,0.300390441741882,0.58623954290458,0.222996814509448,-0.718582772938361,-4661.78519705425,-4990.27650492396,1179.83169065751,7968.54034284821,8780.80821399264,7332.71047717537,7823.11935194583
53142.5687662292,0.293592828591264,0.589673883629451,0.231288668391796,-0.715956363082759,-4695.60805073096,-4994.99470913293,1023.25519334518,7963.7093993583,8778.61698728651,7335.03662589244,7828.13354491525
53163.7688335548,0.286758545720313,0.593028132303335,0.239546544943714,-0.713235321306172,-4726.9019922668,-4997.02275913976,866.126080396485,7959.06217982406,8776.5218887365,7337.23438224033,7832.98218458519
53184.9689008804,0.279888502100866,0.596301952553588,0.247769439849629,-0.710420095752586,-4755.65151081298,-4996.36098259757,708.529456674461,7954.61269305591,8774.52501181306,7339.29992814302,7837.65262587347
53206.168968206,0.272983607523973,0.599495017193951,0.255956356466281,-0.707511143352052,-4781.84246615272,-4993.01113857424,550.550587100018,7950.37468733664,8772.62714073741,7341.23078698869,7842.1326301233
53227.3690355316,0.266044772431829,0.602607008056725,0.264106305788214,-0.704508929784088,-4805.4620932838,-4986.97641373507,392.274851825448,7946.36140625076,8770.82757796104,7343.02603028926,7846.4105998193
53248.5691028572,0.259072907733293,0.605637615838336,0.272218306383797,-0.701413929452367,-4826.49900627451,-4978.26141780505,233.787701526449,7942.58531220919,8769.12398475023,7344.68647624875,7850.47583901733
53269.7691701828,0.252068924604353,0.608586539965833,0.280291384298113,-0.698226625465879,-4844.94320139651,-4966.87217831907,75.1746128361489,7939.05778318982,8767.51224516773,7346.21486926893,7854.31883322708
53290.9692375084,0.245033734277064,0.611453488492539,0.288324572920344,-0.694947509619858,-4860.78605953849,-4952.81613466808,-83.4789560557078,7935.78879147668,8765.98636487617,7347.61602780951,7857.93153953161
53312.169304834,0.237968247822595,0.614238178030131,0.296316912815777,-0.69157708236884,-4874.02034790505,-4936.10213145032,-242.087609615718,7932.78657658916,8764.53841662272,7348.89694707075,7861.307674755
53333.3693721596,0.230873375936338,0.61694033372307,0.304267451525452,-0.68811585278326,-4884.64022100567,-4916.7404111367,-400.566058969683,7930.05732656679,8763.15854343499,7350.06684348648,7864.44298792446
53354.5694394852,0.223750028736954,0.619559689273057,0.312175243338515,-0.684564338477125,-4892.64122093913,-4894.74260605983,-558.82916567362,7927.60488711826,8761.83502946611,7351.13712825166,7867.33549890215
53375.7695068108,0.216599115589584,0.622095987010064,0.320039349048717,-0.680923065501719,-4898.02027697913,-4870.12172973681,-716.791985231693,7925.4305166841,8760.55444472849,7352.12130098522,7869.9856868494
53396.9695741364,0.209421544966497,0.624548978008811,0.327858835707348,-0.677192568196533,-4900.77570446731,-4842.89216753589,-874.369810340318,7923.53270659641,8759.30186594629,7353.0347583879,7872.39661183689
53418.169641462,0.202218224356373,0.626918422242019,0.335632776388369,-0.673373388994225,-4900.90720302029,-4813.0696666976,-1031.47821383831,7921.90708338982,8758.06117045402,7353.89451829477,7874.57395553284
53439.3697087876,0.194990060230906,0.629204088757494,0.34336024998224,-0.669466078180316,-4898.41585405765,-4780.67132572126,-1188.03309134342,7920.54640627733,8756.81539427329,7354.71886584254,7876.52597122175
53460.5697761132,0.187737958073349,0.63140575586244,0.351040341034042,-0.665471193613167,-4893.30411765829,-4745.71558312795,-1343.95070355631,7919.4406670354,8755.54713985791,7355.52693490994,7878.26333917342
53481.7698434388,0.180462822468391,0.633523211296244,0.35867213963846,-0.661389300414518,-4885.57582875283,-4708.22220561123,-1499.14771821345,7918.57729248705,8754.23901422449,7356.3382437752,7879.79893011028
53502.9699107644,0.173165557247234,0.63555625237303,0.36625474139948,-0.657220970644733,-4875.23619266006,-4668.21227558745,-1653.54125167119,7917.94144219535,8752.87407496264,7357.17220828002,7881.14748645338
53524.16997809,0.165847065676496,0.637504686077591,0.373787247456651,-0.65296678297934,-4862.29177997581,-4625.70817815707,-1807.04891010382,7917.51638678906,8751.43626044736,7358.0476580622,7882.32523731833
53545.3700454156,0.158508250675693,0.639368329102701,0.381268764573403,-0.648627322403877,-4846.7505208229,-4580.73358748927,-1959.58883029891,7917.28394643787,8749.91078166779,7358.98238126894,7883.34946808214
53566.5701127412,0.151150015045874,0.641147007821619,0.388698405277142,-0.644203179942496,-4828.62169847097,-4533.31345264175,-2111.07972003423,7917.22496509829,8748.28445631541,7359.99272060161,7884.23806815933
53587.7701800669,0.143773261691995,0.642840558195978,0.396075288036472,-0.63969495243245,-4807.91594233536,-4483.47398282812,-2261.44089802076,7917.31979467567,8746.54597069784,7361.09323893906,7885.00908112708
53608.9702473925,0.13637889382357,0.644448825625208,0.403398537458496,-0.635103242352058,-4784.64522036458,-4431.24263214501,-2410.59233339728,7917.54876423375,8744.68606098862,7362.2964667933,7885.68027959527
53630.170314718,0.128967815121674,0.645971664748437,0.410667284488853,-0.630428657704761,-4758.82283082545,-4376.64808377152,-2558.45468476245,7917.8926125165,8742.69761152463,7363.61273726848,7886.26878361152
53651.3703820436,0.1215409298648,0.647408939212848,0.417880666598897,-0.625671811957161,-4730.46339349624,-4319.72023365333,-2704.94933873116,7918.33286674604,8740.57567359599,7365.05010782244,7886.79073653019
53672.5704493693,0.114099143010681,0.648760521423628,0.425037827947497,-0.620833324025092,-4699.58284027722,-4260.49017368405,-2849.99844800235,7918.85215620748,8738.31741287541,7366.61436263621,7887.26104685255
53693.7705166949,0.106643360235379,0.650026292290055,0.432137919508928,-0.615913818299156,-4666.19840522878,-4198.99017439629,-2993.52496892636,7919.43445480832,8735.9219969651,7368.30908522656,7887.69319922503
53714.9705840205,0.0991744879342179,0.651206140980342,0.439180099162451,-0.61091392469982,-4630.32861404733,-4135.25366717486,-3135.45269856033,7920.06525200258,8733.39043639554,7370.13578828919,7888.09913309006
53736.1706513461,0.0916934331913386,0.65229996469506,0.446163531742908,-0.605834278752122,-4591.99327298898,-4069.31522600476,-3275.70631120095,7920.73165577131,8730.72539289285,7372.09408660183,7888.48918376813
53757.3707186717,0.0842011037257283,0.653307668465911,0.453087389054729,-0.600675521670871,-4551.2134572514,-4001.21054876608,-3414.2113943844,7921.4224345292,8727.9309680811,7374.18189894911,7888.87207815763
53778.5707859973,0.0766984078216882,0.654229164983565,0.459950849853848,-0.595438300448709,-4508.01149882402,-3930.9764380883,-3550.89448434396,7922.12800684009,8725.01248431989,7376.39566614859,7889.25497576064
53799.7708533229,0.0691862542510811,0.655064374455742,0.466753099803306,-0.590123267941214,-4462.41097381701,-3858.6507817762,-3685.68310091642,7922.84038877054,8721.97626742031,7378.73057402736,7889.64354524119
53820.9709206485,0.0616655521936107,0.65581322449465,0.473493331408747,-0.584731082945001,-4414.43668927909,-3784.2725328193,-3818.50578188892,7923.55310877886,8718.82943882689,7381.18077230281,7890.0420669959
53842.1709879741,0.0541372111600756,0.65647565003151,0.480170743939874,-0.57926241026649,-4364.11466951472,-3707.88168899696,-3949.29211677851,7924.26109944908,8715.57972272869,7383.73958250121,7890.45355303903
53863.3710552997,0.0466021409221798,0.657051593255004,0.486784543343364,-0.573717920780345,-4311.47214191059,-3629.5192720908,-4077.9727800372,7924.96057436171,8712.23527162976,7386.39969010801,7890.8798766605
53884.5711226253,0.0390612514512445,0.657541003570159,0.493333942151925,-0.568098291477674,-4256.53752228171,-3549.22730671605,-4204.47956367604,7925.64889714287,8708.80451226205,7389.15331796174,7891.32190562495
53905.7711899509,0.0315154528670943,0.657943837574129,0.499818159393278,-0.562404205504835,-4199.34039974701,-3467.04879878331,-4328.74540930181,7926.32444840789,8705.29601240076,7391.99237941571,7891.77963400134
53926.9712572765,0.0239656554709326,0.658260059126478,0.506236420498366,-0.556636352098617,-4139.91152114451,-3383.02771360177,-4450.704439561,7926.98653102375,8701.71837638285,7394.90859712422,7892.25227724937
53948.1713246021,0.0164127695680664,0.658489639181951,0.512587957228359,-0.550795426805259,-4078.28277499561,-3297.208953635,-4570.29198898574,7927.63525449112,8698.08015500591,7397.89361105187,7892.73838276981
53969.3713919277,0.00885770545356551,0.658632555814215,0.518872007592329,-0.544882131486103,-4014.4871750284,-3209.63833591991,-4687.44463423717,7928.27129191562,8694.38974127515,7400.93912075139,7893.23605041485
53990.5714592533,0.00130137353487726,0.6586887943764,0.525087815772095,-0.538897174159948,-3948.55884326921,-3120.36256915946,-4802.10022374177,7928.8958512952,8690.65532747415,7404.03693280832,7893.74296264806
54011.7715265789,-0.00625531573655685,0.658658347447677,0.531234632064247,-0.532841269101874,-3880.5329927118,-3029.42923049915,-4914.19790671704,7929.51057849553,8686.88485939088,7407.17902204811,7894.25647288943
54032.9715939045,-0.0138114518643152,0.658541214854217,0.537311712825852,-0.526715136858511,-3810.44590957328,-2936.88674199748,-5023.67816158288,7930.11746924616,8683.08600237166,7410.35757963967,7894.77368446721
54054.1716612301,-0.0213661242986736,0.658337403694876,0.543318320427722,-0.520519504261217,-3738.33493514551,-2842.78434679974,-5130.48282375561,7930.71879123808,8679.26611755224,7413.56504951712,7895.29151954072
54075.3717285557,-0.0289184224237542,0.658046928369108,0.549253723215095,-0.514255104440256,-3664.23844725074,-2747.17208502463,-5234.55511282171,7931.317015804,8675.43224655659,7416.79415488302,7895.80677869257
54096.5717958813,-0.0364674355411301,0.657669810606762,0.55511719547541,-0.507922676840712,-3588.19584130978,-2650.10076937281,-5335.83965908897,7931.91475856793,8671.59110314504,7420.03791638548,7896.3161919376
54117.7718632069,-0.0440122528507414,0.657206079499576,0.56090801741283,-0.501522967240592,-3510.24751103094,-2551.62196046598,-5434.28252951245,7932.51472834876,8667.74907047392,7423.28966340134,7896.81646195445
54138.9719305325,-0.0515519634298804,0.656655771534319,0.566625475129167,-0.495056727771513,-3430.43482872749,-2451.78794192506,-5529.83125299347,7933.11968355377,8663.9122028071,7426.54303969068,7897.3043003588
54160.1719978581,-0.0590856562109077,0.656018930627625,0.572268860610887,-0.488524716942174,-3348.80012527146,-2350.65169519548,-5622.43484504952,7933.73239528971,8660.08623069024,7429.79200452237,7897.77645781817
54181.3720651837,-0.066612419958274,0.6552956081626,0.577837471721883,-0.481927699664766,-3265.38666969087,-2248.26687412756,-5712.04383185356,7934.35561643857,8656.2765687533,7433.03083021514,7898.22974876784
54202.5721325093,-0.0741313432453419,0.654485863027335,0.583330612201777,-0.475266447284369,-3180.2386484177,-2144.68777931932,-5798.61027364094,7934.99205598434,8652.48832544836,7436.25409689401,7898.66107143298
54223.7721998349,-0.0816415144314415,0.653589761655465,0.588747591669506,-0.468541737611335,-3093.40114419322,-2039.9693322291,-5882.08778748255,7935.64435792657,8648.72631415182,7439.45668513322,7899.06742380123
54244.9722671605,-0.0891420216395289,0.652607378068925,0.594087725632042,-0.461754354956581,-3004.9201146372,-1934.16704906475,-5962.43156942261,7936.31508417341,8644.99506516794,7442.63376704232,7899.44591612578
54266.1723344861,-0.0966319527347745,0.65153879392305,0.599350335498073,-0.454905090169707,-2914.84237048732,-1827.33701445608,-6039.59841597971,7937.00670086572,8641.29883826194,7445.78079625242,7899.79378047578
54287.3724018117,-0.104110395304364,0.650384098554149,0.60453474859656,-0.447994740679809,-2823.21555351448,-1719.53585491687,-6113.54674500959,7937.72156764131,8637.6416354282,7448.89349717421,7900.10837778997
54308.5724691373,-0.111576436638769,0.649143389029684,0.609640298200088,-0.441024110538821,-2730.08811411995,-1610.82071210252,-6184.23661592817,7938.46192940522,8634.0272136643,7451.96785382635,7900.38720283243
54329.7725364629,-0.119029163714712,0.647816770201155,0.614666323552945,-0.433994010467226,-2635.50928861937,-1501.24921586904,-6251.62974929318,7939.22991022351,8630.45909757493,7455.00009847119,7900.62788739736
54350.9726037885,-0.126467663180027,0.646404354759782,0.619612169903919,-0.426905257901951,-2539.52907621905,-1390.87945713895,-6315.6895457426,7940.02750900704,8626.94059167448,7457.98670024366,7900.82820206216
54372.1726711141,-0.133891021340622,0.644906263295058,0.624477188543789,-0.419758677046248,-2442.19821568902,-1279.76996057936,-6376.3811042881,7940.8565966949,8623.47479229242,7460.92435391635,7900.98605674593
54393.3727384397,-0.1412983241497,0.643322624356229,0.629260736847521,-0.412555098921363,-2343.56816173775,-1167.97965709723,-6433.67123996133,7941.71891468703,8620.06459901525,7463.8099689088,7901.09950029327
54414.5728057653,-0.148688657199423,0.641653574516735,0.633962178321182,-0.405295361419782,-2243.69106109249,-1055.5678561567,-6487.52850081079,7942.61607431028,8616.71272562174,7466.64065862014,7901.16671926973
54435.7728730909,-0.15606110571517,0.639899258441638,0.638580882653591,-0.397980309359849,-2142.61972828961,-942.594217923053,-6537.92318424666,7943.54955713309,8613.42171048641,7469.41373014153,7901.18603612734
54456.9729404165,-0.163414754552551,0.638059828958044,0.643116225772751,-0.39061079454154,-2040.40762117861,-829.118725237853,-6584.82735273087,7944.52071597136,8610.19392644127,7472.12667438516,7901.15590687285
54478.1730077421,-0.170748688197313,0.636135447128506,0.647567589907088,-0.383187675803174,-1937.10881614345,-715.201655429502,-6628.21484880908,7945.53077645129,8607.03159009596,7474.77715665292,7901.07491835064
54499.3730750677,-0.178061990768303,0.634126282327395,0.651934363651535,-0.375711819078843,-1832.77798304473,-600.903551963412,-6668.06130948125,7946.58083901593,8603.93677062594,7477.3630076548,7900.94178523301
54520.5731423933,-0.185353746023615,0.6320325123202,0.656215942038507,-0.368184097456348,-1727.47035988594,-486.285195935864,-6704.34417990687,7947.67188127971,8600.91139804397,7479.882214979,7900.75534679523
54541.7732097189,-0.192623037370073,0.629854323345704,0.660411726613794,-0.360605391235406,-1621.24172720689,-371.40757741554,-6737.04272644058,7948.80476065057,8597.95727097505,7482.33291500782,7900.51456353903
54562.9732770445,-0.199868947876185,0.627591910200994,0.664521125517429,-0.352976587985921,-1514.14838220738,-256.331866636655,-6766.13804899365,7949.98021715236,8595.07606395801,7484.71338526844,7900.21851371668
54584.1733443701,-0.2070905602887,0.625245476329227,0.668543553569538,-0.345298582606074,-1406.24711260387,-141.119385047586,-6791.61309271604,7951.19887639185,8592.26933429938,7487.02203720362,7899.86638979811
54605.3734116957,-0.214286957052921,0.622815233910063,0.672478432361228,-0.337572277380028,-1297.59517022212,-25.8315762189063,-6813.45265899373,7952.46125262357,8589.53852850589,7489.25740934455,7899.45749491535
54626.5734790213,-0.221457220336884,0.620301403952701,0.676325190350521,-0.329798582035006,-1188.25024432833,89.4700233852416,-6831.64341575516,7953.76775187465,8586.88498832336,7491.41816086575,7898.9912393115
54647.7735463469,-0.228600432059558,0.617704216391399,0.680083262963373,-0.321978413797512,-1078.27043470176,204.723813768455,-6846.17390708035,7955.11867509829,8584.309956409,7493.50306550111,7898.4671368156
54668.9736136725,-0.235715673923185,0.615023910183387,0.683752092699772,-0.314112697448478,-967.714224451218,319.868160891968,-6857.03456210575,7956.5142213306,8581.81458166462,7495.51100579905,7897.88480135996
54690.1736809981,-0.242802027449879,0.612260733409037,0.687331129244945,-0.30620236537709,-856.640452578432,434.84142628893,-6864.21770321733,7957.9544908306,8579.39992425745,7497.44096769447,7897.24394355219
54711.3737483237,-0.249858574022636,0.6094149433742,0.69081982958567,-0.298248357633066,-745.108286290946,549.581996798712,-6867.71755352389,7959.43948818735,8577.06696035448,7499.29203537521,7896.54436731088
54732.5738156493,-0.256884394930849,0.606486806714542,0.694217658131681,-0.290251621977163,-633.177193067455,664.028314416676,-6867.53024360216,7960.96912538171,8574.81658659562,7501.06338642107,7895.78596657091
54753.7738829749,-0.263878571420469,0.603476599501774,0.697524086842167,-0.282213113929647,-520.906912478595,778.118906254637,-6863.65381750457,7962.54322479355,8572.64962433024,7502.7542871932,7894.96872206181
54774.9739503005,-0.270840184748914,0.600384607351602,0.700738595357348,-0.274133796816532,-408.357427766341,891.792414606985,-6856.08823802035,7964.16152214729,8570.56682364013,7504.3640884532,7894.09269816084
54796.1740176262,-0.277768316244851,0.597211125533267,0.703860671135081,-0.266014641813309,-295.588937185369,1004.98762711714,-6844.8353911797,7965.82366939168,8568.56886717205,7505.89222119047,7893.15803982033
54817.3740849517,-0.28466204737295,0.5939564590805,0.706889809592488,-0.257856627985962,-182.661825109956,1117.64350703866,-6829.89908999063,7967.5292375106,8566.65637380118,7507.33819263814,7892.16496956767
54838.5741522774,-0.291520459803726,0.590620922903736,0.709825514252549,-0.249660742329001,-69.6366329102544,1229.69922358508,-6811.2850773975,7969.27771926406,8564.82990214654,7508.70158245767,7891.11378457497
54859.774219603,-0.29834263548855,0.587204841903403,0.712667296895606,-0.241427979800302,43.4259703979258,1341.09418236194,-6789.00102844963,7971.06853185982,8563.08995395875,7509.98203907286,7890.00485379409
54880.9742869285,-0.305127656739953,0.583708551084118,0.715414677715727,-0.233159343352497,156.465217725356,1451.76805587427,-6763.0565516681,7972.90101955681,8561.43697739956,7511.17927613499,7888.83861515225
54902.1743542542,-0.31187460631728,0.580132395669597,0.718067185481852,-0.224855843960677,269.420273698821,1561.66081410224,-6733.4631895984,7974.77445620345,8559.87137023209,7512.29306910043,7887.61557280188
54923.3744215798,-0.318582567517807,0.57647673121809,0.72062435770365,-0.216518500646177,382.2302646625,1670.71275513711,-6700.23441853599,7976.6880477142,8558.39348294045,7513.32325190317,7886.33629441808
54944.5744889054,-0.325250624273382,0.572741923738148,0.723085740802,-0.208148340496204,494.834308885618,1778.86453586924,-6663.3856474118,7978.64093448931,8557.00362179684,7514.26971370449,7885.00140853594
54965.774556231,-0.331877861252665,0.568928349804506,0.725450890283983,-0.199746398679062,607.171546970218,1886.05720271931,-6622.93421582402,7980.63219378313,8555.70205189388,7515.13239570247,7883.6116019192
54986.9746235566,-0.338463363969034,0.565036396673896,0.727719370922308,-0.191313718454755,719.18117245238,1992.2322224032,-6578.89939120225,7982.66084202775,8554.48900016016,7515.91128798383,7882.16761695095
55008.1746908822,-0.34500621889422,0.561066462400547,0.729890756939032,-0.18285135118072,830.802462589679,2097.33151272064,-6531.30236509012,7984.72583711937,8553.36465837626,7516.60642640102,7880.67024903604
55029.3747582078,-0.351505513577709,0.557018955951194,0.731964632193456,-0.174360356312468,941.974809327102,2201.29747335672,-6480.16624853183,7986.82608067608,8552.32918620946,7517.21788945659,7879.12034400413
55050.5748255334,-0.357960336771965,0.552894297319323,0.733940590374071,-0.165841801398904,1052.63775043301,2304.07301668514,-6425.51606654819,7988.9604202767,8551.38271428441,7517.74579517777,7877.51879550088
55071.774892859,-0.364369778563505,0.548692917638474,0.735818235194396,-0.157296762072096,1162.73100079612,2405.60159856101,-6367.37875168736,7991.12765169166,8550.52534730845,7518.1902979624,7875.866542354
55092.9749601846,-0.370732930509848,0.544415259294335,0.737597180592572,-0.148726322031274,1272.19448387378,2505.82724909044,-6305.78313663559,7993.32652111829,8549.75716726974,7518.55158537822,7874.16456589936
55114.1750275102,-0.377048885782368,0.540061776035408,0.739277050934533,-0.140131573020843,1380.96836328113,2604.69460336361,-6240.75994587323,7995.55572743432,8549.07823672739,7518.82987489578,7872.41388725074
55135.3750948358,-0.383316739315042,0.535632933082005,0.740857481220588,-0.13151361480219,1488.99307451007,2702.1489321369,-6172.34178636094,7997.81392448538,8548.48860221313,7519.02541053519,7870.61556449541
55156.5751621614,-0.389535587959105,0.531129207233333,0.742338117295241,-0.122873555119082,1596.20935676597,2798.13617244935,-6100.56313724178,8000.09972342397,8547.98829776485,7519.13845940574,7868.77068979567
55177.775229487,-0.3957045306436,0.526551086972409,0.743718616060053,-0.114212509656443,1702.55828490976,2892.60295815749,-6025.46033854423,8002.41169512003,8547.57734861316,7519.16930811631,7866.88038637433
55198.9752968126,-0.401822668541795,0.521899072568576,0.744998645689335,-0.105531601992326,1807.9813014916,2985.49665037232,-5947.07157887212,8004.74837266545,8547.25577504283,7519.11825903343,7864.94580535981
55220.1753641382,-0.407889105243445,0.517173676177357,0.746177885848497,-0.0968319635428661,1912.42024886219,3076.76536778085,-5865.43688206714,8007.10825399812,8547.02359645221,7518.9856263625,7862.96812246368
55241.3754314638,-0.413902946932848,0.512375421937386,0.7472560279148,-0.0881147335000521,2015.81740134638,3166.35801683443,-5780.59809283035,8009.48980467422,8546.8808356343,7518.77173202614,7860.94853446064
55262.5754987894,-0.419863302572652,0.507504846064183,0.748232775200312,-0.0793810587621188,2118.11549746331,3254.22432178494,-5692.59886128935,8011.89146082155,8546.82752330464,7518.47690131218,7858.88825543722
55283.775566115,-0.425769284093346,0.502562496940477,0.749107843176837,-0.0706320938564058,2219.25777217623,3340.31485454912,-5601.48462649826,8014.31163231065,8546.86370290162,7518.10145826214,7856.7885127721
55304.9756334406,-0.43162000658835,0.497548935202861,0.749880959702563,-0.0618690008545077,2319.18798915441,3424.5810643809,-5507.30259885833,8016.74870618568,8546.98943568629,7517.64572076907,7854.65054280637
55326.1757007662,-0.43741458851464,0.492464733824475,0.7505518652502,-0.053092949279573,2417.85047302861,3506.97530733041,-5410.10174144747,8019.20105040243,8547.20480616903,7517.1099953523,7852.4755861575
55347.3757680918,-0.443152151898785,0.487310478193485,0.751120313136347,-0.0443051160056016,2515.19014162082,3587.45087546784,-5309.93275024797,8021.6670179268,8547.50992789138,7516.49457157445,7850.26488262587
55368.5758354174,-0.448831822548303,0.482086766187074,0.751586069751838,-0.0355066851486147,2611.15253812804,3665.96202584971,-5206.84803326219,8024.14495125439,8547.90494959137,7515.79971606461,7848.01966563684
55389.775902743,-0.454452730268207,0.476794208240683,0.751948914792806,-0.0266988479495722,2705.683863239,3742.46400920403,-5100.90168850705,8026.63318741918,8548.3900617804,7515.02566611045,7845.74115615533
55410.9759700686,-0.460014009082614,0.471433427412234,0.752208641492182,-0.0178828026489322,2798.7310071621,3816.9130983105,-4992.14948087915,8029.13006356808,8548.96550375934,7514.17262278006,7843.43055600364
55432.1760373942,-0.465514797233419,0.466005059441597,0.752365056993719,-0.00905975421303604,2890.24158154164,3889.2666160512,-4880.6488178831,8031.63397521524,8549.63158240148,7513.24072396462,7841.08899491122
55453.3761047198,-0.470954236557154,0.46050975278021,0.752417983133078,-0.000230913684664994,2980.16395123897,3959.48296310637,-4766.45872421723,8034.14404890135,8550.38882863538,7512.22978301948,7838.71693763551
55474.5761720454,-0.476331476410192,0.454948168655995,0.752367254348545,0.00860249972246606,3068.44726595429,4027.52164526956,-4649.63981521143,8036.65892964719,8551.2377490763,7511.13973160679,7836.31524277765
55495.776239371,-0.481645670143706,0.449320981144885,0.75221272025064,0.0174392611068043,3155.04149166391,4093.34330035591,-4530.25426911355,8039.17708115432,8552.17889001106,7509.97050779204,7833.88490007901
55516.9763066966,-0.486895976369693,0.443628877181477,0.751954245227095,0.026278139406268,3239.89744184734,4156.90972467653,-4408.36579822215,8041.69701200821,8553.21289083889,7508.72196800738,7831.4268302706
55538.1763740222,-0.492081559344015,0.437872556587394,0.751591708587087,0.035117897492948,3322.96680847758,4218.18389905174,-4284.03961886439,8044.21728244293,8554.34049306792,7507.3938783215,7828.94187680131
55559.3764413478,-0.497201589221326,0.432052732092755,0.751125004786548,0.0439572923572633,3404.20219274755,4277.13001433557,-4157.34242021975,8046.73651667104,8555.56255078847,7505.98590335536,7826.43079264553
55580.5765086734,-0.502255242311065,0.426170129350328,0.750554043653357,0.0527950753022748,3483.5571355049,4333.71349642338,-4028.3423319915,8049.2534168742,8556.88004161696,7504.49759446703,7823.89422563748
55601.776575999,-0.507241701336909,0.420225486942133,0.749878750610461,0.0616299921465119,3560.9861473668,4387.90103071426,-3897.10889092963,8051.76677899817,8558.29407803514,7502.92837723444,7821.33270224317
55622.9766433246,-0.512160155699793,0.414219556378219,0.749099066896438,0.0704607834350529,3636.4447384859,4439.66058599987,-3763.7130062104,8054.2755101878,8559.80591894794,7501.27753840856,7818.74660996394
55644.1767106502,-0.517009801743057,0.408153102087193,0.74821494978406,0.0792861846593929,3709.88944793811,4488.96143775065,-3628.2269236796,8056.77864863989,8561.41698144534,7499.54421218907,7816.13617775267
55665.3767779758,-0.521789843021091,0.402026901398302,0.747226372795533,0.0881049264850516,3781.27787270235,4535.77419077094,-3490.72418896802,8059.27538570157,8563.12885250238,7497.72736606728,7813.50145467264
55686.5768453014,-0.526499490570475,0.395841744514683,0.746133325914679,0.0969157349871646,3850.56869620231,4580.07080119388,-3351.27960948996,8061.76509045388,8564.94330037731,7495.82578637765,7810.84228668855
55707.776912627,-0.531137963183621,0.389598434477458,0.74493581579566,0.105717331893697,3917.7217163796,4621.82459778751,-3209.96921533686,8064.24733696408,8566.86228538512,7493.8380637766,7808.15829155194
55728.9769799526,-0.535704487684817,0.383297787120352,0.743633865967932,0.114508434835943,3982.69787326771,4661.01030254308,-3066.87021908025,8066.72193433963,8568.88796962976,7491.76257895308,7805.44883181445
55750.1770472782,-0.540198299208638,0.376940631014485,0.742227517037059,0.12328775760593,4045.45927603593,4697.60405051741,-2922.06097450042,8069.18895966487,8571.02272517194,7489.5974889717,7802.71298607981
55771.3771146038,-0.544618641480703,0.370527807403043,0.740716826881049,0.132054010420273,4105.96922947221,4731.58340890072,-2775.62093425845,8071.64879382518,8573.26913998368,7487.34071476554,7799.94951870728
55792.5771819294,-0.548964767100879,0.36406017012553,0.739101870841724,0.140805900189983,4164.1922598741,4762.92739528211,-2627.63060653192,8074.10216011516,8575.63002089715,7484.98993043361,7797.15684831358
55813.777249255,-0.553235937829099,0.357538585531346,0.737382741910667,0.149542130795665,4220.09414031665,4791.61649508529,-2478.1715106359,8076.55016538254,8578.1083925932,7482.54255515831,7794.33301558961
55834.9773165806,-0.557431424874074,0.350963932382519,0.735559550909108,0.158261403367497,4273.64191526659,4817.63267814725,-2327.3261316534,8078.99434326674,8580.70749149824,7479.99574873991,7791.47565116034
55856.1773839062,-0.561550509185285,0.344337101745492,0.73363242666105,0.16696241656936,4324.80392451204,4840.95941441375,-2175.17787410085,8081.43669884587,8583.43075326976,7477.34641194778,7788.58194447411
55877.3774512318,-0.565592481748795,0.337658996872036,0.731601516158746,0.175643866886473,4373.54982637743,4861.58168872549,-2021.81101465654,8083.87975369779,8586.28179236313,7474.5911931026,7785.64861501559
55898.5775185574,-0.569556643887498,0.330930533069502,0.729466984719487,0.18430444891593,4419.85062019366,4879.48601467007,-1867.31065398165,8086.32659000695,8589.26437199631,7471.72650252354,7782.67188749285
55919.777585883,-0.573442307566572,0.324152637560925,0.727229016132415,0.192942855659648,4463.67866799368,4894.66044747534,-1711.76266766551,8088.78089190519,8592.38236268698,7468.74853668096,7779.64747304945
55940.9776532086,-0.577248795704933,0.317326249335748,0.724887812793894,0.201557778819362,4505.00771540472,4907.09459592078,-1555.25365632851,8091.24698172815,8595.63968745557,7465.65331406655,7776.5705589833
55962.1777205342,-0.58097544249352,0.310452318992366,0.722443595829665,0.210147909093632,4543.8129117084,4916.77963324429,-1397.8708949181,8093.72984831183,8599.0402518035,7462.43672489671,7773.43580989223
55983.3777878598,-0.584621593721129,0.303531808574086,0.719896605201838,0.218711936477142,4580.07082904097,4923.70830702323,-1239.70228123492,8096.23516387478,8602.58785673362,7459.09459676017,7770.2373835756
56004.5778551854,-0.588186607108154,0.296565691400602,0.717247099798672,0.227248550563199,4613.75948070663,4927.87494800892,-1080.83628372795,8098.7692855011,8606.2860934362,7455.62277814725,7766.96896532505
56025.777922511,-0.591669852647916,0.289554951897442,0.71449535750522,0.235756440851042,4644.85833857755,4929.27547789586,-921.361888599339,8101.3392371137,8610.13821893903,7452.0172412859,7763.62382411048
56046.9779898367,-0.59507071295821,0.282500585427582,0.711641675249996,0.24423429705891,4673.34834955529,4927.90741600727,-761.368546260927,8103.95266568085,8614.14701251018,7448.27420575368,7760.19489572943
56068.1780571623,-0.598388583634572,0.275403598126347,0.708686369031574,0.252680809448832,4699.21195106916,4923.7698848806,-600.946117186495,8106.61776871197,8618.31461454866,7444.39028210882,7756.67489467353
56089.3781244879,-0.601622873609195,0.268265006745288,0.705629773918409,0.261094669164309,4722.43308558811,4916.86361473746,-440.184817204762,8109.34318793567,8622.64235073955,7440.36263438371,7753.05645786303
56110.5781918135,-0.604773005508398,0.261085838507387,0.70247224402404,0.269474568586842,4742.99721412401,4907.1909468241,-279.17516227993,8112.13786555006,8627.13054625334,7436.18915837256,7749.33232153559
56131.7782591391,-0.607838416003212,0.253867130976272,0.699214152458544,0.277819201716265,4760.89132870511,4894.75583560993,-118.007912827705,8115.01086131927,8631.77833694221,7431.8686705167,7745.49553034576
56152.9783264647,-0.610818556145923,0.246609931940712,0.695855891259095,0.286127264579973,4776.10396379981,4879.56384983319,43.2259823839835,8117.97113094079,8636.58348661093,7427.40110004276,7741.53967530853
56174.1783937903,-0.613712890082272,0.239315298619336,0.692397872732536,0.294397456220434,4788.62520667239,4861.62217238418,204.435442699206,8121.02793546713,8641.54237001704,7422.78742130724,7737.45856869776
56195.3784611159,-0.616520899510978,0.231984299323909,0.688840525672727,0.302628477715317,4798.44670665317,4840.93959901832,365.529312351822,8124.18991805934,8646.64970937018,7418.03005188721,7733.24707362976
56216.5785284415,-0.61924208101225,0.224618012221042,0.685184297795873,0.310819033753505,4805.56168330775,4817.52653589271,526.416417504693,8127.46407060904,8651.89831472735,7413.13327081079,7728.90201993629
56237.7785957671,-0.621875945964021,0.217217525083422,0.681429655928263,0.318967833252001,4809.96493349055,4791.3949959217,687.005623497076,8130.85614216048,8657.27919463517,7408.10305047761,7724.42183589474
56258.9786630927,-0.624422021288387,0.209783935440024,0.677577085407579,0.327073589719487,4811.65283727018,4762.55859394835,847.205892246419,8134.37032801555,8662.78157803617,7402.94710405354,7719.80678891174
56280.1787304183,-0.626879849553743,0.202318350451376,0.673627090034247,0.33513502184359,4810.62336271506,4731.0325407308,1006.9263397502,8138.0090082693,8668.39301194104,7397.67486212881,7715.05916135693
56301.3787977439,-0.629248989017793,0.194821886739344,0.669580192067022,0.343150854084466,4806.87606952988,4696.83363574376,1166.07629363296,8141.77253750667,8674.09953231546,7392.29738031991,7710.18336101484
56322.5788650695,-0.631529013632316,0.187295670165469,0.665436932254662,0.351119817255258,4800.41211153447,4659.98025879737,1324.56535068342,8145.65910167679,8679.88590393163,7386.82717790437,7705.18595476194
56343.7789323951,-0.633719513023768,0.179740835550477,0.661197869900752,0.359040649073672,4791.23423797878,4620.49236047731,1482.30343432615,8149.66465441021,8685.73591908443,7381.27801303301,7700.0756190228
56364.9789997207,-0.63582009246635,0.1721585263324,0.656863582954117,0.366912094670941,4779.34679368909,4578.3914514117,1639.20085197243,8153.78293928719,8691.63273976328,7375.66460549896,7694.86300693409
56386.1790670463,-0.637830372864936,0.164549894166318,0.652434668113163,0.374732907048337,4764.75571804221,4533.70059037202,1795.16835219481,8158.00559784655,8697.55926395664,7370.00232255761,7689.56053882612
56407.3791343719,-0.639749990763593,0.156916098474079,0.647911740929757,0.382501847476621,4747.46854276614,4486.44437121692,1950.11718166998,8162.32235632433,8703.49849482379,7364.30684624275,7684.18212872496
56428.5792016975,-0.641578598391809,0.149258305956655,0.643295435897509,0.390217685839565,4727.49438856742,4436.64890868963,2103.95914183499,8166.72127813111,8709.43389175913,7358.5938416198,7678.74286427232
56449.7792690231,-0.64331586375539,0.141577690084333,0.638586406510431,0.397879200928041,4704.84396058686,4384.34182308103,2256.6066452022,8171.18906467221,8715.34968479021,7352.87864438527,7673.25866018737
56470.9793363487,-0.644961470773343,0.133875430580415,0.633785325280827,0.405485180695266,4679.52954268711,4329.55222377221,2407.97277127871,8175.71138474953,8721.23113785451,7347.17598342163,7667.74590592588
56492.1794036743,-0.646515119456737,0.126152712912725,0.628892883709216,0.413034422486199,4651.56499057721,4272.31069167196,2557.97132203691,8180.27321256722,8727.0647516259,7341.49974985744,7662.22112666216
56513.3794709999,-0.647976526121364,0.118410727804288,0.623909792203375,0.420525733254566,4620.96572378088,4212.64926056588,2706.51687688337,8184.85915606683,8732.83840196812,7335.86281950666,7656.70067355519
56534.5795383255,-0.649345423623336,0.1106506707708,0.618836779947656,0.427957929779809,4587.74871645667,4150.60139739557,2853.52484707406,8189.45376046523,8738.54141510161,7330.27693090775,7651.20045507086
56555.7796056511,-0.650621561605773,0.102873741688604,0.613674594726936,0.435329838893892,4551.93248707999,4086.20198148765,2998.91152952518,8194.04177585659,8744.16458467749,7324.75261708219,7645.73571656665
56576.9796729767,-0.651804706745204,0.0950811443933554,0.608424002711705,0.442640297724818,4513.53708699843,4019.48728275363,3142.59415996959,8198.60838197111,8749.70013887342,7319.29918593024,7640.32087097857
56598.1797403023,-0.652894642987785,0.0872740863067873,0.60308578821185,0.449888153960582,4472.58408787317,3950.49493888315,3284.49096541019,8203.13936715422,8755.14166729859,7313.9247420343,7634.96937970626
56619.3798076279,-0.653891171767681,0.0794537780871707,0.597660753406714,0.457072266134453,4429.0965680208,3879.26393155412,3424.52121582282,8207.62126199334,8760.48401802838,7308.63624152926,7629.69367991479
56640.5798749535,-0.654794112202232,0.0716214332981202,0.5921497180584,0.46419150393019,4383.09909767144,3805.8345616848,3562.60527506263,8212.04143058796,8765.72317470633,7303.43957148306,7624.50515253582
56661.7799422791,-0.655603301260846,0.0637782680902508,0.586553519214111,0.471244748504246,4334.61772316006,3730.24842375344,3698.66465092922,8216.38812419369,8770.85612262273,7298.33964570191,7619.41412419891
56682.9800096047,-0.656318593906424,0.0559255008905851,0.580873010902048,0.478230892821052,4283.67995006941,3652.54837921282,3832.6220443474,8220.6505029364,8775.88071127136,7293.34050980563,7614.42989601649
56704.1800769303,-0.656939863209613,0.0480643520953761,0.57510906382407,0.485148841997163,4230.31472534432,3572.77852902725,3964.40139762205,8224.81863161876,8780.79551932816,7288.44544959958,7609.56079240087
56725.3801442559,-0.657467000437207,0.0401960437629296,0.569262565047146,0.491997513650075,4174.55241839786,3490.98418536121,4093.92794172702,8228.88345548512,8785.59972646048,7283.65709803045,7604.81422372803
56746.5802115815,-0.657899915116624,0.0323217993039535,0.563334417694679,0.498775838247895,4116.42480123144,3407.21184244895,4221.12824259002,8232.83676132728,8790.29299498031,7278.97753722784,7600.19675751539
56767.7802789071,-0.658238535078685,0.0244428431678328,0.557325540638064,0.505482759456571,4055.96502759174,3321.50914667553,4345.93024633674,8236.67112863801,8794.87536316415,7274.40839322384,7595.71419371939
56788.9803462327,-0.658482806480952,0.0165604005239763,0.551236868188307,0.512117234481911,3993.20761118823,3233.92486590042,4468.26332345972,8240.37987476174,8799.34715110051,7269.95092186542,7591.37164068818
56810.1804135583,-0.658632693804392,0.00867569692904657,0.5450693497986,0.51867823440443,3928.18840299616,3144.50885805499,4588.05831187892,8243.9569995756,8803.70887972083,7265.60608428191,7587.17358709544
56831.3804808839,-0.658688178521823,0.000789956713094656,0.538823951368137,0.525164744509779,3860.94456767062,3053.31203904622,4705.24755886297,8247.39788337728,8807.96137633673,7261.37432117007,7583.12330574716
56852.5805482095,-0.658649262758191,-0.00709559383899204,0.532501650473944,0.531575764551667,3791.51455909796,2960.38634999896,4819.76496178186,8250.69828796251,8812.10551889935,7257.2559567253,7579.22374465911
56873.7806155351,-0.658515966265082,-0.0149797296089799,0.52610343963411,0.537910309140815,3719.9380951116,2865.78472386957,4931.54600766395,8253.85390109851,8816.14208685305,7253.25141093626,7575.47794217836
56894.9806828607,-0.658288326651875,-0.0228612267658106,0.519630325681965,0.544167408006297,3646.25613139993,2769.56105146411,5040.52781153173,8256.86088354528,8820.07185018164,7249.36101788771,7571.88855728719
56916.1807501863,-0.657966399682777,-0.0307388627706721,0.513083329018004,0.550346106271182,3570.51083463439,2671.77014689427,5146.64915349271,8259.71580839816,8823.89553599895,7245.5850642375,7568.4579300168
56937.3808175119,-0.65755025921697,-0.03861141671401,0.506463483277898,0.556445464721433,3492.74555484648,2572.46771250454,5249.85051456407,8262.4156192642,8827.61380595685,7241.92381531862,7565.18812302709
56958.5808848375,-0.657039997133176,-0.0464776696594029,0.499771835004586,0.562464560062602,3413.00479708256,2471.710303304,5350.0741112109,8264.95759317733,8831.22723989827,7238.37753530268,7562.08095728081
56979.7809521631,-0.656435723245493,-0.0543364049871818,0.493009443316432,0.568402485164392,3331.33419236587,2369.55529093603,5447.26392858054,8267.33930784819,8834.73632473658,7234.94650231977,7559.13804247798
57000.9810194887,-0.655737565210909,-0.0621864087369211,0.486177379571281,0.574258349293134,3247.78046799545,2266.06082721954,5541.36575241652,8269.55861302111,8838.1414477057,7231.63101926478,7556.36080271872
57022.1810868143,-0.654945668428777,-0.0700264699481198,0.479276727026451,0.580031278332298,3162.39141721145,2161.28580729453,5632.32719963811,8271.6136056501,8841.44289322419,7228.43142095356,7553.75049787871
57043.3811541399,-0.654060195932442,-0.0778553809984463,0.472308580494811,0.585720414991128,3075.21586825701,2055.28983240521,5720.09774757264,8273.50260856901,8844.64084271224,7225.3480782225,7551.30824117902
57064.5812214655,-0.653081328273197,-0.085671937938986,0.465274045997107,0.591324919001539,2986.30365286653,1948.13317235332,5804.62876183006,8275.22415231459,8847.73537679102,7222.38139949671,7549.03501341575
57085.7812887911,-0.652009263396718,-0.0934749408259748,0.458174240410804,0.596843967303375,2895.70557421022,1839.87672765382,5885.8735228103,8276.77695975922,8850.72647937562,7219.53183028611,7546.93167428863
57106.9813561167,-0.650844216512112,-0.101263194048567,0.451010291115681,0.602276754218163,2803.47337432489,1730.58199142527,5963.78725083614,8278.15993322017,8853.61404324793,7216.79985100719,7544.9989712352
57128.1814234423,-0.649586419953736,-0.109035506652215,0.443783335636517,0.607622491611453,2709.65970106078,1620.31101104618,6038.32712990542,8279.37214372806,8856.39787676048,7214.18597347279,7543.23754614259
57149.3814907679,-0.648236123035905,-0.116790692657284,0.436494521283171,0.612880409043873,2614.3180745739,1509.12634960865,6109.45233005847,8280.41282215821,8859.07771138039,7211.69073634207,7541.64794027289
57170.5815580935,-0.64679359190066,-0.124527571372575,0.429145004788414,0.618049753910996,2517.50285339341,1397.0910471999,6177.12402835733,8281.281351952,8861.65320983139,7209.31469977863,7540.2305977024
57191.7816254191,-0.645259109358728,-0.132244967703429,0.421735951943859,0.623129791572115,2419.26920009311,1284.26858204168,6241.30542847573,8281.97726317994,8864.12397463465,7207.05843952569,7538.98586754196
57212.9816927447,-0.643632974723871,-0.139941712454153,0.414268537234347,0.628119805468044,2319.67304659596,1170.72283151738,6301.96177889916,8282.50022772215,8866.4895568851,7204.92254057421,7537.91400517315
57234.1817600704,-0.641915503640775,-0.147616642624498,0.406743943471174,0.633019097228037,2218.77105913999,1056.5180331155,6359.06038973636,8282.85005536654,8868.74946513033,7202.90759056963,7537.01517270598
57255.3818273959,-0.64010702790668,-0.155268601699975,0.39916336142449,0.637826986765936,2116.62060293399,941.718745318126,6412.57064814432,8283.02669064712,8870.90317424505,7201.01417307878,7536.28943883679
57276.5818947216,-0.638207895286946,-0.162896439935787,0.391527989455274,0.642542812365653,2013.27970653056,826.389808462042,6462.46403237041,8283.03021026672,8872.95013421507,7199.24286081666,7535.73677826065
57297.7819620472,-0.636218469324776,-0.170499014634199,0.383839033147212,0.647165930756108,1908.80702594391,710.59630559963,6508.71412441596,8282.860820968,8874.8897787634,7197.59420891441,7535.35707077031
57318.9820293728,-0.634139129145287,-0.178075190415158,0.376097704938858,0.651695717175728,1803.26180853942,594.403523386082,6551.29662132686,8282.51885773538,8876.72153376536,7196.06874829429,7535.15010015439
57340.1820966984,-0.63197026925419,-0.185623839480035,0.368305223756414,0.656131565426641,1696.70385672126,477.876913018744,6590.18934511775,8282.00478222666,8878.44482541225,7194.66697920435,7535.11555298938
57361.382164024,-0.629712299331284,-0.193143841868317,0.360462814647483,0.6604728879187,1589.19349144425,361.08205125379,6625.3722513371,8281.31918134909,8880.05908809359,7193.3893649538,7535.2530174046
57382.5822313496,-0.627365644019025,-0.200634085707154,0.352571708416119,0.664719115703459,1480.79151557523,244.084601524787,6656.82743628143,8280.46276590802,8881.56377197612,7192.23632588101,7535.56198188522
57403.7822986752,-0.624930742706407,-0.208093467453628,0.34463314125951,0.668869698498255,1371.55917712918,126.950275187036,6684.53914286762,8279.43636926863,8882.95835026501,7191.20823357744,7536.04183416597
57424.9823660008,-0.62240804930841,-0.215520892129661,0.336648354406615,0.672924104700563,1261.55813240449,9.74479291094729,6708.49376517313,8278.24094598299,8884.24232613871,7190.30540538418,7536.69186025722
57446.1824333264,-0.619798032041273,-0.222915273549468,0.328618593759045,0.676881821392744,1150.8504090414,-107.466153752914,6728.67985165432,8276.87757034416,8885.41523935339,7189.52809917156,7537.51124363559
57467.382500652,-0.617101173139112,-0.23027553465324,0.320545109638359,0.680742354299649,1039.49836902717,-224.616940615131,6745.08810705408,8275.34746068493,8886.47667854776,7188.8764983945,7538.49904179235
57488.5825679776,-0.6143179678934,-0.237600609296965,0.312429157852535,0.684505227232481,927.564671671072,-341.642048873652,6757.71139301015,8273.65288440176,8887.42650334637,7188.35035127321,7539.65338462325
57509.7826353032,-0.611448926856648,-0.24488943733163,0.304271994683381,0.688169983783548,815.112236571661,-458.476102904168,6766.54472737627,8271.79568639849,8888.26452086917,7187.94952444377,7540.97276819136
57530.9827026288,-0.608494573271298,-0.252140969563715,0.296074880914372,0.691736185737302,702.204206598299,-575.053907794509,6771.58528226872,8269.77737681784,8888.99049954096,7187.67397656168,7542.45597721054
57552.1827699544,-0.605455443365849,-0.259354166903232,0.287839080512583,0.695203413353432,588.903910908734,-691.310486603291,6772.83238085118,8267.59958205407,8889.60427303214,7187.52358365596,7544.10168803965
57573.38283728,-0.602332086245726,-0.266528000263211,0.279565860031798,0.698571265411945,475.274828023734,-807.181117323752,6770.28749287133,8265.26403294676,8890.10574243809,7187.4981394786,7545.90847774265
57594.5829046056,-0.599125063649128,-0.273661450728249,0.271256488272159,0.701839359157774,361.380548979496,-922.601369534211,6763.95422896285,8262.77256244713,8890.4948806754,7187.59735225684,7547.87482470209
57615.7829719312,-0.595834949698421,-0.280753509720625,0.2629122359489,0.705007330235496,247.284740578065,-1037.50714071707,6753.83833372697,8260.12710335242,8890.77173667556,7187.82084159746,7549.99910924162
57636.9830392568,-0.592462330649663,-0.287803179158799,0.254534375365724,0.708074832616185,133.051108755583,-1151.83469222879,6739.94767760787,8257.32968594141,8890.93643934684,7188.16813559807,7552.27961440369
57658.1831065824,-0.589007804640597,-0.294809471608232,0.246124180092955,0.71104153851664,18.7433620877889,-1265.52068490374,6722.29224757668,8254.38243552321,8890.98920131988,7188.63866814993,7554.71452686804
57679.383173908,-0.585471981437351,-0.301771410424541,0.237682924650623,0.713907138311232,-95.5748245482074,-1378.50221427522,6700.88413663893,8251.28756991698,8890.93032249476,7189.23177641415,7557.30193799124
57700.5832412336,-0.581855482180091,-0.308688029889043,0.229211884196705,0.716671340436599,-209.83984613722,-1490.71684539748,6675.73753218052,8248.04739688288,8890.76019340783,7189.946698452,7560.03984494539
57721.7833085592,-0.578158939127899,-0.31555837533672,0.220712334220648,0.719333871289421,-323.988203496072,-1602.10264725285,6646.86870316785,8244.66431152651,8890.4792984369,7190.78257098939,7562.92615193248
57742.9833758848,-0.574382995403095,-0.322381503276674,0.212185550242368,0.721894475117509,-437.956539032501,-1712.59822672863,6614.29598621752,8241.14079370112,8890.08821886469,7191.73842729405,7565.95867144883
57764.1834432104,-0.570528304735262,-0.329156481505132,0.203632807516848,0.724352913904456,-551.681672275292,-1822.14276214854,6578.03977055144,8237.47940543339,8889.58763582024,7192.81319514395,7569.13512557292
57785.383510536,-0.566595531205201,-0.335882389211066,0.195055380744489,0.726708967248089,-665.100635158305,-1930.67603634426,6538.12248185352,8233.68278840053,8888.97833311905,7194.00569486394,7572.45314724791
57806.5835778616,-0.562585348989052,-0.342558317074516,0.186454543787332,0.728962432232965,-778.150707041397,-2038.13846925244,6494.56856504398,8229.75366148742,8888.26120002281,7195.3146374074,7575.91028152977
57827.7836451872,-0.5584984421028,-0.349183367357695,0.177831569391276,0.731113123297156,-890.769449451516,-2144.47115002338,6447.40446598795,8225.69481845484,8887.43723394017,7196.73862245897,7579.50398676928
57848.9837125128,-0.554335504147404,-0.355756653988971,0.169187728914388,0.733160872093572,-1002.89474052751,-2249.61586862754,6396.65861215472,8221.50912575025,8886.50754309025,7198.27613653371,7583.23163569634
57870.1837798384,-0.550097238054745,-0.362277302639824,0.160524292061416,0.735105527346065,-1114.46480915246,-2353.51514694646,6342.36139224481,8217.19952049521,8885.47334915095,7199.92555104755,7587.09051637237
57891.383847164,-0.545784355834578,-0.36874445079507,0.151842526624721,0.736946954700471,-1225.41826875761,-2456.11226933518,6284.54513480162,8212.76900872967,8884.33598992496,7201.68512031571,7591.07783293601
57912.5839144896,-0.541397578322701,-0.375157247816493,0.143143698231722,0.738685036570808,-1335.69415078213,-2557.35131264299,6223.24408582519,8208.22066429115,8883.09692212953,7203.55297931703,7595.19070580391
57933.7839818152,-0.536937634931119,-0.38151485499706,0.134429070096758,0.74031967198236,-1445.23193777334,-2657.17717568034,6158.49438540538,8203.55762663972,8881.75772392347,7205.52714187374,7599.42617281443
57954.9840491408,-0.532405263398799,-0.387816445613486,0.125699902783115,0.741850776408095,-1553.97159611208,-2755.53560811936,6090.33404339234,8198.78310021716,8880.32009778136,7207.60549823775,7603.78118902754
57976.1841164664,-0.52780120954501,-0.394061204968975,0.116957453969041,0.743278281602727,-1661.85360834821,-2852.3732388162,6018.80291412223,8193.9003540202,8878.78587343161,7209.78581257269,7608.25262634113
57997.384183792,-0.523126227024517,-0.400248330430346,0.108202978220873,0.744602135432707,-1768.81900513151,-2947.6376035433,5943.94267021636,8188.91272144826,8877.15701088166,7212.06572030243,7612.83727286558
58018.5842511176,-0.518381077084955,-0.406377031459067,0.0994377267728424,0.74582230170263,-1874.80939672321,-3041.27717212022,5865.79677547233,8183.82360061926,8875.4356035833,7214.44272524412,7617.53183188419
58039.7843184432,-0.513566528326569,-0.412446529636257,0.0906629473135101,0.746938759978374,-1979.76700407405,-3133.24137493193,5784.41045686594,8178.636455202,8873.6238817577,7216.91419650029,7622.33292035346
58060.9843857688,-0.5086833564645,-0.418456058681801,0.081879883778849,0.747951505407179,-2083.63468945445,-3223.48062882345,5699.83067568284,8173.3548158202,8871.7242158991,7219.47736508398,7627.2370668925
58082.1844530944,-0.503732344093783,-0.424404864467715,0.0730897761519809,0.74886054853489,-2186.355986623,-3311.94636236038,5612.10609779936,8167.98228208693,8869.73912047428,7222.12932025224,7632.24070920808
58103.38452042,-0.498714280457199,-0.430292205025932,0.0642938602695606,0.749665915120607,-2287.87513051947,-3398.59104044493,5521.28706313216,8162.52252533226,8867.67125783265,7224.86700552402,7637.34019089858
58124.5845877456,-0.493629961216177,-0.436117350550638,0.0554933676347923,0.750367645948943,-2388.13708646896,-3483.36818827738,5427.42555427662,8156.97929209114,8865.52344233879,7227.68721436142,7642.53175757765
58145.7846550712,-0.488480188201538,-0.441879583708758,0.0466895254433119,0.75096579645803,-2487.08757888377,-3566.23241465317,5330.57516435421,8151.35648377,8863.29866258781,7230.58655605233,7647.81148564568
58166.9847223968,-0.483265769176459,-0.447578200197795,0.0378835567638447,0.751460436202006,-2584.67311945005,-3647.13943458626,5230.7910640896,8145.65882218447,8861.00024656941,7233.56118829443,7653.17469279371
58188.1847897224,-0.477987517846287,-0.453212505176359,0.0290766780536503,0.751851650745197,-2680.84103478654,-3726.04609124959,5128.12996813828,8139.89044866403,8858.63154113108,7236.6073555283,7658.6171726389
58209.384857048,-0.472646253327486,-0.458781817281205,0.0202701016630787,0.752139539132343,-2775.53949356271,-3802.91037722382,5022.65010068589,8134.05540379959,8856.19601894387,7239.72120790427,7664.13477177879
58230.5849243736,-0.467242800051444,-0.464285467373455,0.0114650348553825,0.752324214392747,-2868.71753306427,-3877.69145504591,4914.41116034105,8128.15783978094,8853.69732854437,7242.8987177006,7669.72320298034
58251.7849916992,-0.461777987565623,-0.469722798387712,0.00266267957732207,0.752405803414706,-2960.3250851938,-3950.34967704941,4803.47428434354,8122.2020263047,8851.13929879875,7246.13567425754,7675.37803923976
58272.9850590248,-0.456252650330008,-0.475093165298393,-0.00613576768414218,0.752384446748152,-3050.31300189517,-4020.84660448868,4689.90201211,8116.1923616709,8848.52594448668,7249.42767703516,7681.09470322868
58294.1851263504,-0.450667627517663,-0.480395935084184,-0.0149291160375367,0.7522602984051,-3138.63307999001,-4089.1450259397,4573.75824813981,8110.13338540673,8845.86147195316,7252.77012835357,7686.86845544466
58315.385193676,-0.445023762819666,-0.485630486688477,-0.0237161803165114,0.752033525659417,-3225.23808541554,-4155.20897497054,4455.10822430415,8104.02979244944,8843.15028472193,7256.15822590797,7692.69438106167
58336.5852610016,-0.439321904254571,-0.49079621097591,-0.0324957812035954,0.751704308846102,-3310.08177685277,-4219.00374707474,4334.01846154127,8097.88644898791,8840.39698895564,7259.58695514819,7698.56737542151
58357.7853283272,-0.433562903982557,-0.495892510685109,-0.0412667453482271,0.751272841160251,-3393.1189287349,-4280.49591586163,4210.55673098177,8091.70841005789,8837.60639861592,7263.05108164201,7704.4821281172
58378.9853956528,-0.427747618124434,-0.500918800377742,-0.0500279054792399,0.750739328455861,-3474.30535362573,-4339.65334849775,4084.79201452754,8085.50093897593,8834.78354013829,7266.54514357905,7710.43310563677
58400.1854629785,-0.421876906585645,-0.505874506383971,-0.0587781005120027,0.750103989044653,-3553.59792395864,-4396.44522039407,3956.79446490859,8079.26952867999,8831.93365639116,7270.06344461585,7716.41453255907
58421.3855303041,-0.415951632885451,-0.510759066744361,-0.0675161756504455,0.749367053495077,-3630.95459312678,-4450.84202913413,3826.63536524225,8073.01992502054,8829.06220963432,7273.60004731731,7722.42037132615
58442.5855976297,-0.40997266399145,-0.515571931148277,-0.0762409824842203,0.748528764431688,-3706.33441591561,-4502.81560763893,3694.38708811934,8066.75815201083,8826.17488312933,7277.14876751261,7728.44430065885
58463.7856649553,-0.403940870159602,-0.520312560868764,-0.0849513790812848,0.747589376335084,-3779.69756826958,-4552.33913656441,3560.12305424229,8060.49053899726,8823.27758098078,7280.70316995956,7734.47969273896
58484.9857322809,-0.397857124779895,-0.524980428693849,-0.0936462300762185,0.74654915534264,-3851.00536638464,-4599.38715592819,3423.91769064043,8054.22374964703,8820.37642570348,7284.25656579887,7740.51958935218
58506.1857996065,-0.391722304227823,-0.529575018854183,-0.102324406754618,0.74540837905027,-3920.22028511938,-4643.9355759628,3285.84638848769,8047.9648125666,8817.47775291497,7287.80201238181,7746.55667727736
58527.3858669321,-0.385537287721763,-0.534095826946834,-0.110984787133944,0.744167336315534,-3987.30597571748,-4685.96168719281,3145.98546054848,8041.72115325729,8814.58810244597,7291.33231617073,7752.58326332036
58548.5859342577,-0.379302957186353,-0.538542359855012,-0.119626256041212,0.742826327062419,-4052.22728283503,-4725.44416973409,3004.4120982773,8035.50062697858,8811.71420504454,7294.84003954186,7758.59124952966
58569.7860015833,-0.3730201971219,-0.542914135663421,-0.128247705187952,0.74138566208823,-4114.95026086649,-4762.36310181368,2861.20432859807,8029.31155192098,8808.86296372385,7298.31751246393,7764.57210929972
58590.9860689089,-0.366689894479773,-0.547210683568816,-0.136848033242858,0.739845662873091,-4175.44218956368,-4796.6999675097,2716.44097038918,8023.16274188359,8806.04142867396,7301.75685017941,7770.51686526933
58612.1861362345,-0.360312938543632,-0.551431543785321,-0.145426145902524,0.73820666139268,-4233.67158894278,-4828.43766371067,2570.20159070023,8017.06353740313,8803.25676452878,7305.14997817572,7776.41607015789
58633.3862035601,-0.353890220816244,-0.555576267443907,-0.153980955960672,0.736468999934936,-4289.60823347454,-4857.56050629475,2422.56646072682,8011.02383398775,8800.51620866145,7308.48866589153,7782.25979195469
58654.5862708857,-0.347422634911407,-0.559644416485396,-0.162511383376149,0.734633030921634,-4343.22316555381,-4884.05423552944,2273.61651156936,8005.05410576907,8797.82701908484,7311.76457074844,7788.037605181
58675.7863382113,-0.340911076450338,-0.56363556354631,-0.171016355339892,0.732699116735898,-4394.48870824464,-4907.90602069326,2123.43328980225,7999.1654225049,8795.1964104782,7314.96929421407,7793.73859027711
58696.9864055369,-0.334356442961597,-0.567549291836822,-0.179494806340877,0.730667629556861,-4443.37847729804,-4929.10446392111,1972.09891287958,7993.36945744714,8792.63147686605,7318.09445166777,7799.35134351449
58718.1864728625,-0.327759633783269,-0.571385195010156,-0.187945678230801,0.728538951202904,-4489.86739243991,-4947.63960327577,1819.69602440339,7987.67848315443,8790.13909957041,7321.13175782636,7804.86400017828
58739.3865401881,-0.321121549965826,-0.575142877022889,-0.196367920286921,0.726313472985025,-4533.931687927,-4963.50291504843,1666.30774928061,7982.10535189991,8787.72583927542,7324.07312935905,7810.26427407677
58760.5866075137,-0.314443094173623,-0.578821951985829,-0.204760489272053,0.723991595572008,-4575.54892236973,-4976.68731529177,1512.01764879467,7976.66345694009,8785.39781142179,7326.91080603829,7815.53951667596
58781.7866748393,-0.307725170582632,-0.582422044005585,-0.213122349490157,0.721573728869089,-4614.69798782079,-4987.18716058959,1356.90967561738,7971.36667062529,8783.16054472852,7329.63749128817,7820.67679927037
58802.9867421649,-0.300968684771607,-0.585942787017443,-0.221452472835356,0.719060291911733,-4651.35911812939,-4994.99824806735,1201.06812878688,7966.2292552136,8781.01882345911,7332.24651225965,7825.66302152447
58824.1868094905,-0.294174543603593,-0.589383824611019,-0.229749838831506,0.716451712775817,-4685.51389656106,-5000.11781464889,1044.57760867696,7961.26574238537,8778.97651514028,7334.73199853668,7830.48504937039
58845.3868768161,-0.287343655094594,-0.592744809851083,-0.238013434658738,0.713748428505053,-4717.1452626841,-5002.54453556467,887.522971982962,7956.49077793997,8777.03638681643,7337.08907723285,7835.12988454511
58866.5869441417,-0.280476928266306,-0.596025405097188,-0.246242255162728,0.710950885055645,-4746.23751852366,-5002.27852211767,729.989286749175,7951.91892909505,8775.19991456827,7339.31408056819,7839.58486691024
58887.7870114673,-0.273575272980406,-0.599225281827066,-0.254435302841994,0.708059537257054,-4772.77633398543,-4999.32131871338,572.06178746229,7947.56445329202,8773.46709288257,7341.40476005821,7843.83790905476
58908.9870787929,-0.266639599752793,-0.602344120470123,-0.262591587808327,0.705074848786316,-4796.74875155121,-4993.67589916096,413.825830235272,7943.44102950495,8771.83625242142,7343.36049929126,7847.87776050633
58930.1871461185,-0.25967081954778,-0.605381610258603,-0.270710127715818,0.701997292151594,-4818.14319024909,-4985.34666225293,255.366848105533,7939.56145576275,8770.30389662852,7345.18251507627,7851.69429619949
58951.3872134441,-0.252669843554278,-0.608337449104866,-0.278789947654877,0.698827348678794,-4836.94944890179,-4974.33942663133,96.7703064709916,7935.93731985375,8768.86456918689,7346.87403474163,7855.27882078264
58972.5872807697,-0.245637582948883,-0.611211343513909,-0.286830080009226,0.695565508492805,-4853.15870865672,-4960.6614249486,-61.8783413128535,7932.57865398493,8767.51076535427,7348.44043579117,7858.62437694711
58993.7873480953,-0.238574948652628,-0.614003008537069,-0.2948295642773,0.692212270485638,-4866.76353480236,-4944.32129733204,-220.493698152092,7929.49358726583,8766.23290011376,7349.88933368069,7861.72604338788
59014.9874154209,-0.231482851093097,-0.616712167776035,-0.302787446860878,0.688768142258529,-4877.75787787543,-4925.3290841607,-378.99046722757,7926.6880134053,8765.01934493496,7351.23060392961,7864.5812053108
59036.1874827465,-0.224362199984428,-0.619338553438861,-0.310702780829172,0.685233640029024,-4886.13707406431,-4903.69621816456,-537.283495780257,7924.16529480913,8763.85654265851,7352.47632622378,7867.18977772469
59057.3875500721,-0.217213904139185,-0.621881906445636,-0.318574625670197,0.681609288495431,-4891.8978449143,-4879.43551585548,-695.287818647554,7921.9260229892,8762.72920539927,7353.64064263451,7869.55436381072
59078.5876173977,-0.21003887132703,-0.624341976578665,-0.32640204704367,0.677895620652041,-4895.03829634071,-4852.56116830034,-852.918701529755,7919.96785571196,8761.6205952757,7354.73952665516,7871.68033133381
59099.7876847233,-0.202838008192703,-0.626718522665177,-0.334184116552282,0.674093177554086,-4895.55791695644,-4823.08873124674,-1010.09168396648,7918.28544794184,8760.51288140441,7355.79046618018,7873.57579425372
59120.9877520489,-0.195612220242178,-0.629011312776239,-0.341919911548353,0.670202508036343,-4893.45757572082,-4791.03511461209,-1166.72262200336,7916.87048843352,8759.38756006576,7356.81207043685,7875.25149244988
59142.1878193745,-0.188362411900461,-0.631220124422274,-0.349608514991024,0.666224168394649,-4888.73951891703,-4756.41857134712,-1322.72773053001,7915.711846835,8758.22591898445,7357.82361754732,7876.72056960306
59163.3878867001,-0.181089486638098,-0.633344744724504,-0.357249015365276,0.662158722044453,-4881.4073664656,-4719.25868568514,-1478.02362527067,7914.79582807922,8757.00952210954,7358.8445649656,7877.99825701404
59184.5879540257,-0.173794347156881,-0.635384970543075,-0.364840506668404,0.658006739173872,-4871.46610758201,-4679.57636078848,-1632.52736440968,7914.10652261285,8755.720688819,7359.89404869877,7879.10147854306
59205.7880213513,-0.166477895619636,-0.637340608546489,-0.372382088463086,0.653768796410106,-4858.92209578669,-4637.39380580401,-1786.15648983457,7913.62623367286,8754.34294152821,7360.99039842761,7880.04839796889
59226.9880886769,-0.159141033905071,-0.639211475212891,-0.379872865989675,0.64944547651714,-4843.78304327572,-4592.7345223394,-1938.82906798007,7913.33595731224,8752.86139828738,7362.15069419289,7880.85793410304
59248.1881560025,-0.15178466386722,-0.640997396760583,-0.38731195032491,0.645037368139541,-4826.05801466137,-4545.62329037239,-2090.463730257,7913.21588784897,8751.26309175324,7363.39038642571,7881.54927048378
59269.3882233281,-0.144409687579967,-0.642698209012094,-0.39469845857061,0.640545065602482,-4805.75742009117,-4496.08615360512,-2240.97971305073,7913.24592113107,8749.53720223948,7364.72299534735,7882.14138534408
59290.5882906537,-0.137017007550356,-0.644313757201971,-0.40203151405445,0.6359691687726,-4782.89300775504,-4444.15040427589,-2390.29689727451,7913.40613030987,8747.67519953025,7366.15989896217,7882.65262412
59311.7883579793,-0.129607526889063,-0.645843895742586,-0.409310246525715,0.631310282978821,-4757.47785578984,-4389.84456744062,-2538.33584746346,7913.67719317769,8745.67089490695,7367.71021190656,7883.10033166306
59332.9884253049,-0.122182149431785,-0.647288487964294,-0.41653379233147,0.626569018987607,-4729.52636359095,-4333.19838473655,-2685.01785039597,7914.04075580553,8743.52041065444,7369.38075110216,7883.50055532463
59354.1884926305,-0.114741779810497,-0.648647405846254,-0.423701294562357,0.6217459930237,-4699.05424254082,-4274.24279764055,-2830.26495322953,7914.47972339699,8741.2220786775,7371.17607909154,7883.86782398235
59375.3885599561,-0.107287323477972,-0.649920529752518,-0.430811903161479,0.616841826825584,-4666.07850616421,-4213.00993023461,-2974.0000011391,7914.9784752146,8738.77628255561,7373.0986124367,7884.21500254153
59396.5886272817,-0.0998196866921402,-0.651107748185144,-0.437864774993949,0.611857147724412,-4630.61745972036,-4149.53307149082,-3116.14667444625,7915.52300556714,8736.18525842574,7375.14878070179,7884.55321693515
59417.7886946073,-0.092339776468787,-0.652208957562748,-0.444859073878153,0.606792588735954,-4592.6906892421,-4083.84665708848,-3256.62952522843,7916.10099682961,8733.4528697442,7377.32522116596,7884.8918413994
59438.9887619329,-0.0848485005117344,-0.653224062029461,-0.451793970582446,0.601648788656629,-4552.31905003207,-4015.98625077552,-3395.37401339801,7916.70183317243,8730.58436958207,7379.6249952277,7885.23853784766
59460.1888292585,-0.0773467671293103,-0.654152973296278,-0.458668642792631,0.596426392156693,-4509.52465462635,-3945.98852528657,-3532.30654224155,7917.31656515916,8727.58616203416,7382.04381411001,7885.5993363794
59481.3888965841,-0.0698354851448978,-0.654995610514316,-0.465482275056396,0.591126049865744,-4464.3308602357,-3873.89124283002,-3667.35449341019,7917.93783580378,8724.46557192381,7384.57626360264,7885.97874611867
59502.5889639097,-0.0623155638079341,-0.655751900177796,-0.472234058710971,0.585748418447607,-4416.76225567458,-3799.73323515586,-3800.44626135286,7918.55977829952,8721.23062955427,7387.21601987455,7886.37988641829
59523.7890312353,-0.0547879127101777,-0.65642177605344,-0.478923191799828,0.580294160663344,-4366.84464778829,-3723.55438321657,-3931.51128718434,7919.17789469064,8717.88987500018,7389.95605062488,7886.80462973773
59544.9890985609,-0.0472534417105702,-0.657005179132465,-0.485548878983503,0.574763945422368,-4314.60504738819,-3645.39559643254,-4060.48009198103,7919.78892348968,8714.4521844803,7392.78879785209,7887.25374898157
59566.1891658865,-0.039713060870703,-0.657502057601283,-0.492110331448753,0.569158447822536,-4260.07165470526,-3565.2987915738,-4187.28430949751,7920.39070283438,8710.92661976422,7395.70634022325,7887.72706360172
59587.3892332121,-0.0321676804018106,-0.657912366827214,-0.498606766819281,0.563478349180697,-4203.27384437196,-3483.30687126945,-4311.85671829786,7920.98203437515,8707.32230035035,7398.70053438411,7888.22358019819
59608.5893005377,-0.0246182107011541,-0.658236069442024,-0.505037409066558,0.557724336953954,-4144.24214994212,-3399.46370215592,-4434.13127329586,7921.56259092698,8703.64830625024,7401.76312050159,7888.74159014444
59629.7893678633,-0.0170655621571013,-0.65847313516081,-0.511401488441709,0.551897104974614,-4083.0082479588,-3313.81409267507,-4554.04313669897,7922.13279324327,8699.91359313929,7404.88582183564,7889.2787902247
59650.989435189,-0.00951064516114491,-0.658623540839524,-0.517698241395675,0.545997353415245,-4019.60494157962,-3226.40377053293,-4671.52870835116,7922.69357633867,8696.12689695321,7408.06047335637,7889.83249732176
59672.1895025146,-0.00195437021446362,-0.65868727062073,-0.523926910509154,0.540025788646812,-3954.06614376902,-3137.27935982943,-4786.52565547046,7923.24636317048,8692.29669803104,7411.27905930899,7890.39967799798
59693.3895698402,0.005602352135982,-0.658664315886313,-0.530086744438609,0.533983123327917,-3886.42686006672,-3046.48835786954,-4898.97294177699,7923.79297063217,8688.43118207665,7414.53376555632,7890.97703500828
59714.5896371658,0.0131586112953306,-0.658554675280055,-0.536176997865894,0.527870076415662,-3816.72317094139,-2954.07911166551,-5008.81085600815,7924.33552564135,8684.5382126324,7417.81701959554,7891.56108292674
59735.7897044914,0.0207134966115912,-0.658358354734011,-0.542196931455147,0.52168737317542,-3744.9922137385,-2860.10079414023,-5115.98103981762,7924.87639141165,8680.62531317041,7421.12151995463,7892.1482132398
59756.989771817,0.0282660973619387,-0.658075367496584,-0.548145811816734,0.515435745192293,-3671.2721642308,-2764.60338004066,-5220.42651505529,7925.41810324643,8676.69965706148,7424.44025668201,7892.73474983195
59778.1898391426,0.0358155027355375,-0.657705734162097,-0.554022911477914,0.509115930384852,-3595.60221778,-2667.63762157088,-5322.09171042547,7925.96331313276,8672.76806390211,7427.7665244509,7893.31699579181
59799.3899064682,0.0433608018137657,-0.657249482701788,-0.559827508859878,0.502728673021585,-3518.02257011765,-2569.25502375312,-5420.92248752112,7926.5147423475,8668.83700088327,7431.09392962523,7893.89127247749
59820.5899737938,0.0509010835485997,-0.656706648496287,-0.565558888260841,0.496274723740302,-3438.57439775321,-2469.50781952553,-5516.86616623179,7927.07514126819,8664.91258807731,7434.41639246056,7894.45395175447
59841.7900411194,0.0584354367398151,-0.656077274369668,-0.571216339844876,0.489754839570696,-3357.29983801685,-2368.44894458478,-5609.87154952347,7927.64725559386,8661.00060669732,7437.72814544752,7895.00148227078
59862.990108445,0.065962950011577,-0.655361410625224,-0.576799159636222,0.483169783960086,-3274.24196874446,-2266.13201198127,-5699.88894758852,7928.23379821765,8657.1065095431,7441.02372865264,7895.53041056839
59884.1901757706,0.0734827117889029,-0.654559115083144,-0.58230664951885,0.476520326802386,-3189.44478761171,-2162.6112864746,-5786.87020136386,7928.83742604291,8653.23543298836,7444.29798277338,7896.03739775873
59905.3902430962,0.0809938102744228,-0.653670453120243,-0.587738117241092,0.469807244470222,-3102.95319112426,-2057.94165865657,-5870.76870541611,7929.4607210926,8649.39220998594,7447.54604050227,7896.5192324151
59926.5903104218,0.0884953334258006,-0.652695497711935,-0.593092876425186,0.463031319850099,-3014.81295327038,-1952.17861884856,-5951.53943019195,7930.10617532371,8645.58138367204,7450.76331668825,7896.97284026076
59947.7903777474,0.0959863689341283,-0.651634329476584,-0.598370246581623,0.456193342380501,-2925.07070384231,-1845.37823077998,-6029.13894363213,7930.77617861936,8641.80722123808,7453.94549769213,7897.39529116218
59968.990445073,0.103466004203578,-0.650487036722394,-0.60356955312822,0.449294108092755,-2833.77390643228,-1737.5971050542,-6103.52543214792,7931.47300949139,8638.07372781306,7457.08853025506,7897.78380387043
59990.1905123986,0.110933326332552,-0.649253715496968,-0.608690127413861,0.442334419654491,-2740.97083610892,-1628.89237240802,-6174.65872095805,7932.19882808196,8634.38466015941,7460.18861013286,7898.135748895
60011.3905797242,0.118387422096549,-0.647934469639612,-0.613731306746868,0.435315086415518,-2646.71055677927,-1519.32165677047,-6242.50029378468,7932.95567110453,8630.74354003575,7463.24217069474,7898.44864983995
60032.5906470498,0.125827377932964,-0.646529410836515,-0.618692434428007,0.428236924455901,-2551.04289824168,-1408.94304812645,-6307.01331190673,7933.74544841176,8627.15366712009,7466.24587163897,7898.72018348451
60053.7907143754,0.133252279927986,-0.645038658678848,-0.623572859788114,0.421100756636057,-2454.01843293432,-1297.81507519072,-6368.16263256825,7934.56994092016,8623.61813142007,7469.19658794093,7898.94817884818
60074.990781701,0.140661213805784,-0.64346234072383,-0.628371938230373,0.413907412648647,-2355.68845238393,-1185.99667789705,-6425.91482674025,7935.43079965902,8620.13982512256,7472.09139911834,7899.13061544333
60096.1908490266,0.148053264920137,-0.641800592558824,-0.633089031277263,0.406657729072062,-2256.10494335911,-1073.54717970757,-6480.23819623321,7936.32954574458,8616.72145385544,7474.92757887375,7899.26562088618
60117.3909163522,0.155427518248669,-0.640053557868451,-0.637723506622212,0.399352549425274,-2155.32056373228,-960.526259747018,-6531.10279015788,7937.26757110951,8613.36554735072,7477.70258515461,7899.35146800933
60138.5909836778,0.162783058389846,-0.638221388504733,-0.642274738186005,0.391992724223853,-2053.38861805411,-846.993924766189,-6578.4804207316,7938.24613984317,8610.07446951019,7480.41405065531,7899.38657159543
60159.7910510034,0.170118969562872,-0.636304244560272,-0.646742106177959,0.384579111036917,-1950.36303284424,-733.010480939154,-6622.34467842681,7939.26639002064,8606.85042788427,7483.05977377306,7899.3694848306
60180.991118329,0.177434335610633,-0.634302294444412,-0.651124997161952,0.377112574544811,-1846.29833160152,-618.6365054983,-6662.67094645836,7940.32933591724,8603.69548258165,7485.63771002008,7899.29889555957
60202.1911856546,0.184728240005842,-0.632215714962366,-0.655422804127308,0.369593986597272,-1741.24960953727,-503.932818211349,-6699.43641460572,7941.43587052191,8600.61155463218,7488.14596388653,7899.17362240915
60223.3912529802,0.191999765860507,-0.630044691397248,-0.659634926564612,0.362024226271883,-1635.27250803459,-388.960452704357,-6732.62009236595,7942.58676827698,8597.60043382911,7490.58278114355,7898.99261083449
60244.5913203058,0.199247995938881,-0.62778941759496,-0.663760770546469,0.354404179932572,-1528.42318883682,-273.780627634644,-6762.2028214326,7943.78268798404,8594.6637860789,7492.94654157105,7898.75492913198
60265.7913876314,0.206472012674002,-0.62545009605185,-0.667799748813263,0.34673474128795,-1420.75830796791,-158.454717717583,-6788.16728749569,7945.02417582578,8591.80316028828,7495.23575209217,7898.45976445361
60286.991454957,0.213670898188,-0.623026938005073,-0.671751280863941,0.339016811449242,-1312.33498938765,-43.0442246111613,-6810.49803135706,7946.31166846262,8589.0199948185,7497.44904029415,7898.10641885046
60308.1915222826,0.22084373431626,-0.620520163525553,-0.675614793051849,0.331251298987607,-1203.21079838441,72.3892523377377,-6829.18145935524,7947.64549617046,8586.31562353739,7499.58514831385,7897.69430536652
60329.3915896082,0.227989602635604,-0.61793000161346,-0.679389718685645,0.323439119990593,-1093.44371470822,187.784045481326,-6844.20585309329,7949.02588599219,8583.6912814987,7501.64292706554,7897.22294419889
60350.5916569338,0.235107584496615,-0.615256690296076,-0.683075498135304,0.315581198117524,-983.092105446724,303.078448389085,-6855.56137846268,7950.45296488085,8581.14811027842,7503.62133078822,7896.69195893612
60371.7917242594,0.242196761060218,-0.612500476727955,-0.68667157894323,0.307678464653571,-872.21469764697,418.210745491915,-6863.24009395584,7951.92676281732,8578.68716299617,7505.51941188932,7896.10107288295
60392.991791585,0.249256213338658,-0.609661617293239,-0.690177415940478,0.299731858562266,-760.870550685619,533.119241847877,-6867.23595825922,7953.44721588871,8576.30940904942,7507.33631606231,7895.45010547622
60414.1918589106,0.256285022241001,-0.606740377709998,-0.69359247136807,0.291742326536264,-649.119028390598,647.742293025004,-6867.54483711861,7955.01416931732,8574.01573858686,7509.0712776559,7894.73896879501
60435.3919262362,0.263282268623253,-0.603737033136468,-0.69691621500342,0.283710823046063,-537.019770917112,762.018335096368,-6864.16450946762,7956.62738043281,8571.80696674653,7510.72361527283,7893.96766416513
60456.5919935618,0.270247033343249,-0.600651868279022,-0.700148124291833,0.275638310386495,-424.632666381208,875.885914742422,-6857.09467280975,7958.28652158206,8569.6838376829,7512.2927275771,7893.13627885704
60477.7920608874,0.277178397320389,-0.597485177501735,-0.703287684483044,0.267525758720726,-312.017822254197,989.283719455253,-6846.33694784425,7959.99118297409,8567.64702840661,7513.77808928881,7892.24498287437
60498.992128213,0.284075441600363,-0.594237264937379,-0.70633438877279,0.259374146121527,-199.235536521522,1102.15060783915,-6831.89488232499,7961.7408754582,8565.69715245905,7515.1792473464,7891.29402582908
60520.1921955386,0.290937247424944,-0.590908444599681,-0.709287738449347,0.25118445860959,-86.3462686098576,1214.42564000146,-6813.77395414165,7963.5350332358,8563.8347634439,7516.49581721672,7890.28373389844
60541.3922628642,0.297762896306965,-0.587499040496664,-0.712147243044994,0.242957690188645,26.5893899134305,1326.04810802737,-6791.98157361146,7965.37301650702,8562.06035843575,7517.72747933382,7889.21450685762
60562.5923301898,0.304551470110561,-0.584009386744905,-0.714912420492339,0.234694842877131,139.510744864038,1436.95756653177,-6766.52708496978,7967.25411405507,8560.37438128695,7518.87397564743,7888.08681518129
60583.7923975154,0.311302051136789,-0.580439827684515,-0.717582797285445,0.226396926736196,252.35702918289,1547.09386328098,-6737.42176704707,7969.17754577174,8558.77722585146,7519.93510626328,7886.90119720648
60604.992464841,0.31801372221468,-0.576790717994649,-0.72015790864567,0.218064959893781,365.067432891517,1656.39716987652,-6704.67883311941,7971.14246512907,8557.26923914541,7520.91072615663,7885.65825634832
60626.1925321666,0.324685566797828,-0.573062422809356,-0.722637298692138,0.209699968564549,477.581133255003,1764.8080124927,-6668.31342991962,7973.14796160265,8555.8507244629,7521.80074194133,7884.35865835963
60647.3925994922,0.331316669066571,-0.569255317833558,-0.72502052061675,0.201302987065429,589.837325146409,1872.26730265921,-6628.34263579516,7975.19306305343,8554.52194446579,7522.60510867672,7883.00312862423
60668.5926668178,0.337906114035831,-0.565369789458957,-0.727307136863616,0.19287505782653,701.775251606036,1978.71636807914,-6584.78545799928,7977.27673807576,8553.28312426578,7523.32382669392,7881.59244947322
60689.7927341434,0.344452987668689,-0.561406234879648,-0.729496719312815,0.184417231397207,813.334234588393,2084.09698347271,-6537.66282910102,7979.39789832038,8552.13445451738,7523.95693842427,7880.1274575126
60710.992801469,0.350956376995707,-0.557365062207234,-0.731588849468334,0.175930566447027,924.45370588912,2188.35140143575,-6486.99760250005,7981.55540080257,8551.07609454012,7524.50452521068,7878.60904094926
60732.1928687946,0.35741537024009,-0.553246690585201,-0.733583118650072,0.167416129761432,1035.07323824355,2291.42238330178,-6432.81454703138,7983.74805020639,8550.10817548899,7524.96670408394,7877.03813690168
60753.3929361202,0.363829056948676,-0.549051550302347,-0.735479128189752,0.158874996231846,1145.13257658791,2393.25322999569,-6375.14034064566,7985.97460119794,8549.2308035922,7525.34362448422,7875.41572868001
60774.5930034459,0.370196528128808,-0.544780082905013,-0.737276489630606,0.150308248840027,1254.57166947355,2493.78781286622,-6314.00356314998,7988.2337607619,8548.44406347576,7525.63546490802,7873.74284301893
60795.7930707714,0.376516876391101,-0.540432741307894,-0.73897482493065,0.141716978636432,1363.33070062383,2592.97060448396,-6249.43468799449,7990.52419057716,8547.74802159514,7525.84242945978,7872.02054724503
60816.993138097,0.382789196098097,-0.536009989903187,-0.740573766669401,0.133102284712377,1471.35012062262,2690.74670939056,-6181.46607308994,7992.84450944997,8547.14272979495,7525.96474428644,7870.2499463585
60838.1932054226,0.389012583518836,-0.53151230466783,-0.742072958257828,0.124465274165802,1578.5706787226,2787.06189478433,-6110.13195064155,7995.19329582475,8546.62822901821,7526.00265387209,7868.43218000687
60859.3932727483,0.395186136989296,-0.526940173268588,-0.743472054151388,0.115807062060412,1684.93345476082,2881.86262112652,-6035.46841598437,7997.56909039584,8546.2045531877,7525.9564171688,7866.56841932612
60880.5933400739,0.401308957078709,-0.522294095164737,-0.744770720065904,0.107128771378012,1790.37989116799,2975.09607265188,-5957.51341540596,7999.97039884608,8545.87173328307,7525.82630353791,7864.65986362172
60901.7934073995,0.407380146761708,-0.517574581708092,-0.745968633196124,0.0984315329638324,1894.85182505765,3066.71018776608,-5876.30673294212,8002.39569474173,8545.62980163805,7525.61258847519,7862.70773685906
60922.9934747251,0.413398811596274,-0.512782156240122,-0.747065482436705,0.0897164854646699,1998.29152037981,3156.65368931231,-5791.88997613198,8004.84342261712,8545.4787964833,7525.31554909105,7860.7132839294
60944.1935420507,0.419364059907402,-0.507917354185903,-0.748060968605445,0.080984775259651,2100.64170012352,3244.87611468791,-5704.30656071903,8007.31200128675,8545.41876676169,7524.93545931566,7858.67776665356
60965.3936093763,0.425275002976464,-0.502980723144636,-0.748954804668488,0.07223755638346,2201.84557855163,3331.32784579175,-5613.6016942852,8009.79982742734,8545.44977724325,7524.47258479679,7856.60245948108
60986.5936767019,0.431130755236159,-0.497972822976477,-0.749746715967307,0.0634759904418616,2301.84689345003,3415.96013878182,-5519.82235880565,8012.30527947843,8545.57191396844,7523.92717745656,7854.48864483821
61007.7937440275,0.436930434470971,-0.49289422588541,-0.750436440447197,0.054701246519367,2400.58993837325,3498.72515362207,-5423.0172921127,8014.82672191581,8545.78529004868,7523.2994696715,7852.33760807228
61028.9938113531,0.442673162023044,-0.487745516497903,-0.751023728887037,0.045914501078899,2498.01959486689,3579.57598339656,-5323.23696825773,8017.3625099594,8546.09005185354,7522.58966803859,7850.15063193464
61050.1938786787,0.448358063003364,-0.482527291937067,-0.751508345130076,0.0371169378533279,2594.08136464699,3658.46668336845,-5220.53357676108,8019.91099478497,8546.48638561392,7521.79794668855,7847.92899053788
61071.3939460043,0.453984266508103,-0.477240161892057,-0.751890066315467,0.0283097477287519,2688.72140171522,3735.35229976045,-5114.96100074047,8022.47052931783,8546.97452446971,7520.92444010652,7845.6739427161
61092.5940133299,0.459550905840025,-0.471884748682432,-0.752168683110311,0.0194941286194181,2781.88654438825,3810.18889823285,-5006.57479390964,8025.03947469581,8547.55475598908,7519.96923542013,7843.38672470985
61113.7940806555,0.465057118445183,-0.466461687318481,-0.752344000122663,0.0106712851564189,2873.52434721849,3882.93359203455,-4895.43215643984,8027.61627640232,8548.22744515775,7518.93233819396,7841.06848170314
61134.9941479811,0.470502045507802,-0.460971625530243,-0.752415836547457,0.00184242817243552,2963.58311278295,3953.54456980169,-4781.59190967803,8030.20012036029,8548.99318804447,7517.81341645485,7838.71968942085
61156.1942153067,0.475884835615343,-0.455415223829729,-0.752384024239863,-0.00699122336255654,3052.01192331584,4021.98112297832,-4665.11446971653,8032.78967528106,8549.8525534359,7516.61226037099,7836.34125282313
61177.3942826323,0.481204641321727,-0.449793155586726,-0.752248410230256,-0.015828444769347,3138.76067216019,4088.20367283259,-4546.06181981042,8035.38347321725,8550.80616424037,7515.32863984767,7833.93417330011
61198.5943499579,0.486460620451038,-0.444106107037981,-0.752008856306366,-0.024668005163615,3223.78009501242,4152.17379704167,-4424.49748164015,8037.9801048854,8551.85474484213,7513.96222724686,7831.499375735
61219.7944172835,0.491651936457618,-0.438354777315214,-0.751665239172655,-0.0335086675640698,3307.02180093379,4213.854255818,-4300.48648541823,8040.57822892979,8552.99913087991,7512.51258720584,7829.03769827904
61240.9944846091,0.496777758680081,-0.432539878466309,-0.751217450677035,-0.0423491890765684,3388.43830310141,4273.20901754931,-4174.09533884049,8043.17658633239,8554.24028033028,7510.97916433081,7826.54987759391
61262.1945519347,0.50183726259765,-0.426662135469136,-0.750665398036732,-0.0511883210876205,3467.98304927123,4330.20328392416,-4045.39199488352,8045.77401649108,8555.57928497329,7509.36127023732,7824.0365326352
61283.3946192603,0.506829630088929,-0.420722286237626,-0.750009004062856,-0.0600248094669843,3545.61045192472,4384.80351451482,-3914.44581845203,8048.36947527969,8557.01738216565,7507.65806994073,7821.49814674295
61304.5946865859,0.511754049694318,-0.414721081619822,-0.749248207382494,-0.068857394778405,3621.27591807036,4436.97745078878,-3781.32755188096,8050.96205541379,8558.55596681364,7505.86856762665,7818.93504780547
61325.7947539115,0.516609716881576,-0.408659285387569,-0.748382962658241,-0.0776848124985391,3694.93587867077,4486.6941395201,-3646.10927929933,8053.55100908775,8560.19660330842,7503.99159200917,7816.34738659246
61346.9948212371,0.521395834314231,-0.402537674217458,-0.747413240804981,-0.0865057932439354,3766.54781766563,4533.92395557186,-3508.86438986435,8056.13577314733,8561.94103718918,7502.02578142627,7813.73511310791
61368.1948885627,0.52611161212277,-0.396357037662684,-0.746339029203579,-0.0953190630057863,3836.07030056031,4578.63862402066,-3369.66753987594,8058.7159969583,8563.79120620545,7499.96956892132,7811.09795092483
61389.3949558883,0.530756268178524,-0.390118178115441,-0.745160331911152,-0.104123343392138,3903.4630025499,4620.81124159433,-3228.59461378412,8061.29157309718,8565.74925035868,7497.82116764505,7808.43536951668
61410.5950232139,0.535329028370205,-0.383821910759483,-0.743877169867575,-0.112917351877198,3968.68673614791,4660.41629739413,-3085.72268410301,8063.86267093374,8567.81752039283,7495.57855701673,7805.74655467757
61431.7950905395,0.539829126883115,-0.377469063512495,-0.742489581097825,-0.121699802057315,4031.70347828877,4697.42969287266,-2941.12997024757,8066.42977309323,8569.99858407546,7493.23947020931,7803.03037722504
61452.9951578651,0.544255806481144,-0.371060476957931,-0.740997620909719,-0.130469403913139,4092.47639687329,4731.82876103933,-2794.89579631088,8068.9937146712,8572.29522946244,7490.80138367214,7800.28536031432
61474.1952251907,0.548608318791724,-0.364597004266016,-0.739401362086511,-0.139224864077424,4150.96987672601,4763.59228486521,-2647.10054780167,8071.55572491926,8574.71046417201,7488.26150957797,7797.50964586526
61495.3952925163,0.552885924594083,-0.358079511103689,-0.737700895073725,-0.147964886107868,4207.14954493349,4792.70051485969,-2497.82562736397,8074.1174709161,8577.2475095102,7485.61679227739,7794.70096081976
61516.5953598419,0.557087894111189,-0.351508875533326,-0.73589632815946,-0.156688170764364,4260.98229553276,4819.13518579177,-2347.15340950243,8076.68110247871,8579.90978809537,7482.86391006031,7791.85658421293
61537.7954271675,0.561213507305967,-0.344885987900274,-0.73398778764725,-0.165393416290015,4312.43631351915,4842.87953252944,-2195.16719433916,8079.24929724334,8582.70090343264,7479.99928375542,7788.97331636012
61558.9954944931,0.565262054182462,-0.338211750709391,-0.731975418020369,-0.174079318695296,4361.48109814327,4863.91830497115,-2041.95116042948,8081.82530445155,8585.62460970661,7477.01909393113,7786.04745183298
61580.1955618187,0.569232835092732,-0.331487078491063,-0.729859382096238,-0.18274457204483,4408.08748546682,4882.23778204412,-1887.59031666622,8084.4129855115,8588.68476991068,7473.91930867955,7783.07475831777
61601.3956291443,0.573125161050344,-0.324712897657519,-0.727639861169371,-0.191387868746413,4452.22767014787,4897.82578474519,-1732.17045330408,8087.01684887402,8591.88530034684,7470.69572414089,7780.05046390338
61622.5956964699,0.576938354051316,-0.317890146350678,-0.725317055141012,-0.200007899842165,4493.87522642627,4910.67168820039,-1575.77809213724,8089.64207618322,8595.2300995446,7467.3440200248,7776.96925581323
61643.7957637955,0.580671747403277,-0.311019774283272,-0.722891182633411,-0.208603355302056,4533.00512828063,4920.76643272084,-1418.50043586544,8092.29453606362,8598.72295981302,7463.85983236078,7773.82529403498
61664.9958311211,0.58432468606327,-0.304102742575528,-0.720362481086529,-0.217172924320604,4569.59376872911,4928.10253383323,-1260.42531668566,8094.98078134477,8602.36746000725,7460.23884550412,7770.61224365435
61686.1958984467,0.587896526983465,-0.297140023590044,-0.71773120683551,-0.225715295618464,4603.61897824665,4932.67409126436,-1101.64114414787,8097.70802545321,8606.16683880652,7456.47690482855,7767.32332955619
61707.3959657723,0.591386639468113,-0.290132600769578,-0.714997635163417,-0.234229157749442,4635.06004227236,4934.47679686046,-942.236852315591,8100.48409169375,8610.12384836273,7452.57015143923,7763.95141863643
61728.5960330979,0.594794405532534,-0.283081468479262,-0.712162060333565,-0.242713199419142,4663.89771778163,4933.50794142303,-782.301846273124,8103.31733188591,8614.24059004661,7448.51517812211,7760.48913190736
61749.7961004235,0.598119220267702,-0.275987631859232,-0.709224795595006,-0.251166109816413,4690.11424889837,4929.76642044444,-621.925948023212,8106.21650982459,8618.51833537321,7444.30920477788,7756.92898931507
61770.9961677491,0.601360492203549,-0.268852106690794,-0.706186173163096,-0.259586578963338,4713.69338152394,4923.25273872763,-461.199341820279,8109.19064575416,8622.95733708406,7439.9502698269,7753.26358897473
61792.1962350747,0.604517643664879,-0.261675919279109,-0.703046544176587,-0.26797329808892,4734.62037696035,4913.96901387601,-300.212518985794,8112.24882052304,8627.55663771656,7435.43743158588,7749.48581985611
61813.3963024003,0.60759011111233,-0.254460106354072,-0.699806278634539,-0.276324960031586,4752.88202450659,4901.91897864065,-139.056222253671,8115.39994038435,8632.31388517989,7430.77097130118,7745.58910447201
61834.5963697259,0.610577345457117,-0.247205714987815,-0.696465765320588,-0.284640259675807,4768.46665300799,4887.10798211382,22.1786103051689,8118.65246707052,8637.22516695033,7425.95258702889,7741.56766456012
61855.7964370515,0.613478810668684,-0.239913801804831,-0.69302541321045,-0.292917894995464,4781.36414134014,4869.54298975903,183.400901728767,8122.01483727219,8642.28503576844,7420.98529315413,7737.41617034456
61876.9965043771,0.616293988511904,-0.23258543480131,-0.689485647422618,-0.30115656599282,4791.5659278097,4849.23258226977,344.519492929305,8125.49435538363,8647.48625842601,7415.87384640119,7733.13071346519
61898.1965717027,0.619022375341363,-0.225221691930491,-0.685846912105093,-0.309354976469771,4799.06501845656,4826.18695325035,505.443199725404,8129.09631015472,8652.81965155165,7410.6250547728,7728.70957305607
61919.3966390283,0.621663482281726,-0.217823660999077,-0.682109670378404,-0.317511834555159,4803.85599424263,4800.41790571412,666.080870088304,8132.82433999353,8658.27425447335,7405.24756210413,7724.15286768134
61940.5967063539,0.624216835841488,-0.2103924397803,-0.678274403854772,-0.325625853105657,4805.93501711421,4771.93884739596,826.341441548181,8136.68015994652,8663.83743409721,7399.75181152442,7719.46274773353
61961.7967736795,0.626681977961388,-0.202929135867928,-0.674341612650354,-0.333695750291216,4805.29983492679,4740.76478487766,986.133998706253,8140.66336211281,8669.49506836873,7394.14992764767,7714.64350613484
61982.9968410051,0.629058466016358,-0.195434866469735,-0.670311815444208,-0.341720250171091,4801.94978522209,4706.91231652636,1145.36783079782,8144.77128991103,8675.23179926468,7388.4555251352,7709.70160953754
62004.1969083307,0.631345872795838,-0.187910758136337,-0.666185549571146,-0.349698083241642,4795.88579784924,4670.39962424813,1303.95248925107,8148.99899740639,8681.03134394866,7382.68345116829,7704.64564409157
62025.3969756564,0.633543786480344,-0.180357946422658,-0.661963371139158,-0.357627986942341,4787.11039642338,4631.24646406033,1461.79784518618,8153.3392988297,8686.87684744724,7376.84947504829,7699.48617626245
62046.597042982,0.635651810632288,-0.17277757548547,-0.657645855158157,-0.365508706110473,4775.62769861667,4589.4741554882,1618.81414679921,8157.78290620123,8692.75125642682,7370.96994276042,7694.23553610952
62067.7971103076,0.637669564216926,-0.165170797626431,-0.653233595664405,-0.373338993380275,4761.44341527838,4545.1055697927,1774.91207657531,8162.31864588944,8698.63769200993,7365.06141710522,7688.90753665399
62088.9971776332,0.639596681665044,-0.15753877279475,-0.648727205824632,-0.381117609528023,4744.5648483823,4498.16511703833,1930.0028082758,8166.93373894855,8704.51980028048,7359.14032454994,7683.51714763664
62110.1972449588,0.64143281298343,-0.149882668066325,-0.644127318005657,-0.388843323769772,4725.00088780146,4448.67873201156,2083.99806364401,8171.61412593584,8710.38206200761,7353.2226282914,7678.08014452965
62131.3973122844,0.643177623913165,-0.142203657116605,-0.63943458379873,-0.396514914022441,4702.76200691185,4396.67385900164,2236.81016877525,8176.34481502527,8716.21004765158,7347.32354351369,7672.6127539328
62152.59737961,0.6448307961304,-0.13450291970274,-0.634649673992231,-0.404131167141101,4677.86025702834,4342.17943545771,2388.35211009656,8181.11023262121,8721.99060917075,7341.45730609136,7667.13131464333
62173.7974469356,0.64639202748018,-0.126781641167203,-0.629773278491012,-0.411690879145622,4650.30926067778,4285.22587453723,2538.53758990275,8185.89455800975,8727.71200574261,7335.63700076206,7661.65197022634
62194.9975142612,0.647861032231523,-0.119041011970958,-0.624806106184732,-0.41919285544855,4620.12420371578,4225.84504656266,2687.28108139583,8190.68202729218,8733.36396555905,7329.87444976905,7656.19040448498
62216.1975815868,0.649237541341293,-0.111282227259837,-0.619748884770732,-0.426635911093566,4587.32182629538,4164.07025940441,2834.49788317576,8195.45719626263,8738.93768986982,7324.1801586961,7650.76162651267
62237.3976489124,0.65052130271525,-0.103506486464043,-0.614602360538858,-0.434018871010911,4551.92041269722,4099.93623780984,2980.10417313155,8200.2051563892,8744.42580818276,7318.56331301605,7645.37980758591
62258.597716238,0.651712081456495,-0.0957149929277101,-0.60936729812644,-0.441340570293027,4513.93978003262,4033.47910169937,3124.01706168271,8204.91170213473,8749.82229496674,7313.03181686206,7640.05816843625
62279.7977835636,0.652809660093918,-0.0879089535635459,-0.604044480251348,-0.448599854490953,4473.40126583203,3964.73634345188,3266.15464432214,8209.56345118731,8755.12235849383,7307.59236464099,7634.80891264609
62300.9978508892,0.653813838785764,-0.0800895785266647,-0.598634707430165,-0.455795579929913,4430.32771453343,3893.74680420305,3406.43605341296,8214.14792161226,8760.32231185615,7302.25053615105,7629.6432000938
62322.1979182148,0.654724435495701,-0.0722580809016427,-0.593138797687153,-0.462926614041022,4384.74346288588,3820.55064918148,3544.781509193,8218.65357148835,8765.41943499005,7297.01090659438,7624.57115344852
62343.3979855404,0.655541286140703,-0.0644156763972939,-0.587557586258282,-0.469991835705274,4336.67432428536,3745.18934210835,3681.11236994207,8223.06980735054,8770.41183500936,7291.877164036,7619.60189052434
62364.598052866,0.65626424471142,-0.0565635830445485,-0.581891925293182,-0.47699013560566,4286.14757206121,3667.70561868759,3815.35118126889,8227.38696788841,8775.29831051788,7286.85222822913,7614.74357565764
62385.7981201916,0.656893183366681,-0.0487030208938155,-0.576142683556729,-0.483920416583404,4233.19192173247,3588.14345921448,3947.42172447567,8231.5962890167,8780.07822400513,7281.93836612739,7610.00348398007
62406.9981875172,0.657427992504285,-0.0408352117092385,-0.570310746131006,-0.490781593994664,4177.83751225479,3506.5480603314,4077.24906396039,8235.68985580682,8784.75138503591,7277.13730071521,7605.38807336024
62428.1982548428,0.65786858081044,-0.0329613786581816,-0.564397014117705,-0.497572596064564,4120.11588627985,3422.96580596041,4204.7595936184,8239.66054598454,8789.31794577647,7272.4503109346,7600.90305975246
62449.3983221684,0.658214875290195,-0.0250827459950697,-0.558402404340586,-0.50429236423598,4060.05996944989,3337.44423744294,4329.88108220645,8243.50196886472,8793.77830947591,7267.87832143646,7596.55349262812
62470.598389494,0.658466821281012,-0.0172005387393315,-0.552327849047336,-0.510939853511056,3997.70404875116,3250.03202291761,4452.54271763445,8247.20840278476,8798.1330518272,7263.42198163217,7592.3438280186
62491.7984568196,0.658624382429491,-0.00931598232692325,-0.546174295636469,-0.517514032784294,3933.08374995112,3160.77892596783,4572.67515015178,8250.77473899702,8802.38285591935,7259.08173192716,7588.27799247162
62512.9985241452,0.658687539354781,-0.00143030099727462,-0.539942707966476,-0.524013885170641,3866.23601414474,3069.73577357111,4690.21053439696,8254.19721280112,8806.52864037528,7254.85755588318,7584.35874994489
62534.1985914708,0.658656293425871,0.00645527892659654,-0.533634061456269,-0.530438408260714,3797.19907343619,2976.95442338284,4805.0825702812,8257.47228042985,8810.5712880859,7250.74942375656,7580.58869587013
62555.3986587964,0.658530663495782,0.0143395323806578,-0.527249346635371,-0.536786614512214,3726.01242578295,2882.48773038708,4917.22654267856,8260.59630145285,8814.51153909984,7246.75744532597,7576.97054532675
62576.598726122,0.65831068630592,0.0222212355179692,-0.520789568312904,-0.543057531504668,3652.71680902986,2786.38951294773,5026.57935989697,8263.56603953481,8818.35007957188,7242.88169894384,7573.50669927898
62597.7987934476,0.657996416738667,0.0300991657597818,-0.514255744887444,-0.549250202211979,3577.35417416119,2688.71451829331,5133.07959090639,8266.37860760461,8822.08751805532,7239.12226213203,7570.19929602592
62618.9988607732,0.657587927756876,0.0379721021359606,-0.507648908019264,-0.55536368526817,3499.96765779937,2589.51838746882,5236.66750130236,8269.03143067497,8825.72437095156,7235.4792310819,7567.05024560711
62640.1989280988,0.657085310329074,0.0458388256310428,-0.500970102304919,-0.561397055221268,3420.60155397938,2488.85761978813,5337.285087985,8271.5222135126,8829.26105301782,7231.95273491055,7564.06125883797
62661.3989954244,0.656488673346209,0.0536981195296701,-0.494220384947327,-0.567349402775421,3339.3012852279,2386.78953682041,5434.87611253531,8273.8489126228,8832.69787203292,7228.5429455417,7561.23387166577
62682.59906275,0.655798143530281,0.0615487697605817,-0.487400825421284,-0.573219835021301,3256.11337297705,2283.37224594398,5529.38613327252,8276.00971220127,8836.03502688074,7225.25008390964,7558.56946533683
62703.7991300756,0.655013865335005,0.0693895652385261,-0.480512505134536,-0.57900747565488,3171.08540734224,2178.66460350077,5620.76253597812,8278.00300368403,8839.27260841044,7222.07442310381,7556.06928285462
62724.9991974012,0.654136000838674,0.0772192982035017,-0.473556517084642,-0.584711465184673,3084.26601629406,2072.72617758453,5708.95456327376,8279.82736851963,8842.41060252263,7219.01628899629,7553.73444218979
62746.1992647268,0.653164729629321,0.0850367645568037,-0.466533965511861,-0.590330961127523,2995.70483425419,1965.61721049542,5793.91334264214,8281.48156379385,8845.44889501302,7216.07605882243,7551.56594667426
62767.3993320524,0.652100248682328,0.0928407641933933,-0.459445965548341,-0.595865138193019,2905.45247014516,1857.39858089353,5875.59191308155,8282.96451035262,8848.38727777823,7213.25415812033,7549.56469297872
62788.599399378,0.650942772230589,0.100630101330164,-0.452293642863956,-0.601313188456639,2813.56047492394,1748.13176568336,5953.94525038641,8284.27528309045,8851.22545605267,7210.55105637506,7547.7314770377
62809.7994667036,0.649692531627352,0.108403584829709,-0.4450781333091,-0.606674321521686,2720.08130862902,1637.878801661,6028.93029104779,8285.41310309621,8853.96305640131,7207.96726166182,7546.06699824968
62830.9995340292,0.648349775201889,0.116160028519245,-0.437800582554808,-0.611947764670105,2625.06830697063,1526.70224695511,6100.50595476936,8286.37733137495,8856.59963524029,7205.50331453634,7544.57186224598
62852.1996013548,0.646914768108129,0.12389825150435,-0.43046214573057,-0.61713276300226,2528.57564749351,1414.66514229257,6168.63316559562,8287.16746389081,8859.13468769908,7203.15978138049,7543.2465824877
62873.3996686804,0.645387792166414,0.131617078477254,-0.423063987060193,-0.622228579565747,2430.65831534135,1301.83097211886,6233.27487165085,8287.78312770289,8861.56765667147,7200.93724737708,7542.09158091973
62894.599736006,0.643769145698556,0.139315340019385,-0.415607279496099,-0.627234495473333,2331.37206865179,1188.263625603,6294.3960634884,8288.22407799068,8863.89794193214,7198.83630925822,7541.1071878818
62915.7998033316,0.642059143356368,0.146991872897945,-0.40809320435244,-0.632149810010094,2230.77340361042,1074.02735755589,6351.96379105137,8288.49019578981,8866.12490921977,7196.85756794583,7540.29364145033
62936.9998706572,0.640258115943868,0.154645520356292,-0.400522950937379,-0.636973840729864,2128.91951919209,959.186749290775,6405.94717924673,8288.5814862809,8868.24789920778,7195.00162118221,7539.65108636128
62958.1999379828,0.638366410233355,0.162275132397922,-0.392897716184927,-0.641705923541061,2025.86828161721,843.806669453475,6456.31744213645,8288.49807749439,8870.26623630079,7193.26905622941,7539.17957264284
62979.4000053084,0.636384388775577,0.169879566063865,-0.385218704286701,-0.646345412782022,1921.67818855036,727.952234849754,6503.04789574981,8288.24021931368,8872.17923720865,7191.66044270145,7538.87905406747
63000.600072634,0.63431242970422,0.177457685703334,-0.37748712632395,-0.650891681285936,1816.40833306829,611.688771296314,6546.11396952266,8287.80828267502,8873.98621926174,7190.17632557979,7538.74938651592
63021.8001399596,0.632150926534929,0.185008363237472,-0.369704199900206,-0.655344120435493,1710.11836742366,495.081774521396,6585.49321636982,8287.20275887864,8875.68650844035,7188.81721845156,7538.79032633056
63043.0002072852,0.629900287959133,0.192530478416058,-0.361871148774917,-0.659702140207388,1602.86846663051,378.196871140242,6621.16532139805,8286.42425893943,8877.27944709936,7187.58359700058,7539.0015287215
63064.2002746108,0.627560937632879,0.200022919067049,-0.353989202498374,-0.663965169206792,1494.71929189711,261.099779730062,6653.11210926786,8285.47351291765,8878.76440137564,7186.47589277339,7539.38254627757
63085.4003419364,0.625133313960975,0.207484581338857,-0.346059596048287,-0.668132654691944,1385.73195393107,143.856272028466,6681.31755021296,8284.35136918207,8880.14076827091,7185.49448723549,7539.93282762277
63106.600409262,0.622617869876651,0.214914369935252,-0.338083569468305,-0.672204062589007,1275.96797614133,26.5321342786983,6705.76776472714,8283.05879356722,8881.4079824077,7184.63970612748,7540.65171625004
63127.8004765876,0.620015072617027,0.222311198342816,-0.3300623675088,-0.676178877497346,1165.48925776101,-90.80687125563,6726.4510269289,8281.59686839637,8882.56552245946,7183.91181412553,7541.53844955513
63149.0005439132,0.617325403417355,0.229673989210593,-0.321997239416248,-0.680056602632463,1054.35803691473,-208.095044584246,6743.35776661482,8279.96682898161,8883.61292604736,7183.31099521785,7542.59212484661
63170.2006112388,0.614549356618147,0.237001675994827,-0.31388943986861,-0.683836759318213,942.636853653416,-325.266786070876,6756.48057001315,8278.17097672356,8884.55001396834,7182.83698825536,7543.81089082854
63191.4006785644,0.611687441822112,0.244293198154581,-0.305740224064746,-0.687518888643335,830.388512979071,-442.256634280048,6765.81417924981,8276.21111153529,8885.37654339307,7182.48967858209,7545.1933264255
63212.60074589,0.608740181285366,0.25154750617245,-0.297550851809939,-0.691102549853682,717.676047881616,-558.999303569831,6771.35549053912,8274.08874370873,8886.09225010549,7182.26902382367,7546.738253945
63233.8008132156,0.605708110272412,0.258763560584208,-0.289322586089684,-0.694587320674935,604.562682409416,-675.429721410693,6773.10355111253,8271.80549682537,8886.69694157108,7182.17489750733,7548.44438453108
63255.0008805413,0.602591776928467,0.26594033191839,-0.28105669250904,-0.697972797344716,491.111794794627,-791.483065411387,6771.05955489834,8269.36309755586,8887.19049937915,7182.20708879371,7550.31032592707
63276.2009478669,0.599391742035074,0.273076800865622,-0.272754438952897,-0.70125859455742,377.386880654009,-907.094800033223,6765.22683696648,8266.76337358201,8887.57288358319,7182.36529913719,7552.33458298636
63297.4010151925,0.596108578761571,0.280171958444753,-0.264417095254652,-0.704444345399397,263.451516285471,-1022.20071297464,6755.61086675222,8264.00825154668,8887.84413685457,7182.64913910317,7554.51555820957
63318.6010825181,0.592742872414711,0.287224806161376,-0.256045932869522,-0.707529701276273,149.36932208014,-1136.73695120847,6742.21924007325,8261.09975489502,8888.00438842759,7183.0581253852,7556.85155242781
63339.8011498437,0.589295220186735,0.294234356158662,-0.247642224552638,-0.710514331832643,35.2039260693665,-1250.64005665471,6725.06166995474,8258.04000162279,8888.05385785281,7183.59167800442,7559.34076561437
63361.0012171693,0.585766230902139,0.301199631360539,-0.239207244042073,-0.713397924864358,-78.9810723743164,-1363.84700147218,6704.14997627734,8254.83120195347,8887.99285857705,7184.24911767165,7561.98129780196
63382.2012844949,0.582156524763425,0.30811966560726,-0.230742265747028,-0.71618018622367,-193.122138663658,-1476.29522295274,6679.49807426328,8251.47565596792,8887.82180136913,7185.02966329113,7564.7711500809
63403.4013518205,0.57846673309604,0.3149935037834,-0.222248564441302,-0.718860839717419,-307.155838932293,-1587.92265800227,6651.12196181591,8247.97575121252,8887.54119761121,7185.93242958395,7567.70822565161
63424.6014191461,0.574697498092781,0.321820201938354,-0.213727414962246,-0.721439626998553,-421.018875761572,-1698.66777719296,6619.03970572822,8244.33396031344,8887.15166247613,7186.9564248087,7570.79033090293
63445.8014864717,0.570849472557902,0.328598827399379,-0.205180091915312,-0.723916307451173,-534.648123681005,-1808.46961837176,6583.27142677645,8240.55283862687,8886.65391801166,7188.10054855546,7574.01517648643
63467.0015537973,0.566923319651143,0.335328458877272,-0.196607869384366,-0.726290658069386,-647.980664425047,-1917.26781981044,6543.83928371438,8236.63502195616,8886.04879615323,7189.36358958898,7577.38037835532
63488.2016211229,0.562919712631936,0.342008186564748,-0.188012020647862,-0.728562473330173,-760.953821929252,-2025.00265288271,6500.7674561849,8232.58322436923,8885.33724168694,7190.74422371597,7580.88345873474
63509.4016884485,0.558839334604007,0.348637112227617,-0.17939381790103,-0.730731565060543,-873.505197049073,-2131.61505425449,6454.082126565,8228.40023615064,8884.52031518539,7192.24101165052,7584.52184698903
63530.6017557741,0.55468287826059,0.355214349288845,-0.170754531984147,-0.732797762299207,-985.572701984923,-2237.0466575736,6403.81146076102,8224.08892192505,8883.59919593897,7193.85239685159,7588.29288034998
63551.8018230997,0.550451045630399,0.361739022905938,-0.162095432117272,-0.734760911152854,-1097.09459439731,-2341.23982464539,6349.98558797077,8219.65221908322,8882.57518492771,7195.57670326879,7592.19380438604
63573.0018904253,0.546144547824777,0.368210270040957,-0.1534177856409,-0.736620874647656,-1208.00951119613,-2444.13767608124,6292.63657942979,8215.09313673542,8881.44970790434,7197.41213289331,7596.22177300978
63594.2019577509,0.541764104786414,0.374627239522179,-0.144722857761835,-0.738377532576808,-1318.25650198851,-2545.68412140716,6231.79842615877,8210.41475360138,8880.22431822206,7199.3567637286,7600.37384942512
63615.4020250765,0.537310445038613,0.380989092103096,-0.136011911308517,-0.740030781341608,-1427.77506216969,-2645.82388861981,6167.5070157297,8205.62021766475,8878.90070007617,7201.40854707446,7604.64700551638
63636.6020924021,0.532784305436954,0.387295000511715,-0.127286206490439,-0.741580533789801,-1536.50516564178,-2744.50255317783,6099.80010806847,8200.7127458532,8877.48067177787,7203.56530477776,7609.03812120858
63657.8021597277,0.528186430922628,0.393544149494192,-0.118547000664705,-0.743026719049532,-1644.38729714539,-2841.66656641632,6028.71731031183,8195.69562406941,8875.96618914366,7205.82472631838,7613.5439835082
63679.0022270533,0.523517574277778,0.399735735852218,-0.109795548109185,-0.744369282359502,-1751.36248418942,-2937.26328337292,5954.30005073686,8190.57220771261,8874.35934904077,7208.18436566895,7618.16128509998
63700.2022943789,0.518778495883072,0.405868968474255,-0.101033099802299,-0.745608184895579,-1857.37232856431,-3031.24099001385,5876.59155178142,8185.34592274603,8872.6623931087,7210.64163790085,7622.88662244819
63721.4023617045,0.513969963477662,0.411943068360761,-0.0922609032094207,-0.746743403594082,-1962.35903742464,-3123.54892984883,5795.63680217433,8180.02026737141,8870.87771167615,7213.19381550837,7627.71649334755
63742.6024290301,0.509092751921714,0.417957268643537,-0.0834802020759291,-0.747774930971996,-2066.26545392672,-3214.137329924,5711.4825281942,8174.59881437602,8869.00784789034,7215.8380244245,7632.64729386525
63763.8024963557,0.504147642961689,0.423910814599359,-0.0746922362269096,-0.748702774944306,-2169.0350874074,-3302.9574261821,5624.17716407624,8169.08521422203,8867.05550207279,7218.57123970276,7637.67531461284
63785.0025636813,0.499135424998525,0.429802963658046,-0.0658982413734903,-0.749526958638703,-2270.61214309038,-3389.96148817955,5533.77082158658,8163.48319895337,8865.02353631246,7221.39028084235,7642.79673628359
63806.2026310069,0.494056892858898,0.435632985405105,-0.0570994489258045,-0.750247520207842,-2370.94155130654,-3475.10284315051,5440.31525878406,8157.79658700044,8862.91497930186,7224.29180673639,7648.0076243876
63827.4026983325,0.488912847542346,0.441400161936902,-0.0482970860482421,-0.750864512431743,-2469.96899621511,-3558.33589940798,5343.86384798955,8152.02937726544,8860.73305234863,7227.27227570904,7653.3038450583
63848.6027656581,0.48370409599734,0.447103788252254,-0.0394923757305667,-0.751378002276507,-2567.64094401247,-3639.61616907253,5244.47154298349,8146.1863960459,8858.48133069485,7230.32768490623,7658.68049183798
63869.8028329837,0.478431451119696,0.452743168902023,-0.0306865344459055,-0.751788072661276,-2663.90467061622,-3718.90029011955,5142.19484545231,8140.27187877375,8856.16341865919,7233.45411580255,7664.13313551356
63891.0029003093,0.473095731223615,0.458317621905836,-0.0218807745897499,-0.75209481998743,-2758.70828881168,-3796.14604773616,5037.091770705,8134.28999953287,8853.78306860519,7236.64753364415,7669.65735701045
63912.2029676349,0.467697759948983,0.463826477488862,-0.0130763034931627,-0.752298354647896,-2852.00077484871,-3871.31239497928,4929.22181268126,8128.24506388401,8851.34422669709,7239.90371134119,7675.24857760127
63933.4030349605,0.462238366062619,0.469269077945133,-0.00427432320216361,-0.752398800893149,-2943.73199447691,-3944.35947272669,4818.64590827315,8122.1415176589,8848.8510380272,7243.21822339255,7680.90205031997
63954.6031022861,0.456718383255724,0.474644777604523,0.00452396966570928,-0.752396296633293,-3033.85272840751,-4015.24862891337,4705.42640098231,8115.98396075778,8846.30785264078,7246.58643814051,7686.6128469944
63975.8031696117,0.451138649945613,0.479952942797572,0.013317384057457,-0.752290993238034,-3122.31469719059,-4083.94243704555,4589.62700393532,8109.77716271878,8843.71923147214,7250.0035097756,7692.37584384646
63997.0032369373,0.445500009082004,0.485192951816254,0.0221047346147288,-0.752083055335896,-3209.0705854966,-4150.40471398574,4471.31276227997,8103.52608010679,8841.08995203559,7253.46437021769,7698.18570566317
64018.2033042629,0.439803307958045,0.49036419487079,0.0308848417981658,-0.751772660612891,-3294.07406579139,-4214.60053700174,4350.55001498552,8097.23587582433,8838.42501369313,7256.96372100892,7704.03686850186
64039.4033715885,0.434049398026267,0.495466074042558,0.0396565320061623,-0.751359999610795,-3377.2798213945,-4276.49626007371,4227.40635607052,8090.91194043474,8835.72964227509,7260.49602539548,7709.92352091498
64060.6034389141,0.428239134719653,0.500498003233203,0.048418637688253,-0.750845275525227,-3458.64356891059,-4336.05952945337,4101.95059528192,8084.55991556828,8833.0092937767,7264.05550082548,7715.83958371088
64081.8035062397,0.422373377278012,0.505459408109966,0.0571699974533617,-0.7502287040037,-3538.12208002441,-4393.25929847001,3974.25271824933,8078.18571945072,8830.26965678976,7267.6361121508,7721.77868830854
64103.0035735653,0.416452988579851,0.510349726047244,0.0659094561731762,-0.749510512943861,-3615.67320264999,-4448.06584157846,3844.38384613909,8071.79557455299,8827.51665325487,7271.23156589244,7727.73415379861
64124.2036408909,0.410478834979938,0.515168406064336,0.074635865080947,-0.74869094229212,-3691.25588142527,-4500.45076764446,3712.41619483239,8065.39603730144,8824.75643703408,7274.83530601382,7733.69896289383
64145.4037082165,0.404451786152743,0.519914908759287,0.0833480818660384,-0.74777024384294,-3764.83017754373,-4550.38703246359,3578.42303365256,8058.9940297126,8821.99538970646,7278.4405117449,7739.6657370403
64166.6037755421,0.398372714941908,0.524588706238676,0.0920449707645949,-0.746748681039069,-3836.35728791486,-4597.84895051019,3442.47864366644,8052.59687271552,8819.24011287872,7282.04009811406,7745.62671107365
64187.8038428677,0.392242497215905,0.529189282043136,0.100725402646716,-0.745626528773057,-3905.79956364609,-4642.81220591342,3304.65827558512,8046.21232079692,8816.4974161819,7285.62671997332,7751.57370794102
64209.0039101933,0.386062011729945,0.533716131068286,0.109388255100555,-0.744404073190484,-3973.12052783894,-4685.25386265772,3165.03810728966,8039.84859744247,8813.7742999928,7289.19278044679,7757.498114179
64230.2039775189,0.379832139994201,0.538168759480712,0.118032412513787,-0.743081611495394,-4038.28489269273,-4725.15237400604,3023.69520100727,8033.51443064799,8811.07793178046,7292.73044488907,7763.39085703776
64251.4040448445,0.373553766148244,0.542546684628501,0.12665676615287,-0.741659451758543,-4101.25857590976,-4762.48759114408,2880.70746016382,8027.21908753018,8808.41561483804,7296.23166160644,7769.24238438073
64272.6041121701,0.367227776841517,0.546849434945754,0.135260214240535,-0.740137912729209,-4162.0087163962,-4797.24077104483,2736.15358593862,8020.97240677537,8805.79474802692,7299.68819076298,7775.04264876317
64293.8041794957,0.360855061119482,0.551076549850443,0.143841662031872,-0.738517323651447,-4220.50368925351,-4829.39458355292,2590.11303354745,8014.78482732346,8803.22277504586,7303.09164305529,7780.78109740485
64315.0042468213,0.354436510314847,0.555227579634843,0.152400021889291,-0.736798024085849,-4276.71312005578,-4858.93311768894,2442.66596827986,8008.66741129349,8800.70712165891,7306.43352988019,7786.44667011405
64336.2043141469,0.347973017943014,0.559302085347824,0.160934213356506,-0.734980363738058,-4330.60789840868,-4885.84188717439,2293.89322131695,8002.63185872361,8798.25511929448,7309.7053268176,7792.02780758226
64357.4043814725,0.341465479600566,0.563299638668214,0.16944316323146,-0.73306470229546,-4382.16019078657,-4910.10783517851,2143.87624535573,7996.69051123382,8795.87391349176,7312.89855228145,7797.51247283426
64378.6044487981,0.334914792865183,0.567219821768604,0.177925805637817,-0.731051409273656,-4431.34345264446,-4931.71933828876,1992.69707006614,7990.85634124753,8793.57035585424,7316.00486311885,7802.88818895703
64399.8045161238,0.328321857194959,0.571062227169146,0.186381082094264,-0.728940863874457,-4478.13243980245,-4950.66620970724,1840.43825740681,7985.14292296293,8791.35087851316,7319.01616872229,7808.14209650589
64421.0045834493,0.321687573824607,0.574826457581243,0.194807941580339,-0.726733454857191,-4522.50321910035,-4966.93970167579,1687.18285682563,7979.56438089768,8789.22135064991,7321.92476481422,7813.26103414212
64442.2046507749,0.315012845655576,0.578512125741575,0.203205340596919,-0.724429580425062,-4564.43317832123,-4980.53250713329,1533.01436037083,7974.13531160857,8787.18691741875,7324.7234874169,7818.23164602781
64463.4047181006,0.308298577136682,0.582118854237648,0.211572243218804,-0.722029648128045,-4603.90103538273,-4991.43876060896,1378.01665773853,7968.87067419736,8785.25182268785,7327.40588658583,7823.04051920812
64484.6047854262,0.301545674131628,0.58564627532702,0.219907621136066,-0.719534074783375,-4640.88684679585,-4999.65403835609,1222.27399128215,7963.78564555618,8783.41921839889,7329.96641822408,7827.67435356086
64505.8048527518,0.294755043769742,0.589094030753578,0.228210453680146,-0.716943286413857,-4675.37201539122,-5005.17535773113,1065.87091100923,7958.89543709175,8781.6909650293,7332.40065069087,7832.12016579802
64527.0049200774,0.287927594276634,0.59246177156561,0.236479727830033,-0.714257718203201,-4707.33929731356,-5008.00117582364,908.892229590618,7954.2150710037,8780.06742957975,7334.70548099177,7836.3655273873
64548.204987403,0.281064234782323,0.595749157941877,0.244714438193541,-0.711477814466053,-4736.77280828543,-5008.13138734286,751.422977407093,7949.75911616367,8778.54728960272,7336.87935316155,7840.39883408245
64569.4050547286,0.274165875105813,0.598955859033294,0.25291358695875,-0.708604028628692,-4763.65802914211,-5005.56732176757,593.548357657898,7945.54138628472,8777.12735386466,7338.9224691645,7844.20960202321
64590.6051220542,0.26723342551724,0.602081552828866,0.261076183811353,-0.705636823214324,-4787.98181063963,-5000.31173976589,435.353701555537,7941.57460634276,8775.80241205506,7340.83698045766,7847.7887821891
64611.8051893798,0.260267796481472,0.605125926055184,0.269201245814998,-0.702576669824858,-4809.73237753885,-4992.36882889249,276.924423630734,7937.87005699903,8774.56512722131,7342.62714656909,7851.12908153874
64633.0052567054,0.253269898390229,0.60808867411812,0.277287797254066,-0.69942404910945,-4828.89933196874,-4981.744198571,118.345977171133,7934.43721091834,8773.40598500674,7344.29944593539,7854.22527565142
64654.205324031,0.246240641292423,0.61096950109197,0.285334869442016,-0.696179450710686,-4845.47365607252,-4968.44487436986,-40.2961901830993,7931.28337709594,8772.3133125231,7345.86262491896,7857.07449619203
64675.4053913566,0.239180934638182,0.613768119765328,0.293341500499526,-0.692843373173206,-4859.44771394101,-4952.47929158003,-198.916680664036,7928.41337538326,8771.2733780085,7347.32767125821,7859.67647197763
64696.6054586822,0.232091687050272,0.616484251738077,0.301306735114561,-0.689416323810008,-4870.81525283774,-4933.85728810399,-357.430190398825,7925.82926217443,8770.27057776923,7348.70770246698,7862.03370467046
64717.8055260078,0.22497380614036,0.61911762756705,0.309229624296919,-0.685898818517465,-4879.57140372095,-4912.59009666503,-515.751553208794,7923.53012900801,8769.28771164157,7350.01776411608,7864.15156087478
64739.0055933334,0.217828198385296,0.621667986949077,0.317109225143625,-0.68229138153703,-4885.71268106808,-4888.69033634679,-673.795784163495,7921.51199341421,8768.30634163178,7351.27453907457,7866.03826616468
64760.205660659,0.210655769075252,0.624135078925383,0.324944600632429,-0.678594545166664,-4889.23698200871,-4862.17200347317,-831.478122868897,7919.76779643513,8767.30722134407,7352.49597580059,7867.70479248255
64781.4057279846,0.203457422340187,0.626518662087414,0.3327348194596,-0.674808849430764,-4890.14358477232,-4833.05046183891,-988.714076469472,7918.28751438233,8766.27077718745,7353.70085076945,7869.16463775791
64802.6057953102,0.196234061254214,0.628818504762442,0.340478955935002,-0.670934841722664,-4888.43314645773,-4801.34243230156,-1145.41946234445,7917.05838412656,8765.17761705758,7354.90828623616,7870.4335048105
64823.8058626358,0.188986588010037,0.631034385158195,0.348176089942334,-0.66697307643773,-4884.10770013118,-4767.06598174598,-1301.51045047909,7916.0652324881,8764.00903902099,7356.13724887954,7871.52889462389
64845.0059299614,0.181715904148854,0.633166091449288,0.35582530696609,-0.662924114616963,-4877.17065126083,-4730.24051143232,-1456.90360549251,7915.29089221197,8762.74751201181,7357.40605680847,7872.46963586273
64866.205997287,0.174422910826029,0.635213421794047,0.36342569818014,-0.658788523620404,-4867.62677349526,-4690.88674473919,-1611.51592830395,7914.71668061444,8761.3771028153,7358.73192162375,7873.27537716554
64887.4060646126,0.167108509090238,0.637176184277443,0.370976360587007,-0.65456687684674,-4855.48220379425,-4649.02671431358,-1765.26489742034,7914.32291306279,8759.88382834964,7360.13054884244,7873.96607070887
64908.6061319382,0.159773600153973,0.639054196783201,0.378476397192554,-0.650259753510672,-4840.74443692024,-4604.68374863927,-1918.06850982825,7914.08942239204,8758.25591879461,7361.6158145195,7874.56147466623
64929.8061992638,0.15241908563608,0.640847286804608,0.385924917198704,-0.645867738483822,-4823.4223192992,-4557.88245803591,-2069.84532147429,7913.99605710218,8756.48398453995,7363.19952914477,7875.08069877409
64951.0062665894,0.145045867761718,0.6425552912083,0.39332103619683,-0.641391422199049,-4803.52604225979,-4508.64872010084,-2220.51448731843,7914.02313525298,8754.56108728445,7364.89129276639,7875.54181190468
64972.206333915,0.137654849510884,0.64417805596785,0.400663876346546,-0.636831400612891,-4781.06713466015,-4457.00966460575,-2369.99580094545,7914.15183663016,8752.48272206831,7366.69843865909,7875.96152417244
64993.4064012406,0.130246934712532,0.645715435884344,0.407952566528001,-0.632188275217041,-4756.05845491149,-4402.99365786071,-2518.20973372036,7914.36452213968,8750.24672198056,7368.62605738408,7876.35494952806
65014.6064685662,0.122823028086456,0.647167294309611,0.415186242459906,-0.627462653087557,-4728.51418240823,-4346.63028655789,-2665.0774734742,7914.64497568537,8747.853100461,7370.67708917569,7876.73544876663
65035.8065358918,0.115384035239092,0.648533502884944,0.422364046779654,-0.62265514695989,-4698.44980837431,-4287.9503411073,-2810.52096270751,7914.97856935443,8745.30384751142,7372.8524703572,7877.11454792258
65057.0066032174,0.107930862621868,0.649813941304692,0.429485129085549,-0.617766375318478,-4665.88212613554,-4226.98579847708,-2954.46293629902,7915.35235716439,8742.60269596938,7375.15131881569,7877.50192342413
65078.206670543,0.100464417461884,0.651008497110454,0.436548645943998,-0.612796962491243,-4630.82922082799,-4163.76980455087,-3096.82695870818,7915.75510573275,8739.75487263922,7377.57114417277,7877.90544318574
65099.4067378686,0.0929856076746241,0.652117065518413,0.443553760866427,-0.607747538741444,-4593.31045855242,-4098.33665601438,-3237.53746066034,7916.1772720391,8736.7668469315,7380.10806981545,7878.33125189994
65120.6068051942,0.0854953417674961,0.65313954927965,0.450499644261735,-0.602618740351546,-4553.34647498495,-4030.72178178386,-3376.51977530451,7916.61093912072,8733.64608712184,7382.75705603026,7878.78388891534
65141.8068725198,0.0779945287415672,0.654075858571385,0.457385473370331,-0.597411209695871,-4510.95916345401,-3960.96172398847,-3513.70017383373,7917.04972031417,8730.40083172946,7385.51211579019,7879.2664279704
65163.0069398454,0.0704840779972295,0.654925910915828,0.464210432185556,-0.592125595300569,-4466.1716624939,-3889.09411851889,-3649.00590055908,7917.48864179331,8727.03988107024,7388.36651702265,7879.78062941391
65184.207007171,0.0629648992478688,0.655689631122729,0.47097371136763,-0.586762551890835,-4419.008342885,-3815.15767515416,-3782.36520742875,7917.92401190385,8723.57241190858,7391.3129672639,7880.32709713895
65205.4070744966,0.0554379024441528,0.656366951251567,0.477674508154439,-0.581322740426289,-4369.4947941909,-3739.19215727871,-3913.70738798427,7918.35328436443,8720.00781639013,7394.34377837842,7880.90543409782
65226.6071418222,0.0479039977102979,0.6569578105895,0.48431202627257,-0.575806828126048,-4317.65781080241,-3661.23836120139,-4042.96281074646,7918.77492095354,8716.35556509695,7397.45101045084,7881.5143918163
65247.8072091478,0.0403640952927158,0.657462155641623,0.490885475851203,-0.57021548848537,-4263.52537749871,-3581.33809508805,-4170.06295202421,7919.18825793748,8712.62509310219,7400.62659504429,7882.1520107044
65269.0072764734,0.0328191055207218,0.657879940130594,0.497394073340665,-0.564549401285811,-4207.12665453533,-3499.53415751911,-4294.94042813997,7919.59337928508,8708.82570726449,7403.8624387935,7882.81574912582
65290.207343799,0.0252699388607745,0.658211125094688,0.503837041432593,-0.558809252493201,-4148.4919622691,-3415.87031568333,-4417.52902706589,7919.99104119195,8704.96652237389,7407.15049244031,7883.50256268996
65311.4074111246,0.0177175057160224,0.658455678691071,0.51021360900369,-0.55299573450264,-4087.65276532946,-3330.39128321878,-4537.76373946536,7920.38255567137,8701.05640369508,7410.48282193579,7884.20901541295
65332.6074784502,0.0101627164761877,0.658613576285714,0.516523011044949,-0.547109546057301,-4024.64165634606,-3243.14269771176,-4655.58078913522,7920.76958239548,8697.10389935356,7413.85170559388,7884.93146866322
65353.8075457758,0.00260648161651214,0.658684800580151,0.522764488602987,-0.541151392120473,-3959.49233924174,-3154.17109786416,-4770.91766284391,7921.15411896268,8693.11722685345,7417.24964727714,7885.6660930494
65375.0076131014,-0.00495028835403671,0.658669341566666,0.528937288735645,-0.535121983953502,-3892.2396121004,-3063.52390033956,-4883.71313956178,7921.53842392731,8689.10425325369,7420.66940764091,7886.40893709506
65396.207680427,-0.0125066828835994,0.658567196548364,0.535040664470494,-0.52902203912186,-3822.91934961862,-2971.24937629795,-4993.90731907969,7921.92494980748,8685.07248391658,7424.10402612781,7887.15598540545
65417.4077477526,-0.0200617913626266,0.658378370162154,0.541073874769646,-0.522852281501869,-3751.56848514994,-2877.39662762888,-5101.44165001279,7922.31628516915,8681.0290580826,7427.54683538019,7887.90320754555
65438.6078150782,-0.0276147031057423,0.658102874403083,0.547036184500612,-0.516613441290288,-3678.22499235047,-2782.01556289242,-5206.25895718625,7922.71510494305,8676.98074984791,7430.99146945999,7888.64659870229
65459.8078824038,-0.0351645073311227,0.657740728650042,0.552926864412923,-0.510306255017087,-3602.92786643413,-2685.15687297696,-5308.30346840049,7923.12412816373,8672.93397334272,7434.43186706702,7889.38221311812
65481.0079497294,-0.0427102931381026,0.657291959692953,0.558745191120225,-0.503931465561615,-3525.7171050457,-2586.87200648279,-5407.52084057323,7923.5460823281,8668.89479109877,7437.86227078018,7890.10619122597
65502.208017055,-0.0502511494836317,0.656756601761602,0.564490447087597,-0.497489822172245,-3446.63368875953,-2487.21314483991,-5503.85818525635,7923.98367360262,8664.868924766,7441.27722319152,7890.81478134343
65523.4080843806,-0.0577861651581107,0.656134696556282,0.570161920623885,-0.490982080489499,-3365.71956121171,-2386.23317716827,-5597.26409352536,7924.43956215671,8660.86176748841,7444.67156066379,7891.50435670465
65544.6081517062,-0.065314428761064,0.655426293280452,0.575758905878881,-0.484409002572637,-3283.01760887275,-2283.98567488834,-5687.6886602397,7924.91634195619,8656.87839738013,7448.04040531844,7892.17142852691
65565.8082190318,-0.0728350286770426,0.654631448675571,0.581280702845189,-0.477771356929588,-3198.57164046816,-2180.52486608972,-5775.08350767222,7925.41652441289,8652.92359165386,7451.37915575296,7892.81265572832
65587.0082863574,-0.0803470530521006,0.653750227058308,0.586726617364701,-0.471069918550134,-3112.42636605357,-2075.90560966484,-5859.40180850596,7925.9425253478,8649.00184104832,7454.68347689339,7893.42485183737
65608.208353683,-0.087849589771139,0.652782700360259,0.592095961139583,-0.464305468942166,-3024.62737575092,-1970.18336921497,-5940.59830819695,7926.49665478595,8645.1173642797,7457.94928930879,7894.00498956408
65629.4084210086,-0.0953417264363817,0.651728948170339,0.597388051747741,-0.457478796170874,-2935.22111815206,-1863.41418673516,-6018.62934670114,7927.08110915808,8641.27412230716,7461.17275824724,7894.55020343861
65650.6084883343,-0.102822550347218,0.650589057779948,0.602602212662734,-0.450590694900672,-2844.25487839558,-1755.65465608443,-6093.45287956418,7927.6979655372,8637.47583225568,7464.35028259766,7895.05779086522
65671.8085556599,-0.110291148481625,0.649363124231033,0.607737773278125,-0.443641966439677,-2751.77675592264,-1646.96189624744,-6165.02849837226,7928.34917758646,8633.72598088301,7467.47848393447,7895.52521188823
65693.0086229854,-0.117746607479356,0.648051250367116,0.612794068936297,-0.436633418786535,-2657.83564191723,-1537.3935243935,-6233.31745056236,7929.03657293791,8630.02783751166,7470.55419576516,7895.9500879217
65714.2086903111,-0.125188013627091,0.646653546887367,0.617770440961736,-0.42956586667941,-2562.48119643587,-1427.00762873843,-6298.28265859009,7929.76185176115,8626.38446637534,7473.5744530685,7896.33019965513
65735.4087576367,-0.132614452845698,0.645170132403766,0.622666236698837,-0.422440131646901,-2465.76382523165,-1315.86274121467,-6359.8887384532,7930.52658631458,8622.79873835061,7476.53648218674,7896.66348431339
65756.6088249623,-0.140025010679796,0.643601133501372,0.627480809554247,-0.415257042060721,-2367.73465627735,-1204.01780995478,-6418.10201756854,7931.3322213025,8619.27334206143,7479.43769111452,7896.94803241996
65777.8088922879,-0.14741877228974,0.641946684801741,0.632213519043827,-0.408017433189882,-2268.44551599174,-1091.53217159322,-6472.89055200027,7932.18007488762,8615.81079435811,7482.27566021095,7897.18208418685
65799.0089596135,-0.154794822446211,0.64020692902948,0.636863730844251,-0.400722147256211,-2167.9489051734,-978.465523391069,-6524.22414303647,7933.07134023129,8612.41345018104,7485.04813334874,7897.36402563379
65820.2090269391,-0.162152245527544,0.638382017081919,0.641430816849314,-0.393372033490966,-2066.29797464584,-864.877895188297,-6572.07435311167,7934.00708745366,8609.08351182783,7487.75300950409,7897.49238452045
65841.4090942647,-0.169490125519937,0.636472108101892,0.645914155230989,-0.385967948192342,-1963.54650061762,-750.829621187896,-6616.41452107168,7934.98826592323,8605.8230376473,7490.38833478348,7897.56582616021
65862.6091615903,-0.176807546020691,0.634477369553587,0.650313130505304,-0.378510754783658,-1859.74885976095,-636.381311576138,-6657.21977677761,7936.01570679953,8602.63395018737,7492.95229487756,7897.58314917099
65883.8092289159,-0.184103590244622,0.632397977301398,0.654627133603066,-0.371001323871996,-1754.96000401216,-521.593823983077,-6694.46705504502,7937.09012576578,8599.51804382663,7495.44320792802,7897.54328120743
65905.0092962415,-0.191377341033778,0.630234115691764,0.658855561945497,-0.363440533307094,-1649.23543509706,-406.528234787333,-6728.13510891399,7938.21212589862,8596.4769919204,7497.85951779009,7897.44527470984
65926.2093635671,-0.198627880870611,0.627985977637871,0.662997819524819,-0.355829268240252,-1542.63117878434,-291.245810269137,-6758.20452224555,7939.38220063168,8593.51235349291,7500.19978767112,7897.28830269715
65947.4094308927,-0.205854291894728,0.625653764707193,0.667053316989835,-0.348168421183047,-1435.20375886988,-175.807977615581,-6784.65772163931,7940.60073677701,8590.62557950718,7502.46269412432,7897.07165462518
65968.6094982183,-0.213055655923372,0.623237687211751,0.671021471736526,-0.340458892065629,-1327.01017089474,-60.2762957820048,-6807.47898766685,7941.86801757567,8587.818018744,7504.64702137562,7896.79473232573
65989.8095655439,-0.220231054475754,0.620737964301009,0.674901708003718,-0.332701588294377,-1218.1078555997,55.2875737865069,-6826.65446541487,7943.18422575372,8585.09092332044,7506.75165596143,7896.45704603782
66011.0096328695,-0.227379568801377,0.618154824057303,0.678693456973819,-0.324897424808681,-1108.55467211901,170.821896569514,-6842.17217433165,7944.54944656536,8582.44545387758,7508.77558165468,7896.05821053846
66032.2097001951,-0.234500279912481,0.615488503593685,0.682396156878666,-0.317047324136636,-998.408870915973,286.264894517383,-6854.02201736993,7945.96367080833,8579.88268446643,7510.71787465698,7895.59794137769
66053.4097675207,-0.241592268620737,0.61273924915408,0.686009253110477,-0.309152216449416,-887.729066463362,401.554775725015,-6862.19578941872,7947.42679780063,8577.40360715919,7512.5776990347,7895.07605121957
66074.6098348463,-0.248654615578318,0.609907316215603,0.689532198337919,-0.301213039614083,-776.574209671164,516.629764228756,-6866.6871850161,7948.93863831026,8575.00913641284,7514.35430237751,7894.492446289
66095.8099021719,-0.255686401323471,0.606992969592935,0.692964452627299,-0.293230739244625,-665.00356006473,631.428129921953,-6867.49180533465,7950.49891743234,8572.70011321008,7516.04701165812,7893.84712292256
66117.0099694975,-0.262686706330705,0.603996483544586,0.69630548356885,-0.285206268750971,-553.076657716234,745.888218584367,-6864.60716443042,7952.10727740991,8570.47730900222,7517.6552292727,7893.14016421988
66138.2100368231,-0.269654611065719,0.600918141880918,0.699554766408106,-0.27714058938575,-440.853294932596,859.948482020443,-6858.03269474604,7953.76328039671,8568.34142947719,7519.17842924197,7892.37173679085
66159.4101041487,-0.276589196045185,0.59775823807377,0.70271178418235,-0.269034670288568,-328.393487703193,973.547508301109,-6847.76975185801,7955.46641116186,8566.29311817526,7520.61615355324,7891.54208759317
66180.6101714743,-0.283489541901489,0.594517075367516,0.705776027862073,-0.260889488527561,-215.757446910902,1086.6240521035,-6833.82161845758,7957.2160797375,8564.33295997396,7521.96800862436,7890.65154085344
66201.8102387999,-0.290354729452537,0.591194966891397,0.708746996497434,-0.252706029137987,-103.005549310261,1199.11706514259,-6816.19350755439,7959.011624012,8562.46148446313,7523.23366187082,7889.70049506447
66223.0103061255,-0.29718383977673,0.58779223577295,0.711624197369649,-0.244485285157611,9.80169172317298,1310.96572668845,-6794.8925648913,7960.85231227255,8560.67916923028,7524.41283835764,7888.68942005042
66244.2103734511,-0.303975954293202,0.584309215252353,0.714407146147256,-0.236228257658667,122.603655667852,1422.10947416219,-6769.9278705586,7962.73734570161,8558.98644307612,7525.50531751774,7887.61885409093
66265.4104407767,-0.310730154847411,0.580746248797504,0.717095367047195,-0.227935955776135,235.339644550896,1532.48803380352,-6741.31043979514,7964.66586083323,8557.38368917943,7526.51092991895,7886.48940109455
66286.6105081023,-0.317445523802163,0.577103690219635,0.719688393000616,-0.219609396732109,347.948912857218,1642.04145140208,-6709.05322296377,7966.63693197616,8555.87124823043,7527.42955406139,7885.30172781069
66307.8105754279,-0.324121144134158,0.573381903789279,0.722185765823326,-0.211249605856017,460.370697647516,1750.71012308429,-6673.17110468778,7968.64957361141,8554.44942155149,7528.26111318746,7884.05656106916
66329.0106427535,-0.330756099536118,0.569581264352359,0.724587036390803,-0.20285761660045,572.544248879068,1858.43482614702,-6633.68090213501,7970.70274277369,8553.11847422398,7529.00557208594,7882.7546850347
66350.2107100791,-0.337349474524567,0.565702157446227,0.726891764817638,-0.194434470552377,684.408859922784,1965.15674992859,-6590.60136243563,7972.79534142681,8551.87863824033,7529.66293387167,7881.39693846357
66371.4107774047,-0.343900354553329,0.561744979415401,0.729099520641322,-0.185981217439502,795.903898269378,2070.81752670718,-6543.95315921965,7974.92621884462,8550.73011570008,7530.23323672207,7879.98421194756
66392.6108447303,-0.350407826132772,0.557710137526825,0.731209883010237,-0.177498915131533,906.968836417028,2175.35926261599,-6493.75888825961,7977.09417401075,8549.67308206971,7530.71655055047,7878.51744513013
66413.8109120559,-0.356870976954866,0.553598050084378,0.733222440875722,-0.168988629636146,1017.54328293222,2278.72456856398,-6440.04306220414,7979.29795805166,8548.70768952587,7531.1129735965,7876.99762387734
66435.0109793815,-0.363288896024075,0.549409146542455,0.735136793188079,-0.160451435089399,1127.56701367485,2380.85659115002,-6382.83210438746,7981.53627671974,8547.83407040246,7531.4226289121,7875.425777385
66456.2110467071,-0.369660673794109,0.545143867618347,0.736952549096361,-0.151888413740388,1236.98000317811,2481.69904355804,-6322.1543417002,7983.80779294493,8547.0523407625,7531.64566072131,7873.80297520154
66477.4111140327,-0.375985402310552,0.540802665403208,0.738669328151787,-0.143300655929919,1345.7224561727,2581.19623641966,-6258.03999650651,7986.11112947612,8546.36260411684,7531.7822306305,7872.13032414371
66498.6111813583,-0.382262175359383,0.536386003471363,0.740286760514611,-0.134689260062985,1453.73483924462,2679.29310863012,-6190.52117759276,7988.44487163566,8545.76495531202,7531.83251366475,7870.40896508033
66519.8112486839,-0.388490088621376,0.531894356987703,0.741804487164268,-0.12605533257483,1560.95791261456,2775.93525810284,-6119.6318701331,7990.80757021412,8545.25948461104,7531.79669410463,7868.640069556
66541.0113160095,-0.394668239832367,0.527328212812935,0.74322216011262,-0.117399987890411,1667.33276202665,2871.06897244672,-6045.40792465698,7993.19774453513,8544.84628199145,7531.67496109588,7866.82483622401
66562.2113833351,-0.400795728949379,0.52268806960642,0.744539442620094,-0.108724348377032,1772.800830733,2964.64125955003,-5967.88704500456,7995.61388572468,8544.52544168626,7531.46750400349,7864.96448705424
66583.4114506607,-0.406871658322555,0.517974437926361,0.745756009414514,-0.100029544289989,1877.30395156023,3056.59987805347,-5887.10877525549,7998.05446022325,8544.29706699412,7531.17450747921,7863.06026327749
66604.6115179863,-0.412895132872863,0.513187840327064,0.74687154691243,-0.091316713711012,1980.78437904278,3146.89336769457,-5803.11448561748,8000.51791358427,8544.16127538609,7530.79614621058,7861.11342102418
66625.8115853119,-0.418865260275521,0.508328811453024,0.7478857534427,-0.0825870024793386,2083.18482160757,3235.47107950463,-5715.94735726107,8003.00267460819,8544.11820393725,7530.33257931743,7859.12522660956
66647.0116526375,-0.424781151149068,0.503397898129573,0.748798339472127,-0.0738415641152509,2184.44847379305,3322.28320583869,-5625.65236608773,8005.50715986729,8544.16801511165,7529.7839443601,7857.09695141315
66668.2117199631,-0.430641919250012,0.498395659449811,0.749609027832907,-0.0650815597359041,2284.51904848552,3407.28081021812,-5532.27626541884,8008.02977868399,8544.31090292967,7529.15035092255,7855.02986629363
66689.4117872887,-0.436446681672958,0.493322666857561,0.75031755395165,-0.0563081579633015,2383.34080915423,3490.415856965,-5435.86756759378,8010.5689386325,8544.54709954626,7528.43187373211,7852.92523547452
66710.6118546143,-0.442194559056118,0.48817950422606,0.750923666079741,-0.0475225348242733,2480.85860206613,3571.64124060619,-5336.47652446613,8013.12305164282,8544.87688226805,7527.62854527666,7850.78430982865
66731.8119219399,-0.447884675792096,0.482966767932132,0.751427125524783,-0.0387258736423289,2577.01788846027,3650.91081502475,-5234.15510678762,8015.69054079515,8545.3005810352,7526.74034788038,7848.60831948252
66753.0119892655,-0.453516160243819,0.477685066925525,0.751827706882878,-0.0299193649212666,2671.76477666094,3728.17942233536,-5128.95698247043,8018.26984790321,8545.81858639127,7525.7672051996,7846.39846565347
66774.2120565911,-0.459088144965475,0.472335022793166,0.7521251982715,-0.0211042062204356,2765.04605410798,3803.40292145986,-5020.93749371942,8020.85944199557,8546.43135795969,7524.7089731023,7844.15591162505
66795.4121239167,-0.464599766572406,0.466917269820297,0.752319401784629,-0.0122816018028626,2856.80921928145,3876.53821637827,-4910.15363302669,8023.45791699857,8547.13945261212,7523.56539672105,7841.88169546827
66816.6121912424,-0.470050165576184,0.46143245501739,0.752410133990196,-0.00345276226839204,2947.00251349761,3947.54328403005,-4796.66401802233,8026.06462312534,8547.94367365165,7522.33586287319,7839.57617318302
66837.812258568,-0.475438489745488,0.455881238180776,0.752397224193391,0.00538109369659162,3035.57495255189,4016.37720183983,-4680.52886517589,8028.67837987277,8548.84480580197,7521.01987073418,7837.24014346397
66859.0123258935,-0.480763890799604,0.450264291971382,0.752280516871311,0.0142187416661947,3122.47635818408,4083.00017484136,-4561.80996234474,8031.29792912275,8549.84371242723,7519.61686188214,7834.87445151444
66880.2123932191,-0.48602552572943,0.444582301921771,0.752059871245388,0.0230589509679098,3207.65738933998,4147.37356237251,-4440.57064016671,8033.92210415516,8550.94137758252,7518.12615231112,7832.47983929947
66901.4124605448,-0.491222557138105,0.438835966463074,0.751735161454178,0.0319004848016638,3291.06957320327,4209.45990431436,-4316.87574229565,8036.54984323245,8552.13891661169,7516.54692051199,7830.05693177985
66922.6125278704,-0.496354153494151,0.433025996944974,0.751306276781985,0.0407421004233695,3372.6653359705,4269.22294684635,-4190.79159448023,8039.18020827957,8553.43758774578,7514.87819371889,7827.60621871943
66943.812595196,-0.501419489386931,0.427153117648,0.750773121886841,0.049582549337742,3452.39803334169,4326.62766768954,-4062.38597248752,8041.81240567735,8554.83880381955,7513.1188336698,7825.12803471765
66965.0126625216,-0.506417745785513,0.42121806578779,0.750135617026773,0.0584205774995015,3530.22198069819,4381.64030080959,-3931.72806887489,8044.44580938978,8556.34414391591,7511.26752201263,7822.62253733006
66986.2127298472,-0.511348110300947,0.415221591510928,0.749393698283964,0.0672549255227107,3606.09248293911,4434.22836055069,-3798.88845861486,8047.07998659224,8557.955364676,7509.32274556232,7820.08968320087
67007.4127971728,-0.516209777451859,0.40916445788197,0.74854731778652,0.0760843288980272,3679.96586394707,4484.36066517185,-3663.93906357977,8049.7147259414,8559.67441093516,7507.28278168835,7817.52920217119
67028.6128644984,-0.521001948933286,0.403047440861255,0.747596443927496,0.0849075182176013,3751.79949565363,4532.00735975635,-3526.95311589451,8052.35006858615,8561.5034252505,7505.14568420484,7814.94056938394
67049.812931824,-0.525723833888757,0.396871329273084,0.746541061580845,0.0937232194072875,3821.55182667417,4577.13993846559,-3388.00512016754,8054.98634195449,8563.44475577446,7502.90927024635,7812.32297548531
67071.0129991496,-0.530374649185659,0.390636924763881,0.745381172313843,0.102530153965785,3889.18241048209,4619.7312661083,-3247.17081461209,8057.62419626058,8565.50096179839,7500.57110874636,7809.6752951288
67092.2130664752,-0.534953619694026,0.384345041749948,0.744116794595559,0.111327039210254,3954.6519330915,4659.75559899615,-3104.52713107152,8060.26464355093,8567.67481614009,7498.12851129225,7806.99605412649
67113.4131338008,-0.539459978568981,0.377996507354467,0.742747964000781,0.120112588527902,4017.9222402177,4697.18860505727,-2960.15215396447,8062.90909894119,8569.96930338195,7495.57852631132,7804.28339577058
67134.6132011264,-0.543892967537173,0.371592161333484,0.741274733408759,0.128885511632966,4078.95636388446,4732.007383179,-2814.12507816757,8065.55942347788,8572.38761278258,7492.91793774604,7801.53504707032
67155.813268452,-0.548251837187661,0.365132855990702,0.739697173195931,0.137644514828514,4137.7185484471,4764.19048175198,-2666.52616585525,8068.21796778395,8574.93312449304,7490.14326959898,7798.74828592274
67177.0133357776,-0.552535847267849,0.358619456081062,0.73801537142169,0.14638830127243,4194.17427600054,4793.71791638757,-2517.43670231827,8070.88761530659,8577.60938751757,7487.25079796074,7795.91991056171
67198.2134031032,-0.556744266985168,0.352052838703312,0.736229434006003,0.155115571247015,4248.29029114118,4820.57118678156,-2366.93895078444,8073.57182357672,8580.42008768476,7484.23657236423,7793.04621300861
67219.4134704288,-0.560876375315332,0.345433893182052,0.73433948489747,0.163825022431689,4300.03462505229,4844.73329269738,-2215.11610626704,8076.27466141111,8583.36900376019,7481.09644851632,7790.12295867447
67240.6135377544,-0.564931461318028,0.338763520940097,0.732345666230195,0.172515350178463,4349.37661888218,4866.18874904268,-2062.05224846837,8079.00083945172,8586.45994976805,7477.82613461203,7787.14537472148
67261.81360508,-0.568908824460886,0.332042635362483,0.730248138467552,0.18118524779006,4396.28694638517,4884.92360001397,-1907.83229376784,8081.7557308584,8589.69670163408,7474.42125350078,7784.10815025809
67283.0136724056,-0.572807774952459,0.325272161653946,0.728047080530723,0.189833406800998,4440.73763579568,4900.92543228478,-1752.54194632574,8084.54537839014,8593.08290646611,7470.87742289673,7781.0054518729
67304.2137397312,-0.576627634084434,0.318453036692311,0.725742689909877,0.19845851726245,4482.70209090622,4914.18338721347,-1596.26764833605,8087.37648361821,8596.62197321343,7467.19035553317,7777.83095831767
67325.4138070568,-0.580367734582873,0.31158620888079,0.723335182755781,0.207059268032373,4522.15511132059,4924.6881720481,-1439.09652946324,8090.25637390627,8600.31694419884,7463.35598050588,7774.57791806027
67346.6138743824,-0.584027420970347,0.304672638003704,0.720824793947495,0.215634347071936,4559.07291185443,4932.43207010637,-1281.1163554998,8093.19294079449,8604.17034762226,7459.37058686868,7771.23923493459
67367.813941708,-0.587606049930569,0.297713295087854,0.718211777139661,0.224182441754066,4593.43314105577,4937.40894991023,-1122.4154762833,8096.19454708129,8608.18403324334,7455.23098799181,7767.80758359659
67389.0140090336,-0.591102990678795,0.29070916227561,0.71549640478328,0.232702239185183,4625.21489881914,4939.61427325529,-963.082772913157,8099.26989765234,8612.35899455161,7450.93470461318,7764.27555808575
67410.2140763592,-0.594517625330173,0.283661232712881,0.712678968122677,0.241192426546062,4654.39875306766,4939.04510219695,-803.207604309097,8102.42787126706,8616.69518292809,7446.48016215057,7760.63585449021
67431.4141436848,-0.597849349260009,0.276570510455145,0.709759777170253,0.249651691456713,4680.9667554786,4935.70010493623,-642.8797531549,8105.67731265813,8621.19132153013,7441.86689545614,7756.88148641498
67452.6142110104,-0.601097571448013,0.269438010393071,0.706739160662872,0.258078722370255,4704.9024562286,4929.57956058931,-482.189371272419,8109.0267869156,8625.84472877723,7437.09575179497,7753.00602928765
67473.814278336,-0.604261714797485,0.262264758196815,0.703617466005929,0.266472209000045,4726.1909177363,4920.68536282691,-321.226924472392,8112.48430150716,8630.65116316851,7432.16908055389,7749.0038863092
67495.0143456616,-0.607341216420021,0.255051790275092,0.700395059213202,0.274830842782709,4744.81872738089,4909.02102237034,-160.08313692984,8116.05700510007,8635.60470234814,7427.09089643005,7744.87056543199
67516.2144129872,-0.610335527865413,0.247800153736746,0.697072324862512,0.283153317381351,4760.77400917649,4894.59166833297,1.15106486689149,8119.75087852024,8640.69766998727,7421.86700114506,7740.60295150392
67537.4144803128,-0.613244113597501,0.240510905617832,0.69364966758318,0.291438329803494,4774.04643438366,4877.40404839739,162.384608543199,8123.57119276344,8645.92079207266,7416.50476107685,7736.19889059004
67558.6145476384,-0.616066455880854,0.233185114803482,0.690127507857378,0.299684579301396,4784.62723104034,4857.46652781993,323.526332590146,8127.52128377396,8651.26305619983,7411.01345535825,7731.65823420193
67579.814614964,-0.618802051051674,0.225823860418087,0.686506285366442,0.307890769320035,4792.50919239647,4834.78908725599,484.485043389171,8131.6019055617,8656.71174024079,7405.40436643893,7726.98336709305
67601.0146822896,-0.621450409893318,0.218428231785965,0.682786458783325,0.316055607930646,4797.68668423729,4809.38331940125,645.169572456388,8135.8116612402,8662.25273719972,7399.69041102106,7722.17877427227
67622.2147496152,-0.624011058105704,0.210999328426499,0.678968505465733,0.324177808233376,4800.15565108252,4781.26242444532,805.488833852762,8140.14689411459,8667.87081661106,7393.8859252369,7717.25106900646
67643.4148169408,-0.626483536309415,0.203538259795674,0.675052921575891,0.332256088889959,4799.91362124961,4750.44120433649,965.351881705786,8144.60168092786,8673.54994252984,7388.00638045216,7712.20892323717
67664.6148842664,-0.62886740004273,0.196046144953768,0.671040222229056,0.340289174619239,4796.95971077108,4716.93605585743,1124.66796778785,8149.16791557733,8679.27362701099,7382.06805074671,7707.06291504944
67685.814951592,-0.631162219777483,0.188524112167279,0.666930941649061,0.348275796644265,4791.29462615751,4680.76496251378,1283.34659909607,8153.83547837558,8685.02529821326,7376.08765167771,7701.82530220172
67707.0150189176,-0.633367580968752,0.180973298455749,0.662725633314692,0.356214693087578,4782.92066599935,4641.94748523914,1441.29759537809,8158.59247936342,8690.78866134845,7370.08197194851,7696.50973635331
67728.2150862432,-0.635483084148577,0.173394849098643,0.658424870081106,0.364104609316813,4771.84172140234,4600.50475192172,1598.4311465484,8163.4255587235,8696.54803203368,7364.06751940374,7691.13093680427
67749.4151535688,-0.637508345068102,0.165789917119934,0.654029244262851,0.371944298247545,4758.06327525318,4556.45944575936,1754.65786993946,8168.32022392475,8702.2886249786,7358.06020037142,7685.70434457673
67770.6152208944,-0.639442994886671,0.15815966276806,0.649539367668902,0.379732520613842,4741.59240031323,4509.83579245198,1909.88886733226,8173.26120213954,8707.99678576303,7352.07504724846,7680.24577741605
67791.81528822,-0.641286680401301,0.150505253006866,0.6449558715847,0.387468045218749,4722.4377561404,4460.65954624123,2064.03578171122,8178.23278761355,8713.66015897523,7346.1260040758,7674.77110404198
67813.0153555456,-0.643039064306307,0.14282786102948,0.640279406700787,0.395149649176993,4700.60958484057,4408.95797480965,2217.01085368843,8183.21916659809,8719.26779142329,7340.22577443811,7669.2959522733
67834.2154228712,-0.64469982547098,0.135128665802682,0.635510642991496,0.40277611816071,4676.11970565151,4354.75984305265,2368.72697754311,8188.20470655031,8724.81017386631,7334.38573103073,7663.83546115095
67855.4154901968,-0.646268659223001,0.12740885164492,0.630650269549985,0.410346246656599,4648.98150836428,4298.09539573846,2519.09775682243,8193.17420088807,8730.27922832508,7328.6158821627,7658.40408255387
67876.6155575224,-0.647745277626421,0.119669607837324,0.625698994387434,0.417858838240003,4619.20994558837,4238.99633907274,2668.03755945087,8198.11306504896,8735.66825034665,7322.924887573,7653.01543357666
67897.815624848,-0.649129409745091,0.111912128264184,0.620657544204655,0.425312705868538,4586.82152386861,4177.49582118584,2815.46157229583,8203.0074834967,8740.97181665311,7317.32011427926,7647.68219748254
67919.0156921736,-0.65042080188484,0.104137611077613,0.615526664143855,0.432706672195458,4551.83429366331,4113.62841156234,2961.28585513847,8207.84451037836,8746.18566859036,7311.8077226298,7642.41606852961
67940.2157594992,-0.651619217810215,0.0963472583802825,0.61030711752719,0.440039569901001,4514.26783819493,4047.43007943382,3105.42739399945,8212.61212866865,8751.30658097981,7306.39277306796,7637.22773440662
67961.4158268248,-0.652724438933726,0.0885422759201806,0.60499968558735,0.447310242038716,4474.14326118556,3978.93817115696,3247.80415377081,8217.29927388885,8756.33222465104,7301.07934507447,7632.12688930078
67982.6158941504,-0.653736264477315,0.0807238727918755,0.599605167193937,0.454517542393094,4431.48317349159,3908.19138660069,3388.33513010611,8221.89582898529,8761.26102936115,7295.87066107092,7627.12227058512
68003.8159614761,-0.65465451160704,0.0728932611397242,0.594124378578091,0.461660335844612,4386.31167865271,3835.22975456683,3526.94040052241,8226.39259686963,8766.09205219144,7290.76920952923,7622.22171256576
68025.0160288016,-0.655479015542739,0.065051655859483,0.588558153056656,0.468737498738472,4338.65435737229,3760.0946072703,3663.54117466929,8230.78125663827,8770.82485500472,7285.77686297077,7617.43221148771
68046.2160961272,-0.656209629644883,0.0572002742958137,0.582907340756348,0.475747919253645,4288.53825094709,3682.82855390555,3798.05984372118,8235.05430876036,8775.45939323158,7280.8949878505,7612.7599969095
68067.4161634529,-0.656846225480951,0.0493403359341077,0.577172808337763,0.482690497769365,4235.99184366569,3603.47545332722,3930.4200288513,8239.20501368442,8779.99591717501,7276.12454444151,7608.210605505
68088.6162307785,-0.657388692873573,0.0414730620858256,0.57135543871867,0.489564147226691,4181.04504419624,3522.08038587365,4060.54662874675,8243.22732745794,8784.43488618366,7271.46617574458,7603.78895425409
68109.8162981041,-0.657836939932477,0.0335996755671524,0.565456130795839,0.496367793483276,4123.72916598507,3438.68962436299,4188.36586612632,8247.11583714835,8788.77689542783,7266.92028514702,7599.49941079361
68131.0163654296,-0.65819089307202,0.0257214003712235,0.559475799164582,0.50310037565992,4064.07690668888,3353.35060429205,4313.80533322392,8250.86569813413,8793.02261458869,7262.48710306707,7595.34585939267
68152.2164327553,-0.658450497015786,0.0178394613344884,0.553415373835201,0.509760846477841,4002.12232666427,3266.11189326899,4436.79403620285,8254.472574722,8797.17273750643,7258.1667431696,7591.3317615835
68173.4165000809,-0.658615714748289,0.00995508375920839,0.547275799995119,0.516348172586725,3937.90082653908,3177.0231597115,4557.26243846739,8257.93259596469,8801.22794416527,7253.95924478497,7587.46020130627
68194.6165674065,-0.658686526205897,0.00206949182355428,0.541058039288677,0.522861334886691,3871.44912389103,3086.13514084241,4675.14250284038,8261.24312447668,8805.1890588986,7249.86429336847,7583.73321151663
68215.8166347321,-0.658662932119459,-0.0058160880963827,0.53476306485242,0.529299328774086,3802.80522905988,2993.49961001543,4790.36773257729,8264.40152387146,8809.05677177514,7245.8816918976,7580.1528588605
68237.0167020577,-0.658544950557807,-0.0137004309477421,0.528391865094819,0.535661164532468,3732.00842011984,2899.16934340371,4902.87321118912,8267.40498648138,8812.83157896795,7242.01144639665,7576.72139911686
68258.2167693833,-0.658332617487887,-0.0215823128202175,0.52194544268452,0.5419458675788,3659.0992170399,2803.19808608458,5012.5956410483,8270.25099525313,8816.51387597812,7238.25359913177,7573.44087355521
68279.4168367089,-0.658025986988196,-0.0294605110426781,0.51542481391375,0.548152478731321,3584.11935506005,2705.64051755367,5119.47338075375,8272.93728163318,8820.10394706689,7234.60824587252,7570.31314603292
68300.6169040345,-0.657625131189806,-0.0373338045290294,0.508831008373978,0.554280054470752,3507.11175731196,2606.552216702,5223.44648123306,8275.46179905971,8823.60196134688,7231.07554443588,7567.3399255574
68321.8169713601,-0.657130140204074,-0.0452009741280813,0.502165068632188,0.560327667190258,3428.12050671292,2505.98962628963,5324.45672056178,8277.82270064384,8827.0079720699,7227.65571959521,7564.52278464333
68343.0170386857,-0.656541122042004,-0.0530608029720427,0.495428049902011,0.566294405434205,3347.19081716249,2404.0100169492,5422.44763748147,8280.0183204369,8830.32191845932,7224.34906504672,7561.86317411882
68364.2171060113,-0.655858202525449,-0.0609120768229503,0.488621019709831,0.572179374125743,3264.36900407114,2300.67145075305,5517.36456360015,8282.04715788914,8833.5436295739,7221.15594296576,7559.36243482716
68385.4171733369,-0.655081525190269,-0.0687535844164919,0.481745057556104,0.577981694783271,3179.70245425082,2196.03274437705,5609.1546542605,8283.90786512091,8836.67282976898,7218.07678161158,7557.02180663872
68406.6172406625,-0.654211251181522,-0.0765841178027292,0.474801254572209,0.583700505725789,3093.23959519711,2090.15343189439,5697.76691806309,8285.59923664788,8839.70914539004,7215.11207137364,7554.84243515481
68427.8173079881,-0.653247559140808,-0.0844024726832658,0.467790713173136,0.589334962267212,3005.02986379293,1983.09372723199,5783.15224503333,8287.12020122507,8842.65211239417,7212.26235959395,7552.82537645128
68449.0173753137,-0.652190645085863,-0.0922074487444581,0.460714546706368,0.594884236899643,2915.12367446381,1874.91448632234,5865.26343342291,8288.46981550205,8845.50118464677,7209.52824444855,7550.971600175
68470.2174426393,-0.651040722282523,-0.0999978499862924,0.453573879097313,0.600347519465673,2823.57238681436,1765.67716898258,5944.05521513786,8289.64725920876,8848.2557426856,7206.91036812607,7549.28199127307
68491.4175099649,-0.649798021109195,-0.107772485046581,0.446369844491663,0.605724017319725,2730.42827277595,1655.44380055296,6019.48427978709,8290.65183161911,8850.91510278175,7204.40940950287,7547.75735060321
68512.6175772905,-0.648462788913979,-0.115530167520166,0.43910358689505,0.611012955478497,2635.74448329498,1544.27693332565,6091.50929734668,8291.48294906606,8853.47852615883,7202.02607648043,7546.39839464438
68533.8176446161,-0.647035289864588,-0.123269716272848,0.431776259810385,0.616213576760537,2539.57501459132,1432.23960779499,6160.09093943688,8292.14014330674,8855.94522825865,7199.76109812263,7545.20575449945
68555.0177119417,-0.64551580479125,-0.130989955749756,0.424389025873269,0.62132514191502,2441.9746740159,1319.39531375927,6225.19189920987,8292.62306056019,8858.31438796329,7197.61521670615,7544.17997435748
68576.2177792673,-0.64390463102277,-0.138689716277931,0.416943056485853,0.626346929739751,2342.99904553648,1205.80795130392,6286.77690984812,8292.93146106169,8860.58515670246,7195.58917977662,7543.32150956044
68597.4178465929,-0.642202082215947,-0.146367834362884,0.409439531449522,0.631278237188498,2242.70445487997,1091.54179169526,6344.81276167398,8293.06521899786,8862.75666738981,7193.68373228583,7542.63072439958
68618.6179139185,-0.640408488178553,-0.154023152978932,0.401879638596795,0.636118379467688,2141.14793435966,976.661438213213,6399.26831787285,8293.02432270492,8864.82804314503,7191.89960887093,7542.10788974821
68639.8179812441,-0.638524194686089,-0.161654521853103,0.394264573422798,0.640866690122575,2038.38718741493,861.231786951243,6450.11452883305,8292.80887502916,8866.79840576833,7190.23752632353,7541.75318062176
68661.0180485697,-0.636549563292546,-0.169260797742453,0.386595538716676,0.645522521112951,1934.48055289106,745.317987610477,6497.32444510684,8292.41909376362,8868.66688394321,7188.69817628675,7541.56667374149
68682.2181158953,-0.634484971135404,-0.176840844704615,0.378873744193318,0.650085242878502,1829.48696908588,628.985404314939,6540.87322899804,8291.85531208887,8870.43262114981,7187.28221820912,7541.54834516534
68703.4181832209,-0.632330810735111,-0.184393534361452,0.371100406125725,0.654554244393917,1723.46593758984,512.299576473783,6580.73816478254,8291.11797895753,8872.09478327764,7185.99027257683,7541.69806803796
68724.6182505465,-0.630087489789288,-0.191917746155657,0.363276746978383,0.658928933213871,1616.47748694555,395.326179715935,6616.89866756907,8290.2076593738,8873.65256593081,7184.82291443919,7542.01561050158
68745.8183178721,-0.627755430961916,-0.199412367600213,0.355403995041962,0.663208735507992,1508.5821361522,278.130986921827,6649.33629080838,8289.12503452898,8875.10520142324,7183.78066723735,7542.50063380044
68767.0183851977,-0.62533507166776,-0.206876294520563,0.347483384069671,0.667393096085964,1399.84085804003,160.779829376297,6678.03473245973,8287.87090176267,8876.45196546465,7182.86399694085,7543.15269060307
68788.2184525233,-0.622826863852293,-0.214308431289437,0.339516152915597,0.671481478412898,1290.31504253932,43.3385580660422,6702.97983982428,8286.44617432804,8877.69218354097,7182.07330649313,7543.97122355936
68809.4185198489,-0.620231273767391,-0.221707691054225,0.331503545175312,0.675473364615129,1180.06645986797,-74.1269948556044,6724.15961305589,8284.85188094599,8878.82523699499,7181.40893056369,7544.95556410342
68830.6185871745,-0.617548781639963,-0.229072996168705,0.323446809023051,0.679368255406518,1069.15722366122,-191.551054414433,6741.56420736008,8283.08921690169,8879.85058091243,7180.87111052246,7546.10488578881
68851.8186545001,-0.614779880862498,-0.236403279662119,0.315347197987453,0.683165669638887,957.649754066579,-308.867940950116,6755.18593389282,8281.16045590506,8880.76796813172,7180.45963019007,7547.41739706376
68873.0187218257,-0.611925080073014,-0.24369748061167,0.307205966198707,0.686865145900619,845.606740826437,-426.012108019097,6765.01925937115,8279.06730064921,8881.57708227238,7180.17444021957,7548.89179258426
68894.2187891513,-0.608984900537367,-0.250954549163501,0.299024372477507,0.690466240909772,733.091106370502,-542.918180045333,6771.06080440808,8276.81120907761,8882.27760611518,7180.01553984645,7550.52696566865
68915.4188564769,-0.605959876549554,-0.258173445473195,0.290803678826872,0.69396852986667,620.165968939602,-659.520989699047,6773.30934058489,8274.39375208752,8882.86930438051,7179.98283778944,7552.321693623
68936.6189238025,-0.602850555287956,-0.265353139679965,0.282545149902824,0.697371606474897,506.894605762057,-775.755614984313,6771.76578627402,8271.81660481213,8883.35202634294,7180.07615151485,7554.27464428387
68957.8189911281,-0.59965749657075,-0.272492612076632,0.274250052675159,0.700675082886374,393.340416303243,-891.557416016841,6766.4332012264,8269.08154484963,8883.72571008584,7180.2952038674,7556.3843763464
68979.0190584537,-0.596381272607461,-0.279590853275763,0.265919656096061,0.703878589637012,279.566885608578,-1006.86207147379,6757.31677993721,8266.19045049306,8883.99038660588,7180.63961983908,7558.6493397235
69000.2191257793,-0.593022467748659,-0.286646864368189,0.257555230773366,0.706981775574487,165.63754775976,-1121.60561469797,6744.42384380446,8263.14529885252,8884.14618375191,7181.10892350842,7561.067876031
69021.4191931049,-0.589581678234112,-0.293659657073856,0.249158048648583,0.709984307778379,51.6159494636283,-1235.7244694393,6727.76383209508,8259.94816389171,8884.19333001596,7181.70253513047,7563.6382191758
69042.6192604305,-0.586059511939633,-0.300628253885024,0.240729382679894,0.712885871472902,-62.4343862073444,-1349.15548521668,6707.34829173332,8256.60121440668,8884.13215819592,7182.41976835531,7566.35849601942
69063.8193277561,-0.582456588122893,-0.307551688201873,0.232270506530289,0.71568616993245,-176.449995904314,-1461.83597228418,6683.19086592674,8253.10671197598,8883.96310894965,7183.25982755249,7569.22672708719
69085.0193950817,-0.578773537168444,-0.314429004460552,0.223782694261015,0.718384924380206,-290.367511902828,-1573.70373618552,6655.30728164508,8249.46700891452,8883.6867342616,7184.22180521722,7572.24082729162
69106.2194624073,-0.5750110003322,-0.321259258253733,0.215267220030492,0.720981873880035,-404.123697797181,-1684.69711188143,6623.71533596766,8245.68454626451,8883.30370084295,7185.30467943349,7575.39860663661
69127.4195297329,-0.571169629485617,-0.328041516443731,0.206725357798859,0.72347677522191,-517.6554839708,-1794.75499743482,6588.43488131508,8241.76185185962,8882.81479348775,7186.50731136823,7578.69777086695
69148.6195970585,-0.567250086859813,-0.334774857268277,0.19815838103826,0.725869402801107,-630.900002825385,-1903.81688723903,6549.48780958119,8237.70153850045,8882.22091840713,7187.82844277013,7582.13592202633
69169.8196643841,-0.563253044789872,-0.341458370439007,0.189567562449023,0.728159548491409,-743.794623751878,-2011.82290477474,6506.89803518169,8233.50630228092,8881.52310656507,7189.26669344528,7585.71055888465
69191.0197317097,-0.559179185459499,-0.348091157232904,0.180954173681949,0.730347021512508,-856.276987826564,-2118.71383488159,6460.69147703552,8229.17892114128,8880.72251704652,7190.82055866881,7589.41907716481
69212.2197990353,-0.555029200646198,-0.354672330577193,0.172319485067112,0.732431648291628,-968.285042215945,-2224.43115553062,6410.89603949584,8224.72225413046,8879.82044058816,7192.48840632966,7593.25876913838
69233.4198663609,-0.550803791468166,-0.361201015123692,0.163664765346137,0.734413272321587,-1079.75707427424,-2328.91706908433,6357.54159224731,8220.13923948473,8878.81830283846,7194.2684745361,7597.22682425839
69254.6199336866,-0.546503668130753,-0.36767634732212,0.154991281415298,0.736291754011098,-1190.63174531763,-2432.11453303107,6300.65994918665,8215.43289424166,8877.71766798352,7196.15886862589,7601.32032842816
69275.8200010122,-0.542129549675208,-0.374097475482839,0.146300298072005,0.738066970532055,-1300.84812405968,-2533.96729018099,6240.28484630377,8210.60631420409,8876.52024248775,7198.15755801607,7605.53626294802
69297.0200683377,-0.53768216372871,-0.380463559833638,0.137593077768293,0.739738815661972,-1410.34571969238,-2634.41989831099,6176.45191858075,8205.66267414786,8875.22787893297,7200.2623729281,7609.87150323006
69318.2201356634,-0.53316224625605,-0.386773772570115,0.128870880370882,0.741307199622071,-1519.06451459788,-2733.41775924648,6109.19867592653,8200.60522853794,8873.84258002385,7202.47100087958,7614.32281704606
69339.420202989,-0.528570541313193,-0.393027297899657,0.120134962927782,0.742772048911315,-1626.94499667574,-2830.90714736774,6038.56447816503,8195.43731281304,8872.36650277918,7204.7809829141,7618.88686225486
69360.6202703146,-0.523907800802913,-0.399223332079157,0.111386579441474,0.744133306136608,-1733.92819127107,-2926.83523752944,5964.59050909485,8190.16234530733,8870.80196292847,7207.18970953905,7623.56018394783
69381.8203376402,-0.519174784232688,-0.405361083446617,0.102626980648693,0.745390929839409,-1839.95569268904,-3021.15013238156,5887.31974963907,8184.78382988218,8869.15143953036,7209.69441634284,7628.33921094907
69403.0204049658,-0.514372258475053,-0.411439772446763,0.09385741380684,0.746544894318969,-1944.96969528144,-3113.80088908079,5806.79695010364,8179.30535934635,8867.41757982621,7212.29217926483,7633.22025160313
69424.2204722914,-0.509500997530578,-0.417458631650823,0.0850791224870148,0.747595189452426,-2048.91302409118,-3204.73754538122,5723.06860156334,8173.73061974865,8865.60320433813,7214.97990949311,7638.19948877977
69445.420539617,-0.504561782293665,-0.423416905770622,0.076293346373684,0.748541820511972,-2151.72916504092,-3293.9111450939,5636.18290639454,8168.06339563261,8863.71131221488,7217.75434796934,7643.27297402265
69466.6206069426,-0.499555400321348,-0.429313851667148,0.0675013210709606,0.749384807979299,-2253.36229465202,-3381.27376290479,5546.18974797428,8162.30757634895,8861.74508682236,7220.61205948435,7648.43662076587
69487.8206742682,-0.494482645605261,-0.43514873835372,0.0587042779154715,0.75012418735754,-2353.75730928062,-3466.77852854101,5453.14065956542,8156.46716352776,8859.70790156636,7223.54942635406,7653.68619653957
69509.0207415938,-0.489344318315226,-0.440920847397836,0.0499034440621302,0.750760008746683,-2452.85985385736,-3550.37965027565,5357.08879240792,8150.54638212764,8857.60335018788,7226.56260166293,7659.01722364544
69530.2208089194,-0.484141224590332,-0.446629473138029,0.0411000424394557,0.751292336502973,-2550.61635011796,-3632.0324377616,5258.08888303692,8144.55030608942,8855.43540336816,7229.64725666584,7664.42442467724
69551.420876245,-0.478874176524126,-0.452273919569827,0.0322952895617381,0.751721250868571,-2646.97402431186,-3711.69332418529,5156.19721984803,8138.48343078299,8853.20808113035,7232.79913055061,7669.90298055874
69572.6209435706,-0.473543991640232,-0.457853504145721,0.023490397891303,0.752046845568697,-2741.88093437648,-3789.31988773148,5051.47160893111,8132.35025000294,8850.92558280283,7236.01381153102,7675.44802155042
69593.8210108962,-0.468151492803318,-0.463367556510696,0.0146865748499287,0.752269228320891,-2835.28599656487,-3864.87087235053,4943.97133919395,8126.15543251704,8848.59232857142,7239.2866674463,7681.0544718944
69615.0210782218,-0.462697508021406,-0.468815418378411,0.0058850226056784,0.752388520692858,-2927.13901151472,-3938.30620781996,4833.75714679747,8119.90383591715,8846.21296487161,7242.61283850603,7686.71703701973
69636.2211455474,-0.457182870245373,-0.474196443498887,-0.00291306207117197,0.752404857903363,-3017.39068974722,-4009.5870290926,4720.89117892463,8113.60052547194,8843.79237021998,7245.98722872335,7692.43018652867
69657.421212873,-0.451608417173064,-0.479509997623691,-0.0117064879451792,0.752318388621039,-3105.99267658429,-4078.67569492373,4605.43695690533,8107.25079511866,8841.33566049139,7249.40449738959,7698.188135617
69678.6212801986,-0.445974991058321,-0.484755458466926,-0.0204940694470874,0.752129274762356,-3192.89757647317,-4145.53580577024,4487.45933872014,8100.8601906293,8838.84819336306,7252.85905081502,7703.98482498429
69699.8213475242,-0.440283438525156,-0.489932215662029,-0.029274626799721,0.751837691288949,-3278.05897670771,-4210.13222095513,4367.02448090569,8094.43453501632,8836.33557159777,7256.34503459544,7709.81389928011
69721.0214148498,-0.43453461038729,-0.495039670714405,-0.0380469861386623,0.751443826004515,-3361.43147053588,-4272.43107509109,4244.19979988533,8087.97995620715,8833.80364476591,7259.85632673255,7715.66868418268
69742.2214821754,-0.428729361473299,-0.500077236949865,-0.0468099796279835,0.750947879351499,-3442.97067964353,-4332.39979375723,4119.05393274849,8081.50291696429,8831.25850892109,7263.38653201661,7721.54216227458
69763.421549501,-0.422868550457562,-0.505044339458792,-0.0555624455713457,0.750350064207822,-3522.63327600466,-4390.00710842368,3991.65669750277,8075.01024695862,8828.70650364649,7266.92897817509,7727.4269479653
69784.6216168266,-0.416953039697256,-0.509940415035909,-0.0643032285188097,0.749650605683928,-3600.3770030891,-4445.22307061908,3862.07905282301,8068.50917681055,8826.15420577859,7270.4767144012,7733.3152618192
69805.8216841522,-0.410983695075567,-0.514764912115436,-0.0730311793697382,0.748849740920491,-3676.16069641845,-4498.01906533636,3730.39305732179,8062.00737379416,8823.60841899151,7274.02251300248,7739.19890478082
69827.0217514778,-0.404961385851288,-0.51951729070136,-0.0817451554722029,0.747947718887188,-3749.94430346202,-4548.36782367289,3596.67182836607,8055.51297874663,8821.07615829049,7277.55887505198,7745.06923295428
69848.2218188034,-0.398886984514886,-0.524197022292454,-0.0904440207193372,0.74694480018303,-3821.68890286468,-4596.2434347014,3460.989500465,8049.03464353478,8818.56462831935,7281.07804108129,7750.91713379056
69869.421886129,-0.39276136665107,-0.52880358980156,-0.0991266456430893,0.745841256838825,-3891.35672299883,-4641.62135656862,3323.42118325411,8042.58156819553,8816.08119423875,7284.57200802422,7756.73300477166
69890.6219534546,-0.38658541080775,-0.533336487468591,-0.107791907505831,0.744637372122514,-3958.91115983362,-4684.47842681913,3184.04291910117,8036.16353658363,8813.63334378874,7288.03255379456,7762.50673595359
69911.8220207802,-0.380359998371123,-0.537795220766583,-0.11643869039025,0.743333440348237,-4024.31679411447,-4724.79287194224,3042.93164035931,8029.79094902373,8811.22863901915,7291.45127105567,7768.2276980413
69933.0220881058,-0.374086013446424,-0.542179306300041,-0.125065885287884,0.741929766690168,-4087.53940784677,-4762.54431614053,2900.16512629317,8023.47485007493,8808.87465607229,7294.81961189748,7773.88473801462
69954.2221554314,-0.367764342743583,-0.546488271694792,-0.133672390186563,0.740426667002365,-4148.546000078,-4797.71378931902,2755.82195970382,8017.22694907703,8806.57891135532,7298.12894526182,7779.4661846942
69975.422222757,-0.361395875466723,-0.550721655478516,-0.142257110156819,0.738824467646053,-4207.30480197302,-4830.28373429431,2609.98148327844,8011.05963066904,8804.34877247044,7301.3706290244,7784.95986701546
69996.6222900826,-0.354981503206001,-0.554879006951208,-0.150818957437095,0.737123505325964,-4263.78529117779,-4860.23801322399,2462.72375569065,8004.98595197233,8802.19135241469,7304.53609861868,7790.35314814034
70017.8223574082,-0.348522119829836,-0.558959886044965,-0.159356851517218,0.735324126937527,-4317.95820546729,-4887.56191325677,2314.12950747777,7999.0196226424,8800.11338585783,7307.61697393493,7795.63297884414
70039.0224247338,-0.342018621375057,-0.562963863172813,-0.167869719219149,0.733426689426783,-4369.79555567383,-4912.24215140446,2164.28009672074,7993.17496356311,8798.12108680051,7310.60518589904,7800.78597381594
70060.2224920594,-0.335471905931949,-0.566890519066741,-0.176356494773452,0.731431559664913,-4419.2706378928,-4934.26687863753,2013.25746455305,7987.4668396483,8796.2199876533,7313.49312358067,7805.79851454143
70081.422559385,-0.328882873520695,-0.570739444605817,-0.184816119889235,0.729339114339072,-4466.35804496285,-4953.62568320638,1861.14409052452,7981.91056211145,8794.4147608011,7316.27380184564,7810.65688221451
70102.6226267106,-0.32225242595531,-0.574510240636167,-0.193247543814588,0.727149739860862,-4511.03367721874,-4970.30959319114,1708.02294784588,7976.52175576645,8792.70902505836,7318.94104841068,7815.34742355927
70123.8226940362,-0.315581466690993,-0.578202517785798,-0.201649723383732,0.724863832293066,-4553.27475251493,-4984.31107828311,1553.97745854011,7971.31618754396,8791.10514108195,7321.48970765163,7819.8567514413
70145.0227613618,-0.308870900650993,-0.581815896278593,-0.210021623046418,0.722481797294251,-4593.05981551909,-4995.62405080192,1399.09144852598,7966.3095535666,8789.60400175914,7323.91585666484,7824.17198062275
70166.2228286874,-0.302121634029716,-0.585350005753359,-0.218362214874551,0.720004050079469,-4630.36874627495,-5004.24386595238,1243.44910265967,7961.51722392056,8788.20482574023,7326.2170269383,7828.28099691404
70187.422896013,-0.295334574070089,-0.588804485095294,-0.22667047854087,0.717431015393506,-4665.18276803436,-5010.16732132614,1087.13491975952,7956.95394675289,8786.90496448365,7328.39242267277,7832.17275529255
70208.6229633386,-0.288510628815128,-0.592178982288524,-0.234945401264861,0.714763127491144,-4697.48445435933,-5013.39265565335,930.233667639188,7952.63351650134,8785.69973519603,7330.44312449683,7835.83759937435
70229.8230306642,-0.281650706836389,-0.595473154299114,-0.243185977722106,0.71200083011677,-4727.257735495,-5013.91954681016,772.830338174066,7948.56841481056,8784.58229357703,7332.37226532066,7839.26759112268
70251.0230979898,-0.274755716945452,-0.598686666998466,-0.251391209914992,0.709144576473328,-4754.48790401509,-5011.74910908845,615.010102425484,7944.76943695502,8783.54356101156,7334.18516363623,7842.45683599002
70272.2231653154,-0.267826567897322,-0.60181919513297,-0.259560107006509,0.706194829171536,-4779.16161974204,-5006.88388973452,456.85826584705,7941.24531997652,8782.57222019684,7335.88939946263,7845.40178613361
70293.423232641,-0.260864168100026,-0.604870422348856,-0.267691685120113,0.70315206014528,-4801.26691394445,-4999.32786476401,298.460223597006,7938.00239230698,8781.65479119452,7337.49481911464,7848.10150204224
70314.6232999666,-0.253869425346197,-0.607840041272658,-0.275784967114451,0.700016750523676,-4820.79319281487,-4989.08643406075,139.901415980196,7935.04426853998,8780.77579660591,7339.01345696329,7850.55785073665
70335.8233672922,-0.24684324658381,-0.610727753642537,-0.283838982345517,0.696789390452931,-4837.73124023165,-4976.16641576766,-18.7327159571856,7932.37161084801,8779.91801865603,7340.45936771099,7852.77562223117
70357.0234346178,-0.239786537743881,-0.613533270482772,-0.291852766430894,0.693470478862764,-4852.07321980883,-4960.57603997824,-177.356774657321,7929.98197839314,8779.06284474558,7341.84836792679,7854.76254792886
70378.2235019434,-0.232700203639669,-0.616256312306302,-0.299825361033249,0.690060523178928,-4863.81267623875,-4942.32494173762,-335.88545008265,7927.86978154441,8778.19069068312,7343.19769259147,7856.52921050728
70399.4235692691,-0.225585147947047,-0.618896609326016,-0.307755813679992,0.686560038989043,-4872.94453593231,-4921.42415336237,-494.23356352807,7926.02635128356,8777.2814837178,7344.52557955995,7858.08884220317
70420.6236365946,-0.218442273268876,-0.621453901652858,-0.315643177633714,0.682969549674696,-4879.46510696239,-4897.88609608896,-652.316111192102,7924.44012604596,8776.31518152378,7345.85080139707,7859.45701680691
70441.8237039203,-0.211272481278382,-0.623927939458846,-0.32348651182371,0.679289586027375,-4883.3720783162,-4871.72457106066,-810.048307486185,7923.09694930476,8775.27229932843,7347.19216906847,7860.65124913352
70463.0237712458,-0.204076672928892,-0.626318483085857,-0.331284880842968,0.675520685868438,-4884.66451846299,-4842.9547496633,-967.345628061793,7921.98046257161,8774.13441606855,7348.56803472261,7861.69052315392
70484.2238385714,-0.196855748711055,-0.628625303086352,-0.339037355008467,0.671663393693496,-4883.34287324368,-4811.59316322057,-1124.1238525356,7921.0725712743,8772.88463205097,7349.99582085972,7862.59477536388
70505.4239058971,-0.189610608934767,-0.630848180189172,-0.346743010476385,0.667718260359241,-4879.40896308955,-4777.65769205968,-1280.29910689353,7920.35395608977,8771.50795488225,7351.49160054461,7863.38436266062
70526.6239732227,-0.182342154012085,-0.632986905191141,-0.354400929398874,0.663685842826249,-4872.86597957726,-4741.16755395859,-1435.78790555505,7919.80460029561,8769.99159680212,7353.06974839144,7864.07954373306
70547.8240405483,-0.175051284719306,-0.635041278782189,-0.362010200106003,0.659566703965576,-4863.71848132807,-4702.14329198616,-1590.50719307968,7919.40430462339,8768.32517410247,7354.74267557434,7864.69999996869
70569.0241078739,-0.167738902420676,-0.637011111317184,-0.369569917295695,0.655361412430734,-4851.97238925927,-4660.6067617469,-1744.37438549838,7919.13316458609,8766.50080703842,7356.52065499982,7865.26441673128
70590.2241751995,-0.160405909241929,-0.638896222550969,-0.377079182215716,0.651070542591123,-4837.63498119607,-4616.58111804193,-1897.30741125296,7918.97199060754,8764.5131256236,7358.41173591904,7865.79013941606
70611.4242425251,-0.153053208188062,-0.640696441354165,-0.384537102824617,0.646694674518587,-4820.71488585269,-4570.0908009583,-2049.2247517273,7918.90265764265,8762.35919226351,7360.42174139514,7866.2929118481
70632.6243098507,-0.145681703205513,-0.642411605426266,-0.391942793922333,0.642234394016035,-4801.22207619152,-4521.16152139862,-2200.045481355,7918.90837748282,8760.03835594194,7362.55433765348,7866.78669816761
70653.8243771763,-0.138292299193587,-0.644041561020059,-0.399295377245205,0.637690292676003,-4779.16786216925,-4469.82024606318,-2349.68930728838,7918.97389287764,8757.55205456605,7364.81116162698,7867.28358394572
70675.0244445019,-0.130885901973177,-0.645586162688006,-0.406593981523936,0.633062967957341,-4754.56488287953,-4416.09518189694,-2498.07660861473,7919.08559747871,8754.9035822804,7367.19199190298,7867.79374824163
70696.2245118275,-0.123463418222539,-0.647045273057547,-0.413837742506125,0.628353023269662,-4727.42709810144,-4360.01576001366,-2645.12847510609,7919.23158917549,8752.09783742703,7369.69494854228,7868.32549574695
70717.4245791531,-0.116025755390283,-0.648418762638903,-0.421025802947185,0.623561068057192,-4697.76977926355,-4301.61261910954,-2790.76674548967,7919.40166661545,8749.14106477982,7372.31670852558,7868.88533696316
70738.6246464787,-0.108573821595114,-0.649706509665999,-0.428157312574843,0.618687717875946,-4665.60949983329,-4240.91758837891,-2934.91404522649,7919.58727971049,8746.04060312969,7375.05272551947,7869.47810429735
70759.8247138043,-0.101108525520564,-0.650908399969037,-0.435231428032936,0.613733594460347,-4630.96412514146,-4177.96366994421,-3077.49382378663,7919.78144495528,8742.80464659933,7377.89744490245,7870.10709274678
70781.0247811299,-0.0936307763113353,-0.652024326875731,-0.442247312810171,0.608699325777324,-4593.85280165198,-4112.78502081274,-3218.43039141003,7919.97863568679,8739.44202548862,7380.84450727619,7870.77421518001
70802.2248484555,-0.0861414834761822,-0.653054191137436,-0.449204137159058,0.603585546067448,-4554.29594568694,-4045.41693437251,-3357.64895534229,7920.17465625366,8735.9620101698,7383.88693581424,7871.48016384914
70823.4249157811,-0.0786415568006361,-0.653997900876127,-0.456101078009457,0.598392895873776,-4512.31523161693,-3975.8958214394,-3495.0756555358,7920.36650766633,8732.37413965874,7387.01730464789,7872.22457147228
70844.6249831067,-0.0711319062715405,-0.654855371548281,-0.462937318880418,0.593122022059837,-4467.93357952683,-3904.2591908679,-3630.63759980689,7920.5522508346,8728.68807500968,7390.2278870028,7873.00616686048
70865.8250504323,-0.0636134420142304,-0.655626525922057,-0.469712049793103,0.587773577818567,-4421.17514236729,-3830.5456297373,-3764.26289844032,7920.73087209627,8724.9134766003,7393.51078297003,7873.8229215301
70887.0251177579,-0.0560870742423689,-0.656311294064669,-0.476424467186896,0.582348222674177,-4372.06529260182,-3754.79478312551,-3895.88069823324,7920.90215447436,8721.05990364189,7396.85802764765,7874.67218499252
70908.2251850835,-0.0485537132198654,-0.656909613337388,-0.483073773840108,0.576846622478942,-4320.63060835973,-3677.04733348207,-4025.4212159709,7921.06655701329,8717.13673380898,7400.2616809638,7875.55080743173
70929.4252524091,-0.0410142692339195,-0.657421428396125,-0.489659178796204,0.5712694494067,-4266.89885910476,-3597.34497961209,-4152.81577132736,7921.22510364905,8713.15310066996,7403.71390084027,7876.45524927377
70950.6253197347,-0.0334696525780315,-0.657846691196063,-0.496179897296041,0.56561738194471,-4210.8989908295,-3515.7304152825,-4277.99681918464,7921.37928235843,8709.11784655722,7407.2070015268,7877.38167774486
70971.8253870603,-0.0259207736306539,-0.6581853610963,-0.502635150711712,0.559891104771218,-4152.66111078514,-3432.2473074618,-4400.89798136449,7921.53100091736,8705.03949916875,7410.7334812058,7878.32601029916
70993.0254543859,-0.0183685426530929,-0.658437404639281,-0.509024166505337,0.554091309015253,-4092.21647175666,-3346.94027420438,-4521.45407776723,7921.68248815321,8700.92624563695,7414.28606224891,7879.28400311399
71014.2255217115,-0.0108138698815562,-0.658602795668462,-0.515346178169271,0.54821869213134,-4029.59745589252,-3259.85486219011,-4639.60115691281,7921.83612215383,8696.78589528176,7417.85775527158,7880.251402116
71035.4255890371,-0.00325766561975039,-0.658681515429683,-0.521600425180228,0.542273957790499,-3964.83755809865,-3171.03752392983,-4755.27652587945,7921.99444434537,8692.6258891619,7421.44184810144,7881.2239290186
71056.6256563627,0.00429915979922719,-0.658673552524861,-0.527786152965153,0.536257815950075,-3897.97136900576,-3080.53559464688,-4868.41877963579,7922.16010600269,8688.45329919578,7425.03191656157,7882.19732535813
71077.8257236883,0.0118556959959898,-0.65857890292602,-0.533902612868906,0.530170982858329,-3829.034557519,-2988.39726884476,-4978.96782976269,7922.33582321071,8684.27483213062,7428.621829619,7883.16738816658
71099.0257910139,0.0194110325242173,-0.658397569992068,-0.539949062126999,0.524014181061027,-3758.06385295895,-2894.67157657063,-5086.86493256145,7922.52433873325,8680.09683704483,7432.20575028277,7884.12999893992
71120.2258583395,0.0269642588481126,-0.658129564487161,-0.545924763843208,0.517788139411718,-3685.09702680231,-2799.40835938413,-5192.05271654518,7922.72838996096,8675.92531546964,7435.77813317119,7885.08114685181
71141.4259256651,0.0345144643185574,-0.65777490460081,-0.551828986971869,0.511493593085777,-3610.17287403098,-2702.65824604052,-5294.47520931066,7922.95068220575,8671.765933388,7439.33371950619,7886.01694703297
71162.6259929907,0.0420607381484556,-0.65733361596992,-0.557661006304684,0.505131283598199,-3533.33119409733,-2604.47262789721,-5394.07786378813,7923.1938666638,8667.6240345074,7442.86753016637,7886.93365465024
71183.8260603163,0.0496021693876957,-0.656805731702957,-0.563420102461923,0.498701958825083,-3454.61277151385,-2504.90363405207,-5490.80758386669,7923.46052242828,8663.5046543219,7446.37485732022,7887.82767543627
71205.0261276419,0.0571378468980955,-0.656191292406424,-0.569105561887904,0.492206373028723,-3374.05935607464,-2404.00410622177,-5584.61274939328,7923.75314199391,8659.41253457887,7449.85125506547,7888.69557324068
71226.2261949675,0.0646668593286501,-0.655490346213823,-0.574716676850705,0.485645286886152,-3291.71364271613,-2301.82757336818,-5675.44324054321,7924.07411975557,8655.35213785003,7453.29252941932,7889.53407509953
71247.4262622931,0.0721882950913634,-0.654702948817264,-0.580252745446037,0.479019467521017,-3207.61925102421,-2198.42822608043,-5763.25046156058,7924.4257430607,8651.32766197604,7456.69472793482,7890.34007425211
71268.6263296187,0.0797012423379149,-0.653829163501842,-0.585713071605284,0.472329688538608,-3121.82070439449,-2093.86089071988,-5847.98736386666,7924.81018542875,8647.34305421104,7460.05412916111,7891.11063147355
71289.8263969443,0.0872047889373818,-0.652869061182932,-0.591096965107702,0.465576730063872,-3034.36340885225,-1988.18100333517,-5929.60846853487,7925.22950159997,8643.40202494004,7463.36723211695,7891.84297503728
71311.0264642699,0.094698022455226,-0.651822720446477,-0.596403741596786,0.458761378782235,-2945.29363153837,-1881.44458335393,-6008.06988813053,7925.68562412079,8639.50806087971,7466.63074590731,7892.5344995739
71332.2265315955,0.102180030133729,-0.650690227592372,-0.601632722600847,0.45188442798303,-2854.65847886723,-1773.70820705773,-6083.32934791383,7926.18036121265,8635.66443770319,7469.84157957965,7893.18276405152
71353.4265989211,0.109649898874056,-0.649471676681004,-0.606783235557828,0.444946677605359,-2762.50587436218,-1665.02898084641,-6155.3462064044,7926.71539570673,8631.87423205291,7472.99683229107,7893.78548906637
71374.6266662467,0.117106715220118,-0.648167169582997,-0.611854613844429,0.437948934286184,-2668.88453617409,-1555.46451429758,-6224.08147530567,7927.29228485796,8628.14033292458,7476.09378383507,7894.34055360166
71395.8267335723,0.12454956534438,-0.646776816032205,-0.616846196809566,0.43089201141045,-2573.84395428812,-1445.07289302708,-6289.49783878721,7927.91246087961,8624.46545241915,7479.12988555999,7894.84599138592
71417.0268008979,0.131977535035797,-0.645300733681964,-0.621757329812254,0.423776729163045,-2477.43436742353,-1333.91265135567,-6351.55967212311,7928.57723206303,8620.85213587122,7482.10275169772,7895.29998695902
71438.2268682235,0.139389709689991,-0.643739048164621,-0.626587364263967,0.416603914582403,-2379.70673963123,-1222.04274478722,-6410.23305968411,7929.28778436806,8617.30277136964,7485.0101511104,7895.70087153534
71459.4269355491,0.146785174301863,-0.642091893154326,-0.631335657675524,0.409374401615537,-2280.71273659337,-1109.52252230319,-6465.48581228123,7930.04518338758,8613.81959869302,7487.84999945428,7896.04711873636
71480.6270028747,0.154163013460744,-0.640359410433072,-0.636001573708603,0.402089031174306,-2180.50470162919,-996.411698478303,-6517.28748385829,7930.8503766049,8610.40471768581,7490.62035175426,7896.33734025202
71501.8270702003,0.161522311348262,-0.638541749959963,-0.640584482231899,0.394748651192722,-2079.13563141095,-882.770325421904,-6565.6093875303,7931.7041958759,8607.06009610459,7493.31939537695,7896.57028147772
71523.0271375259,0.168862151739047,-0.636639069943659,-0.645083759382037,0.387354116685068,-1976.65915139371,-768.65876454936,-6610.42461096475,7932.6073600794,8603.78757696499,7495.94544338714,7896.74481716446
71544.2272048515,0.176181618004435,-0.63465153691796,-0.64949878762926,0.379906289804646,-1873.12949096251,-654.137658187869,-6651.70803110212,7933.56047788869,8600.58888542101,7498.49692826997,7896.8599471116
71565.4272721771,0.183479793119296,-0.63257932582046,-0.653828955847976,0.372406039902924,-1768.60145830011,-539.267901020771,-6689.43632821185,7934.56405062533,8597.46563520842,7500.97239599903,7896.91479192444
71586.6273395028,0.190755759672142,-0.630422620074219,-0.658073659392197,0.364854243588893,-1663.13041497869,-424.110611374433,-6723.58799927952,7935.61847516382,8594.41933468402,7503.37050042986,7896.90858885352
71607.8274068283,0.198008599878643,-0.628181611672366,-0.662232300175939,0.357251784788395,-1556.77225027839,-308.727102351722,-6754.14337072061,7936.7240468612,8591.45139249173,7505.68999799755,7896.84068772769
71629.0274741539,0.205237395598701,-0.625856501265549,-0.666304286758601,0.349599554803235,-1449.58335523564,-193.17885281602,-6781.08461041576,7937.88096249103,8588.5631228855,7507.92974269667,7896.71054698903
71650.2275414796,0.212441228357209,-0.623447498252154,-0.670289034435387,0.341898452369834,-1341.62059642427,-77.5274782297493,-6804.39573906207,7939.08932316548,8585.75575073855,7510.08868132213,7896.51772983451
71671.4276088052,0.219619179368639,-0.620954820871174,-0.674185965332777,0.33414938371723,-1232.94128947188,38.1652986486327,-6824.06264083444,7940.34913723292,8583.03041626677,7512.16584894949,7896.26190046662
71692.6276761308,0.226770329565592,-0.61837869629764,-0.677994508509104,0.326353262624174,-1123.60317231451,153.837677205116,-6840.07307335061,7941.6603231415,8580.38817949357,7514.16036463359,7895.94282045299
71713.8277434564,0.233893759631442,-0.61571936074048,-0.681714100060217,0.318511010475135,-1013.66437819212,269.427808544007,-6852.41667693284,7943.02271226195,8577.83002448191,7516.07142730487,7895.56034519304
71735.027810782,0.240988550037203,-0.612977059542711,-0.685344183230288,0.310623556314951,-903.183408387703,384.873825190947,-6861.08498315897,7944.43605166516,8575.35686335845,7517.89831184315,7895.11442048836
71756.2278781076,0.24805378108275,-0.610152047283803,-0.688884208527726,0.302691836901927,-792.219104712875,500.113870920705,-6866.07142269484,7945.90000685184,8572.96954015362,7519.64036530916,7894.605079212
71777.4279454332,0.255088532942513,-0.607244587884113,-0.692333633846228,0.294716796759138,-680.830621742664,615.086130705208,-6867.37133239966,7947.41416443362,8570.66883448042,7521.29700331443,7894.03243807102
71798.6280127588,0.262091885715779,-0.604254954711221,-0.695691924590938,0.2866993882237,-569.077398802636,729.728860777014,-6864.9819616955,7948.97803476634,8568.45546507412,7522.86770651059,7893.39669445539
71819.8280800844,0.269062919481705,-0.601183430688026,-0.698958553809712,0.278640571493801,-457.01913171139,843.980418803243,-6858.9024781912,7950.59105453736,8566.33009321377,7524.35201717983,7892.69812336575
71841.02814741,0.276000714359162,-0.598030308402465,-0.702133002329452,0.270541314673221,-344.715744281768,957.779294164641,-6849.13397255104,7952.25258931057,8564.29332604659,7525.7495359079,7891.93707441139
71862.2282147356,0.28290435057153,-0.594795890218662,-0.705214758897478,0.262402593813137,-232.227359584294,1071.06413833418,-6835.67946259751,7953.96193603329,8562.34571983463,7527.05991832189,7891.11396886956
71883.4282820612,0.289772908516534,-0.59148048838936,-0.708203320327912,0.254225392950967,-119.614270976611,1183.77379534925,-6818.5438966373,7955.71832551077,8560.48778314378,7528.28287187486,7890.22929679604
71904.6283493868,0.296605468841232,-0.588084425169465,-0.711098191652995,0.246010704146008,-6.93691290297617,1295.84733237101,-6797.73415599906,7957.52092485504,8558.71997999405,7529.41815265934,7889.28361417628
71925.8284167124,0.303401112522253,-0.584608032930497,-0.713898886279307,0.237759527511638,105.744168531815,1407.22407032426,-6773.25905677115,7959.36883991592,8557.04273299029,7530.46556223193,7888.2775401056
71947.028484038,0.310158920951368,-0.581051654275799,-0.716604926148811,0.229472871243853,218.368345209338,1517.84361461048,-6745.12935072679,7961.26111770304,8555.45642645211,7531.42494443082,7887.21175398631
71968.2285513636,0.316877976026478,-0.577415642156267,-0.719215841904631,0.221151751645878,330.874936860163,1627.64588588645,-6713.35772542427,7963.19674880919,8553.96140956212,7532.29618216781,7886.086992728
71989.4286186892,0.323557360248112,-0.57370035998645,-0.721731173061516,0.212797193148639,443.203241136631,1736.57115090016,-6677.95880346866,7965.17466984662,8552.55799955125,7533.07919417611,7884.90404793708
72010.6286860148,0.330196156821483,-0.569906181760776,-0.724150468180848,0.204410228326847,555.29256388977,1844.56005337523,-6638.94914092194,7967.19376590914,8551.24648494086,7533.77393169446,7883.6637630794
72031.8287533404,0.33679344976419,-0.566033492169727,-0.726473285050135,0.195991897910464,667.082249643848,1951.55364493455,-6596.34722484726,7969.25287307464,8550.02712886099,7534.38037506773,7882.36703059947
72053.028820666,0.343348324019604,-0.562082686715724,-0.728699190866843,0.18754325079131,778.511712261485,2057.49341605321,-6550.17346997382,7971.35078096483,8548.90017246502,7534.89853024297,7881.01478897714
72074.2288879916,0.349859865576003,-0.558054171828517,-0.730827762426471,0.179065344024594,889.520465791741,2162.32132703002,-6500.45021446739,7973.48623538014,8547.86583846141,7535.32842513957,7879.60801970171
72095.4289553172,0.356327161591486,-0.55394836497986,-0.732858586314724,0.170559242825121,1000.04815549294,2265.97983896651,-6447.20171479243,7975.65794103114,8546.9243347841,7535.67010587026,7878.14774414088
72116.6290226428,0.362749300524704,-0.549765694797223,-0.734791259103641,0.162026020557963,1110.03458902142,2368.41194474147,-6390.45413965078,7977.86456438963,8546.07585842338,7535.92363278948,7876.63502027978
72137.8290899684,0.369125372271435,-0.545506601176326,-0.736625387551549,0.153466758723371,1219.41976777661,2469.56119996833,-6330.23556298225,7980.10473668582,8545.32059944053,7536.08907634371,7875.07093930278
72159.029157294,0.375454468307009,-0.541171535392248,-0.738360588806665,0.144882546935693,1328.14391839242,2569.37175392212,-6266.57595601222,7982.37705708142,8544.65874518978,7536.16651269708,7873.45662198763
72180.2292246196,0.381735681834597,-0.536760960208873,-0.739996490614195,0.136274482896099,1436.14752436382,2667.78838042194,-6199.50717833129,7984.68009605211,8544.09048477256,7536.15601910422,7871.79321487838
72201.4292919452,0.387968107939363,-0.532275349986415,-0.74153273152675,0.127643672358901,1543.37135779705,2764.75650865403,-6129.06296799239,7987.0123990172,8543.61601374936,7536.05766900089,7870.08188619967
72222.6293592708,0.394150843748443,-0.52771519078679,-0.742968961117896,0.118991229091249,1649.75651127116,2860.22225391993,-6055.27893061043,7989.3724902591,8543.23553913573,7535.87152678082,7868.32382147085
72243.8294265964,0.400282988596761,-0.523080980476556,-0.744304840198652,0.110318274826022,1755.24442979741,2954.13244829335,-5978.19252745016,7991.75887718055,8542.94928470934,7535.59764222642,7866.52021877371
72265.029493922,0.40636364419861,-0.518373228827184,-0.745540041036735,0.101625939207704,1859.77694286274,3046.43467116846,-5897.84306248808,7994.17005495359,8542.75749665557,7535.23604455887,7864.6722836226
72286.2295612476,0.412391914824983,-0.513592457612378,-0.746674247578357,0.0929153597310811,1963.29629654247,3137.07727968193,-5814.27166843425,7996.60451162109,8542.66044957915,7534.78673607243,7862.78122338008
72307.4296285732,0.418366907486571,-0.508739200702181,-0.747707155672346,0.0841876816725526,2065.74518566634,3226.00943898977,-5727.52129170076,7999.06073371885,8542.65845290906,7534.24968531643,7860.84824115495
72328.6296958988,0.424287732122378,-0.503814004153601,-0.748638473296395,0.0754440580139206,2167.06678602174,3313.18115237961,-5637.63667630376,8001.53721249465,8542.75185772275,7533.62481978815,7858.87452911329
72349.8297632244,0.430153501793867,-0.498817426297466,-0.749467920785195,0.0666856493584759,2267.20478657644,3398.543291198,-5544.66434668649,8004.03245080941,8542.94106401423,7532.91201809992,7856.86126112565
72371.02983055,0.435963332884543,-0.493750037821233,-0.750195231060248,0.0579136238392431,2366.10342170279,3482.04762457196,-5448.65258945156,8006.54497081544,8543.2265284272,7532.11110158481,7854.80958466642
72392.2298978756,0.441716345304873,-0.488612421847453,-0.750820149861104,0.0491291570192491,2463.70750338429,3563.64684890264,-5349.6514339913,8009.07332251679,8543.6087724702,7531.22182530768,7852.72061187357
72413.4299652012,0.447411662702442,-0.483405174007605,-0.751342435977806,0.0403334317836939,2559.96245338453,3643.29461710895,-5247.71263200571,8011.61609332794,8544.08839122454,7530.24386845213,7850.59540966946
72434.6300325268,0.453048412677207,-0.478128902510987,-0.751761861484289,0.0315276382239167,2654.81433535779,3720.94556759754,-5142.88963589869,8014.17191875789,8544.6660625467,7529.17682406021,7848.43498883558
72455.8300998524,0.458625727001666,-0.472784228208351,-0.752078211972547,0.0227129735130276,2748.20988687969,3796.55535293555,-5035.23757604371,8016.7394943765,8545.34255675979,7528.02018810346,7846.24029191147
72477.030167178,0.464142741419766,-0.46737178465357,-0.752291287052756,0.013890641511104,2840.09655137533,3870.08066820132,-4924.81323691159,8019.31769915786,8546.11877072671,7526.77330651029,7844.01208342653
72498.2302345036,0.469598595741566,-0.461892218126582,-0.752400900690796,0.00506185255946375,2930.42250992183,3941.47927898792,-4811.67503205362,8021.90619400559,8546.99587043609,7525.43513945918,7841.75042171542
72519.4303018292,0.474992436861725,-0.456346187693279,-0.752406879685384,-0.00377217497928804,3019.13671290101,4010.71004903373,-4695.88297793503,8024.50412176075,8547.97502230008,7524.00473754353,7839.45579544585
72540.6303691548,0.480323415619907,-0.450734365285186,-0.752309066000338,-0.0126102169642471,3106.1889114777,4077.73296745368,-4577.49866661424,8027.11062510153,8549.05750390711,7522.48104792404,7837.12867078098
72561.8304364804,0.485590688121019,-0.445057435703311,-0.752107316339179,-0.0214510429682486,3191.52968887776,4142.50917554421,-4456.58523726565,8029.72499398896,8550.24474073454,7520.86285498668,7834.7693607403
72583.030503806,0.490793416059683,-0.439316096642655,-0.751801502329992,-0.030293416405131,3275.11049143983,4205.00099313473,-4333.20734654407,8032.34668598389,8551.53831669506,7519.148767236,7832.37800590561
72604.2305711316,0.495930766972973,-0.433511058709413,-0.751391510756517,-0.0391360947116778,3356.88365941367,4265.17194445771,-4207.43113779122,8034.97535134942,8552.93998488879,7517.33720315793,7829.95455110963
72625.4306384572,0.501001914495705,-0.427643045429942,-0.750877243788772,-0.0479778295384463,3436.80245747773,4322.98678350932,-4079.32420908555,8037.61086070887,8554.45167767541,7515.42637727401,7827.49872013303
72646.6307057828,0.506006038619627,-0.421712793251113,-0.750258619211978,-0.0568173669484272,3514.82110494753,4378.41151887219,-3948.95558013877,8040.25333529531,8556.07551563302,7513.41428678076,7825.00998847208
72667.8307731084,0.510942325956553,-0.415721051531607,-0.749535570653417,-0.0656534476232481,3590.89480564642,4431.41343797163,-3816.3956580436,8042.90317980708,8557.81381487238,7511.29869926126,7822.48755427737
72689.030840434,0.515809970005499,-0.409668582523708,-0.748708047806823,-0.0744848070765949,3664.97977740931,4481.96113073639,-3681.71620187945,8045.56111779344,8559.66909204977,7509.07714208675,7819.93030766706
72710.2309077596,0.52060817142398,-0.403556161345194,-0.747776016653836,-0.0833101758744605,3737.03328118984,4530.02451263503,-3544.99028618398,8048.22822936977,8561.64406627806,7506.74689428035,7817.33679875244
72731.4309750852,0.525336138303696,-0.397384575940926,-0.746739459681971,-0.0921282798617713,3807.01364974092,4575.57484705878,-3406.29226330075,8050.90599089619,8563.74165697465,7504.30498179106,7814.705204886
72752.6310424108,0.52999308645095,-0.391154627033828,-0.745598376098445,-0.100937840394891,3874.8803158384,4618.58476702195,-3265.69772461455,8053.59631603978,8565.96497650966,7501.74817732469,7812.03329785801
72773.8311097364,0.534578239672269,-0.384867128065017,-0.744352782039069,-0.109737574579458,3940.59384001706,4659.0282961509,-3123.28346068832,8056.30159737034,8568.31731633444,7499.07300609354,7809.31841203176
72795.031177062,0.539090830065794,-0.378522905123018,-0.743002710771246,-0.118526195512993,4004.11593778837,4696.88086893277,-2979.12742031703,8059.02474730833,8570.80212508942,7496.27575907055,7806.55741472292
72816.2312443876,0.543530098319167,-0.372122796862186,-0.741548212889911,-0.127302412531736,4065.40950630888,4732.11935019548,-2833.3086685161,8061.76923684523,8573.42297702586,7493.35251555387,7803.74668049515
72837.4313117133,0.547895294014696,-0.365667654410744,-0.739989356505042,-0.136064931461227,4124.4386504684,4764.72205379069,-2685.90734346381,8064.5391299951,8576.183528951,7490.2991770422,7800.88207145576
72858.6313790389,0.552185675942674,-0.359158341269197,-0.738326227419105,-0.144812454870299,4181.16870836692,4794.66876045196,-2537.00461241906,8067.33911141853,8579.08746385016,7487.11151456302,7797.95892607825
72879.8314463644,0.556400512423687,-0.352595733200361,-0.736558929292563,-0.153543682328358,4235.56627614952,4821.94073480067,-2386.68262663783,8070.17450410764,8582.13841938942,7483.78523164453,7794.97205952807
72901.0315136901,0.560539081640633,-0.345980718112743,-0.734687583795345,-0.162257310666189,4287.59923216831,4846.5207414729,-2235.02447531362,8073.05127346855,8585.3398997062,7480.31604503082,7791.91577888462
72922.2315810157,0.564600671980717,-0.339314195939605,-0.732712330742176,-0.170952034241041,4337.23676044127,4868.39306034102,-2082.11413856922,8075.97601368171,8588.69516931344,7476.69978493362,7788.7839169425
72943.4316483413,0.56858458238733,-0.332597078516693,-0.730633328209486,-0.179626545207316,4384.44937337764,4887.54350080457,-1928.03643952888,8078.95591211024,8592.20712867027,7472.93251596332,7785.56988821204
72964.6317156669,0.57249012272344,-0.325830289462855,-0.728450752629887,-0.188279533793784,4429.20893374009,4903.9594151256,-1772.87699550212,8081.99868568501,8595.87817157481,7469.01067965039,7782.26677213965
72985.8317829925,0.576316614138737,-0.319014764066145,-0.726164798867127,-0.19690968859289,4471.48867581462,4917.62971078474,-1616.72216831218,8085.11248671902,8599.71002656404,7464.93125698191,7778.86742520843
73007.0318503181,0.580063389443538,-0.312151449181127,-0.723775680265858,-0.205515696863018,4511.26322575933,4928.54486183484,-1459.65901380387,8088.30577344357,8603.70358556045,7460.69194878994,7775.36462514377
73028.2319176437,0.583729793481992,-0.305241303140753,-0.721283628678606,-0.214096244849433,4548.50862110401,4936.69691923056,-1301.77523056768,8091.58714276716,8607.8587251363,7456.29136948063,7771.7512481585
73049.4319849693,0.58731518349878,-0.298285295686138,-0.718688894471419,-0.222650018128624,4583.20232937333,4942.07952011281,-1143.15910791853,8094.96512482967,8612.17412789687,7451.72924727255,7768.02047799108
73070.6320522949,0.590818929491638,-0.29128440791592,-0.715991746511831,-0.231175701980906,4615.323265807,4944.68789602843,-983.899473169351,8098.44794150288,8616.64711354136,7447.00662177125,7764.16604290509
73091.8321196205,0.594240414540916,-0.284239632254602,-0.713192472144926,-0.239671981795574,4644.8518101513,4944.51888006663,-824.085638241356,8102.04323428574,8621.27349092808,7442.12602750614,7760.18247369601
73113.0321869461,0.597579035106974,-0.277151972436275,-0.71029137716531,-0.248137543511474,4671.7698224971,4941.57091289497,-663.807345654387,8105.75777074082,8626.0474435891,7437.09165038205,7756.06537243627
73134.2322542717,0.600834201286948,-0.270022443496628,-0.70728878579437,-0.256571074093537,4696.06065814101,4935.84404767904,-503.154713942363,8109.5971423514,8630.96146125348,7431.90944324145,7751.81167856048
73155.4323215973,0.604005337024364,-0.262852071762679,-0.704185040672973,-0.264971262042802,4717.70918144662,4927.33995387127,-342.218182540125,8113.56546994647,8636.0063287406,7426.58718726471,7747.41991643238
73176.6323889229,0.607091880268417,-0.255641894826731,-0.70098050287922,-0.27333679793389,4736.70177868475,4916.06191985598,-181.088456189455,8117.66513507216,8641.17118089994,7421.13448801514,7742.89040725553
73197.8324562485,0.610093283054204,-0.248392961476996,-0.697675552005339,-0.281666374980893,4753.0263698323,4902.01485443901,-19.8564489132311,8121.89656240577,8646.44362947201,7415.56269633396,7738.2254232107
73219.0325235741,0.613009009857385,-0.241106330863772,-0.694270587766882,-0.289958690183457,4766.67241931066,4885.20528717205,141.386772392097,8126.25886046751,8651.81013832436,7409.88445043111,7733.42857516421
73240.2325908997,0.615838542543594,-0.23378307437372,-0.690766025798396,-0.298212443162325,4777.63094564639,4865.64136750323,302.550044694521,8130.74865156988,8657.25605688371,7404.11385047185,7728.50577736758
73261.4326582253,0.618581376234874,-0.226424273741794,-0.687162301429717,-0.306426338178828,4785.89453003757,4843.33286274713,463.542165842935,8135.35981408381,8662.76586348329,7398.26627845395,7723.46541088523
73282.6327255509,0.621237019911269,-0.219031020949543,-0.683459869376661,-0.314599084399819,4791.45732381134,4818.29115486915,624.271951808896,8140.08411941965,8668.32362205502,7392.35786557916,7718.31769738884
73303.8327928765,0.623804996844009,-0.211604418019867,-0.679659203578839,-0.322729396209111,4794.3150547592,4790.5292360807,784.648294099964,8144.91139153602,8673.91333549498,7386.40513856839,7713.07449158651
73325.0328602021,0.62628484467475,-0.204145576595694,-0.675760797369111,-0.330815993607018,4794.46503233832,4760.06170324353,944.580217290303,8149.82975073852,8679.51929457811,7380.42465527058,7707.74900460092
73346.2329275277,0.628676115530456,-0.196655617473183,-0.671765163625682,-0.338857602565942,4791.90615172869,4726.90475108296,1103.97693661367,8154.82591225746,8685.12639959255,7374.43265575731,7702.35548768772
73367.4329948533,0.630978376185619,-0.189135670109856,-0.66767283488719,-0.346852955345572,4786.63889673747,4691.07616421189,1262.74791556359,8159.8855192523,8690.72043817439,7368.44474767798,7696.90889673081
73388.6330621789,0.6331912082708,-0.181586872125331,-0.663484363421035,-0.354800790777145,4778.66534154368,4652.59530796869,1420.80292344521,8164.99348917996,8696.28830757573,7362.4756404079,7691.42455752007
73409.8331295045,0.635314208521304,-0.174010368810388,-0.659200321239828,-0.362699854528135,4767.98915127761,4611.48311807419,1578.0520928233,8170.13435368795,8701.81817495805,7356.53893737915,7685.91784964915
73431.0331968301,0.637346989056222,-0.166407312656604,-0.654821300065311,-0.37054889935898,4754.61558143159,4567.76208911457,1734.40597681062,8175.29257515031,8707.29957458107,7350.64699061211,7680.40392328243
73452.2332641557,0.639289177676112,-0.158778862914524,-0.650347911242932,-0.37834668538224,4738.55147609984,4521.45626185843,1889.7756061414,8180.45282703954,8712.72344534301,7344.81081653138,7674.89745867282
73473.4333314813,0.64114041816733,-0.151126185183915,-0.645780785613034,-0.386091980332394,4719.80526504706,4472.59120941841,2044.07254597442,8185.60022985098,8718.08211561903,7339.04006814378,7669.41247380925
73494.6333988069,0.642900370602048,-0.143450451035854,-0.641120573346226,-0.393783559851812,4698.38695960728,4421.1940222689,2197.20895237104,8190.72053868,8723.3692445724,7333.34305583275,7663.96218145684
73515.8334661325,0.644568711624945,-0.13575283766343,-0.636367943750893,-0.401420207795702,4674.30814741551,4367.2932921335,2349.09762839357,8195.80028235628,8728.57973011728,7327.72680742914,7658.55889348263
73537.0335334581,0.646145134719917,-0.12803452755602,-0.631523585060412,-0.409000716556502,4647.58198597723,4310.91909475684,2499.65207977033,8200.82685701209,8733.70959367768,7322.19715772272,7653.21396790244
73558.2336007837,0.64762935045252,-0.120296708191161,-0.626588204206539,-0.416523887406282,4618.22319508162,4252.10297157767,2648.78657007422,8205.78857901586,8738.75585107847,7316.75885795795,7647.93779255557
73579.4336681093,0.649021086686031,-0.112540571738032,-0.621562526584105,-0.423988530854483,4586.24804806648,4190.87791032089,2796.41617536262,8210.67470338791,8743.71637760316,7311.41569684284,7642.73979861198
73600.6337354349,0.65032008877068,-0.104767314767033,-0.616447295810715,-0.431393467017592,4551.67436194425,4127.27832452811,2942.45683822719,8215.47541426292,8748.58977371305,7306.17062593471,7637.62849707725
73621.8338027605,0.6515261197069,-0.0969781379608437,-0.611243273483851,-0.43873752599711,4514.52148640001,4061.34003204762,3086.8254212035,8220.18179384593,8753.37523634625,7301.02588373572,7632.61153189821
73643.0338700861,0.652638960284225,-0.089174245823347,-0.605951238936667,-0.446019548262273,4474.81029167391,3993.10023250578,3229.43975949118,8224.78577580146,8758.07243924533,7295.98311427073,7627.69574400888
73664.2339374117,0.653658409197892,-0.0813568463838275,-0.600571988992907,-0.45323838503426,4432.56315534198,3922.59748378331,3370.21871293676,8229.28008827672,8762.68142448365,7291.04347722644,7622.88724154416
73685.4340047373,0.65458428314535,-0.0735271508947632,-0.595106337720784,-0.460392898669107,4387.80394801051,3849.87167752123,3509.08221723266,8233.65819091748,8767.20250631247,7286.20774784286,7618.19147237207
73706.6340720629,0.655416416904821,-0.0656863735223288,-0.589555116185269,-0.467481963036976,4340.55801794082,3774.96401368202,3645.95133428729,8237.91420938254,8771.63618763789,7281.4764056469,7613.61329597663
73727.8341393885,0.656154663397834,-0.0578357310293339,-0.583919172198023,-0.474504463895919,4290.85217462224,3697.91697419289,3780.74830172235,8242.04287006399,8775.98308884127,7276.8497118072,7609.15705251362
73749.0342067141,0.656798893737437,-0.049976442450786,-0.578199370064153,-0.48145929925868,4238.71467131269,3618.77429569908,3913.3965814555,8246.03943700983,8780.24388824948,7272.32777539012,7604.82662753664
73770.2342740397,0.657348997263496,-0.0421097287625929,-0.572396590324967,-0.488345379751431,4184.17518656709,3537.58094145569,4043.82090732782,8249.89965244243,8784.41927330736,7267.91060913776,7600.6255114456
73791.4343413653,0.657804881566194,-0.0342368125441277,-0.566511729496011,-0.495161628963656,4127.26480477525,3454.38307238787,4171.94733173725,8253.6196817714,8788.50990137101,7263.59817560027,7596.55685314762
73812.6344086909,0.658166472498652,-0.0263589176355035,-0.560545699799769,-0.501906983788583,4068.01599573179,3369.22801734938,4297.7032712411,8257.19606360728,8792.51636899475,7259.39042456695,7592.62350775464
73833.8344760165,0.658433714179329,-0.0184772687904585,-0.554499428892535,-0.50858039475378,4006.4625932617,3282.16424261077,4421.01755109217,8260.62566498238,8796.43918860196,7255.28732277829,7588.82807838669
73855.0345433421,0.658606568916975,-0.010593091262221,-0.548373859666432,-0.515180826343004,3942.63977292593,3193.24132060868,4541.82044867527,8263.90566036054,8800.27877570481,7251.28886977509,7585.17293593979
73876.2346106677,0.658685015966774,-0.00270760926717858,-0.542169951456408,-0.521707257310709,3876.58402883247,3102.50989798829,4660.04373581233,8267.03433776237,8804.03563260754,7247.39478886148,7581.65950873918
73897.4346779933,0.658669055382966,0.00517795070631138,-0.535888675077629,-0.528158680919794,3808.33314957898,3010.02166297163,4775.6207199065,8270.0097687434,8807.71006067981,7243.60502423682,7578.28944987185
73918.6347453189,0.658558704425379,0.0130623635475411,-0.52953101676998,-0.534534105331613,3737.9261933537,2915.82931208446,4888.48628389738,8272.82978277348,8811.30214439107,7239.91976099545,7575.06466107917
73939.8348126445,0.658353998256105,0.0209444052246969,-0.523097977029145,-0.540832553844534,3665.40346222215,2819.98651627508,4998.57692500153,8275.49239282988,8814.81184557181,7236.33926384117,7571.98691894378
73961.0348799701,0.658054990118537,0.0288228529228856,-0.516590570017284,-0.547053065157938,3590.80647562765,2722.54788645845,5105.83079221393,8277.99576757976,8818.23900289745,7232.86388266347,7569.05789788821
73982.2349472957,0.65766175128105,0.0366964853945981,-0.510009823240211,-0.553194693629752,3514.17794313399,2623.56893851902,5210.18772254857,8280.33821652956,8821.58333579209,7229.49405184111,7566.27918138819
74003.4350146214,0.657174370967949,0.0445640833126725,-0.503356777223847,-0.559256509523318,3435.56173643927,2523.10605780609,5311.5892759976,8282.51817821896,8824.84444994067,7226.2302875224,7563.65227032185
74024.635081947,0.656592956281908,0.052424429621193,-0.496632485185201,-0.565237599243582,3355.00286069,2421.21646315517,5409.97876919087,8284.53421091656,8828.02184401257,7223.07318334201,7561.17858899117
74045.8351492725,0.655917632118033,0.0602763098837697,-0.489838012698087,-0.5711370655626,3272.547425125,2317.95817046873,5505.30130773915,8286.38498547811,8831.114917303,7220.02340490532,7558.85948915927
74067.0352165981,0.655148541069632,0.0681185126287575,-0.482974437353906,-0.57695402783433,3188.24261307878,2213.38995589007,5597.50381724628,8288.06928005773,8834.12297804858,7217.08168331957,7556.69625241181
74088.2352839238,0.65428584332579,0.0759498296910081,-0.476042848417864,-0.582687622198698,3102.13665137415,2107.57131860306,5686.53507297733,8289.58597639028,8837.04525221753,7214.24880800612,7554.6900911182
74109.4353512494,0.653329716560851,0.0837690565497799,-0.469044346480981,-0.588337001774924,3014.278779134,2000.56244329108,5772.34572817145,8290.93405738987,8839.88089261047,7211.52561899025,7552.84214823879
74130.635418575,0.652280355815915,0.0915749926624572,-0.46198004310828,-0.593901336844097,2924.71921604219,1892.42416228741,5854.88834098999,8292.11260583633,8842.62898813897,7208.91299883161,7551.1534961951
74151.8354859006,0.651137973372506,0.0993664417937543,-0.45485106048353,-0.599379815020995,2833.50913008322,1783.21791744967,5934.11740009175,8293.12080394508,8845.28857317391,7206.41186433142,7549.62513499532
74173.0355532262,0.64990279861854,0.107142212340104,-0.447658531050936,-0.60477164141515,2740.70060479067,1673.00572178984,6009.98934882934,8293.95793364002,8847.85863687765,7204.02315812774,7548.2579897828
74194.2356205518,0.648575077906763,0.114901117648949,-0.440403597154166,-0.610076038781175,2646.34660603379,1561.85012089149,6082.46260806168,8294.62337736945,8850.33813245049,7201.74784027142,7547.05290795454
74215.4356878774,0.64715507440583,0.122641976332667,-0.433087410673102,-0.615292247658355,2550.50094837181,1449.81415414506,6151.49759757944,8295.1166193251,8852.72598623783,7199.58687985735,7546.01065597701
74236.635755203,0.64564306794422,0.1303636125769,-0.425711132658699,-0.620419526499548,2453.21826100496,1336.96131583144,6217.05675614156,8295.43724694207,8855.02110665485,7197.54124677223,7545.13191600945
74257.8358225286,0.644039354847178,0.138064856443041,-0.418275932966337,-0.62545715178942,2354.55395335125,1223.355516084,6279.10456012229,8295.58495257358,8857.22239289643,7195.61190360798,7544.41728242947
74279.0358898542,0.642344247766898,0.145744544164675,-0.410782989888057,-0.63040441815206,2254.56418027736,1109.06104175796,6337.60754076978,8295.55953524947,8859.3287434077,7193.79979777949,7543.86725834147
74300.2359571798,0.640558075506172,0.153401518437774,-0.403233489784028,-0.635260638448038,2153.30580701198,994.142517236051,6392.53430007788,8295.36090244032,8861.33906409691,7192.10585387756,7543.48225213624
74321.4360245054,0.638681182835715,0.161034628704463,-0.395628626713656,-0.640025143860969,2050.83637376935,878.664865198328,6443.85552527473,8294.98907176192,8863.25227627857,7190.53096628,7543.26257415868
74342.636091831,0.636713930305435,0.16864273143018,-0.387969602066653,-0.644697283973662,1947.21406011039,762.693267383612,6491.54400193229,8294.4441725647,8865.06732433834,7189.07599203845,7543.20843353077
74363.8361591566,0.634656694049855,0.17622469037409,-0.380257624194456,-0.649276426833943,1842.4976490683,646.293125369304,6535.57462570214,8293.72644736397,8866.78318311575,7187.74174405257,7543.31993516757
74385.0362264822,0.632509865587971,0.183779376852578,-0.372493908042326,-0.65376195901025,1736.7464910653,529.530021395658,6575.92441268401,8292.83625307466,8868.39886500339,7186.52898453945,7543.59707701611
74406.2362938078,0.630273851617766,0.191305669995734,-0.364679674782482,-0.658153285637117,1630.0204676464,412.469679259976,6612.57250843414,8291.7740620234,8869.91342676436,7185.43841880157,7544.03974753951
74427.4363611334,0.627949073805686,0.198802456996665,-0.356816151448581,-0.662449830450649,1522.37995505579,295.177925305498,6645.50019562174,8290.54046271748,8871.32597607131,7184.47068929369,7544.64772346223
74448.636428459,0.625535968571291,0.206268633353567,-0.348904570571891,-0.666651035814146,1413.88578768088,177.720649529133,6674.69090034229,8289.13616035753,8872.63567777338,7183.62636998589,7545.4206677859
74469.8364957846,0.62303498686739,0.213703103104435,-0.340946169819454,-0.670756362733989,1304.59922138859,60.1637668314919,6700.13019709743,8287.56197708666,8873.84175989818,7182.9059610172,7546.35812807998
74491.0365631102,0.620446593955909,0.221104779054345,-0.332942191634554,-0.674765290865957,1194.58189677798,-57.4268215679259,6721.80581245167,8285.81885197437,8874.94351939802,7182.30988363214,7547.45953504668
74512.2366304358,0.617771269047951,0.228472583264671,-0.324893883126823,-0.678677318423142,1083.89580237262,-174.985266528204,6739.70762737693,8283.90790898237,8875.94034360724,7181.83844890538,7548.72414108315
74533.4366977614,0.615009504591813,0.235805448319808,-0.31680249666315,-0.682491961793267,972.603237775944,-292.44580917552,6753.82767829626,8281.83135812802,8876.83193187153,7181.49149742113,7550.15022258855
74554.636765087,0.612161808248899,0.243102312929447,-0.308669285321812,-0.686208757062101,860.766776812094,-409.742818861773,6764.16015683903,8279.59077826966,8877.61791175759,7181.26905100344,7551.73659119037
74575.8368324126,0.609228700292765,0.250362126897418,-0.300495506937228,-0.689827258424548,748.449230674147,-526.810830873007,6770.70140831984,8277.18754803067,8878.29793141038,7181.17115409759,7553.4822140783
74597.0368997382,0.6062107140427,0.257583849998678,-0.292282422532797,-0.693347038558656,635.713611101577,-643.58458386771,6773.44992895431,8274.6231610958,8878.8717327684,7181.19775086329,7555.38593664892
74618.2369670638,0.603108395706005,0.264766451983364,-0.28403129581862,-0.696767688637084,522.623093607955,-759.999057025791,6772.4063618249,8271.89921884281,8879.33915441152,7181.348683994,7557.44648787127
74639.4370343894,0.599922304133234,0.271908912747334,-0.275743392852748,-0.700088818272432,409.240980779579,-875.989506889531,6767.57349161076,8269.01742892017,8879.70013584043,7181.62369126112,7559.66248032261
74660.637101715,0.596653010569797,0.279010222498334,-0.267419981709767,-0.703310055453337,295.630665665252,-991.491503878326,6758.95623809535,8265.97960382392,8879.95472165593,7182.02240215609,7562.03241024037
74681.8371690406,0.593301098405737,0.286069381914542,-0.259062332154039,-0.706431046472682,181.855595277021,-1106.44096845954,6746.56164846645,8262.787659391,8880.10306562831,7182.54433465315,7564.55465766269
74703.0372363662,0.589867162923935,0.293085402295463,-0.250671715317722,-0.70945145584814,67.9792342212351,-1220.77420695823,6730.39888842302,8259.44361323901,8880.14543467588,7183.18889207006,7567.22748662739
74724.2373036918,0.58635181104703,0.300057305705196,-0.242249403383755,-0.712370966235305,-45.9349715210674,-1334.42794698907,6710.47923210402,8255.9495831874,8880.08221277307,7183.95536000304,7570.04904539588
74745.4373710174,0.582755661083297,0.306984125108113,-0.233796669274005,-0.715189278333615,-159.823630645864,-1447.33937249407,6686.81605085409,8252.30778569738,8879.91390480939,7184.84290330978,7573.01736666565
74766.637438343,0.579079342471745,0.313864904497012,-0.225314786342735,-0.717906110785318,-273.623442391696,-1559.44615837026,6659.42480084168,8248.52053437051,8879.64114042121,7185.85056311435,7576.13036773279
74787.8375056686,0.575323495526674,0.320698699013791,-0.216805028075546,-0.720521200067696,-387.27123220118,-1670.6865046719,6628.32300954506,8244.59023854823,8879.26467781894,7186.97725380619,7579.38585056416
74809.0375729942,0.571488771181952,0.327484575062714,-0.208268667793946,-0.723034300378807,-500.703987160934,-1780.99917037194,6593.53026112214,8240.51940205773,8878.78540763312,7188.22176000437,7582.78150173578
74830.2376403198,0.567575830735135,0.33422161041669,-0.19970697836596,-0.725445183516807,-613.858891202693,-1890.32350666824,6555.06818067997,8236.31062224475,8878.20435682481,7189.58273342136,7586.31489211001
74851.4377076454,0.563585345591901,0.340908894315984,-0.191121231922359,-0.727753638753384,-726.673360048674,-1998.5994898199,6512.96041746021,8231.96658961666,8877.52269275307,7191.05868948501,7589.98347596262
74872.637774971,0.559517997011467,0.347545527557581,-0.182512699577206,-0.729959472702451,-839.085075884574,-2105.76775349989,6467.2326269568,8227.49008618696,8876.74172695719,7192.64800445822,7593.78459124216
74893.8378422966,0.55537447585127,0.354130622582438,-0.173882651158415,-0.732062509181028,-951.03202174383,-2211.76962065007,6417.91245198268,8222.88398579253,8875.86291942149,7194.34891178176,7597.71545807427
74915.0379096222,0.551155482313617,0.360663303552048,-0.165232354941543,-0.734062589066518,-1062.45251558704,-2316.54713482521,6365.02950270193,8218.15125446056,8874.8878828982,7196.15949836375,7601.77317720349
74936.2379769478,0.546861725693158,0.367142706419019,-0.156563077390586,-0.735959570148529,-1173.28524406073,-2420.043091013,6308.61533564473,8213.29495114447,8873.81838736769,7198.07770068893,7605.9547280885
74957.4380442734,0.542493924125661,0.373567978990987,-0.14787608290519,-0.737753326975859,-1283.46929591986,-2522.2010659171,6248.70343172196,8208.31822901304,8872.65636468247,7200.10130067211,7610.25696648804
74978.638111599,0.538052804338304,0.379938280987917,-0.139172633574289,-0.739443750698881,-1392.94419509864,-2622.96544769065,6185.32917325706,8203.22433736528,8871.40391341475,7202.22792122439,7614.67662147403
74999.8381789246,0.533539101401711,0.38625278409292,-0.13045398893624,-0.741030748907592,-1501.64993341468,-2722.28146510811,6118.5298200526,8198.01662424969,8870.0633039251,7204.45502150142,7619.21029180297
75021.0382462502,0.52895355848392,0.392510671996708,-0.121721405745482,-0.742514245465523,-1609.52700289139,-2820.09521616331,6048.3444845096,8192.69853987331,8868.63698366649,7206.77989180416,7623.85444157358
75042.2383135758,0.524296926606509,0.398711140435841,-0.112976137745756,-0.743894180339766,-1716.51642768401,-2916.35369608197,5974.8141058174,8187.27364089075,8867.12758273367,7209.19964810535,7628.6053950951
75063.4383809014,0.519569964403061,0.404853397224887,-0.104219435449912,-0.74517050942732,-1822.55979559483,-3011.00482473729,5897.98142323268,8181.74559567041,8865.53791966218,7211.71122617805,7633.45933088722
75084.638448227,0.514773437880186,0.410936662282648,-0.095452545926314,-0.746343204377983,-1927.5992891632,-3103.99747345738,5817.89094846606,8176.11819064105,8863.87100747388,7214.31137530737,7638.41227473037
75105.8385155526,0.509908120181298,0.416960167652593,-0.0866767125918252,-0.747412252414001,-2031.57771631643,-3195.28149121356,5734.58893719522,8170.39533782849,8862.13005995687,7216.99665157309,7643.46009168172
75127.0385828782,0.504974791353339,0.422923157517649,-0.0778931750113828,-0.748377656146681,-2134.43854056762,-3284.80773017893,5648.12335972358,8164.58108369874,8860.31849815595,7219.76341069849,7648.59847697182
75148.2386502038,0.499974238116672,0.428824888209477,-0.0691031687041119,-0.749239433390177,-2236.12591074685,-3372.52807064685,5558.5438708041,8158.67961942952,8858.43995703537,7222.60780047202,7653.82294569555
75169.4387175294,0.494907253638337,0.434664628212408,-0.0603079249559468,-0.749997616972637,-2336.58469025226,-3458.39544529912,5465.9017786478,8152.69529273752,8856.49829225787,7225.52575276173,7659.12882121301
75190.6387848551,0.489774637272452,0.440441658613748,-0.0515086709368042,-0.750652254283255,-2435.76048580789,-3542.36386281417,5370.25001313713,8146.63273877986,8854.49761484844,7228.51292923947,7664.51111841589
75211.8388521806,0.484577194368433,0.446155273138265,-0.0427066295341716,-0.751203407036183,-2533.59967571536,-3624.38843080571,5271.64309326451,8140.49748219613,8852.44244171721,7231.56447831753,7669.96401036522
75233.0389195062,0.479315736241619,0.451804775285998,-0.0339030173298523,-0.751651152753626,-2630.04943758656,-3704.42537808269,5170.13709381663,8134.29450868426,8850.33736627624,7234.675586643,7675.48208749754
75254.2389868319,0.473991079656338,0.457389482000536,-0.0250990468749895,-0.751995582438798,-2725.05777554509,-3782.43207622161,5065.78961132552,8128.02888744547,8848.18719756044,7237.84124360198,7681.05980910527
75275.4390541575,0.46860404674116,0.462908722410534,-0.0162959257036341,-0.752236801080296,-2818.57354688399,-3858.36706044274,4958.65972930781,8121.70593488899,8845.99699666726,7241.05617859779,7686.69136002098
75296.6391214831,0.463155464793727,0.468361837717289,-0.00749485612532082,-0.752374927501875,-2910.54648816814,-3932.19004978194,4848.80798281362,8115.33123582921,8843.77208080421,7244.31485338463,7692.37063236414
75317.8391888087,0.457646166083917,0.473748181162804,0.00130296492069561,-0.752410094161451,-3000.92724076928,-4003.86196655029,4736.2963223073,8108.91066972523,8841.51802681405,7247.61145385352,7698.09120335368
75339.0392561343,0.45207698766216,0.479067117994819,0.010096346004766,-0.752342446948063,-3089.66737582275,-4073.34495507404,4621.188076902,8102.45043935713,8839.24067306154,7250.93988267471,7703.84631166835
75360.2393234599,0.44644877117324,0.484318025427225,0.0188841013410244,-0.752172144977943,-3176.7194185945,-4140.60239970775,4503.54791697102,8095.9571018668,8836.9461191564,7254.29375324258,7709.62883257701
75381.4393907855,0.440762362675861,0.489500292595717,0.0276650509167465,-0.751899360389988,-3262.03687224796,-4205.59894211392,4383.44181615857,8089.43760206567,8834.64072289607,7257.66638544952,7715.43125210899
75402.6394581111,0.435018612468219,0.494613320508563,0.0364380206172337,-0.751524278140911,-3345.5742410001,-4268.30049780285,4260.93701281339,8082.89930781413,8832.33109369534,7261.05080393083,7721.2456406495
75423.8395254367,0.429218374919815,0.499656521992244,0.045201842346612,-0.751047095800443,-3427.28705265692,-4328.67427192668,4136.10197086866,8076.35004714985,8830.02408163976,7264.43973955567,7727.06362648817
75445.0395927623,0.423362508309695,0.504629321631685,0.0539553541449692,-0.750468023347004,-3507.13188051843,-4386.68877432241,4009.00634019212,8069.79814667991,8827.72676115714,7267.82563508851,7732.87637002367
75466.2396600879,0.41745187467127,0.50953115570466,0.0626974003022876,-0.749787282964342,-3585.06636464402,-4442.31383379863,3879.72091643046,8063.25247054832,8825.44640815127,7271.20065611046,7738.67453953805
75487.4397274135,0.411487339643736,0.514361472109867,0.0714268314696471,-0.749005108839785,-3661.04923246915,-4495.52061166153,3748.31760037235,8056.72245904075,8823.19046928735,7274.5567084667,7744.44828970351
75508.6397947391,0.405469772330044,0.519119730288076,0.0801425047681775,-0.748121746964851,-3735.04031876499,-4546.28161447609,3614.8693568549,8050.21816558675,8820.96652196934,7277.88546368971,7750.1872442737
75529.8398620647,0.399400045161165,0.523805401135624,0.0888432838962186,-0.747137454939145,-3807.00058493284,-4594.57070605881,3479.45017323819,8043.75029056302,8818.78222341781,7281.17839402759,7755.88048474054
75551.0399293903,0.393279033766179,0.52841796690945,0.0975280392350795,-0.746052501778652,-3876.89213762565,-4640.36311869881,3342.13501747314,8037.3302098885,8816.64524715877,7284.42681886974,7761.51654710031
75572.2399967159,0.387107616847413,0.532956921122811,0.106195647953681,-0.744867167729729,-3944.67824668958,-4683.63546360481,3202.99979578797,8030.96999593941,8814.56320519393,7287.62196448797,7767.08342925898
75593.4400640415,0.380886676059533,0.537421768430776,0.114844994112178,-0.743581744090339,-4010.32336241868,-4724.36574057567,3062.12131001866,8024.68242780791,8812.5435541694,7290.75503907268,7772.56861199901
75614.6401313671,0.374617095890987,0.541812024504695,0.123474968764405,-0.742196533040243,-4073.79313211645,-4762.53334689306,2919.57721460906,8018.48098740849,8810.59348402936,7293.81732500822,7777.95909679706
75635.8401986927,0.368299763545743,0.546127215894963,0.132084470058606,-0.740711847482072,-4135.05441595864,-4798.11908543502,2775.4459733064,8012.37983743064,8808.71978797748,7296.80029015501,7783.24146408557
75657.0402660183,0.361935568822686,0.550366879881777,0.140672403335432,-0.739128010895292,-4194.07530215166,-4831.10517201002,2629.80681557808,8006.39377670009,8806.92871311779,7299.69571954086,7788.40195573384
75678.2403333439,0.355525403989446,0.554530564314027,0.149237681221603,-0.737445357205066,-4250.82512138216,-4861.47524191125,2482.73969277548,8000.53816821271,8805.2257919579,7302.49586825508,7793.42658551377
75699.4404006695,0.349070163646899,0.558617827437258,0.157779223716886,-0.735664230667838,-4305.27446055317,-4889.21435569192,2334.32523407108,7994.82883503268,8803.61565607148,7305.19363543574,7798.30128102884
75720.6404679951,0.342570744580162,0.562628237712585,0.166295958271267,-0.733784985775033,-4357.39517580317,-4914.3090041623,2184.64470219454,7989.28191951221,8802.10183466315,7307.78275799661,7803.0120599233
75741.8405353207,0.336028045591722,0.566561373629719,0.174786819848361,-0.731807987175537,-4407.1604048048,-4936.74711261037,2033.77994899398,7983.91370200887,8800.68654255492,7310.2580211347,7807.54524205739
75763.0406026463,0.329442967312502,0.570416823518727,0.183250750970338,-0.729733609616513,-4454.54457834049,-4956.51804424803,1881.81337084826,7978.74037657228,8799.37046417695,7312.61548070224,7811.88769764994
75784.2406699719,0.322816411987438,0.574194185366753,0.191686701739128,-0.727562237900609,-4499.5234311526,-4973.61260288538,1728.82786395623,7973.77778304034,8798.15254239255,7314.85269028572,7816.02712910269
75805.4407372975,0.316149283233439,0.577893066647486,0.200093629828428,-0.725294266855758,-4542.07401206677,-4988.02303483663,1574.90677952863,7969.0410976808,8797.02978324408,7316.96892344127,7819.9523813449
75826.6408046231,0.309442485769814,0.58151308417251,0.208470500441486,-0.722930101311634,-4582.17469338695,-4999.74303006089,1420.13387890847,7964.54448790586,8795.99708971652,7318.96537920802,7823.6537721724
75847.8408719487,0.302696925124111,0.58505386397437,0.216816286230699,-0.720470156074626,-4619.8051795617,-5008.76772254238,1264.59328864518,7960.30074053495,8795.04713905317,7320.84535705524,7827.12343042013
75869.0409392743,0.295913507320043,0.588515041231552,0.225129967176887,-0.717914855890801,-4654.94651512166,-5015.09368991469,1108.36945554797,7956.32087746351,8794.17031869121,7322.61438611282,7830.35562609818
75890.2410065999,0.289093138557331,0.591896260241799,0.233410530429999,-0.715264635386953,-4687.58109188858,-5018.71895233424,951.547101743576,7952.61377625427,8793.35473497762,7324.28029355764,7833.34707394498
75911.4410739255,0.282236724898218,0.595197174451524,0.241656970114831,-0.712519938976145,-4717.69265545689,-5019.64297060889,794.211179762949,7949.18581604421,8792.58630628932,7325.85319855092,7836.09719030799
75932.6411412511,0.275345171977999,0.598417446543086,0.249868287110259,-0.709681220716629,-4745.26631094939,-5017.86664358762,636.446827681836,7946.04057370899,8791.84894863512,7327.34542014573,7838.60828067995
75953.8412085767,0.268419384757247,0.601556748573069,0.258043488815688,-0.706748944118466,-4770.28852804898,-5013.39230481832,478.339324339214,7943.17859199433,8791.1248552917,7328.77129359439,7840.88563985462
75975.0412759023,0.261460267334366,0.604614762153644,0.266181588919548,-0.703723581892492,-4792.74714530895,-5006.22371848053,319.974044657677,7940.59724089954,8790.39486546858,7330.1468949749,7842.93754903499
75996.2413432279,0.25446872283328,0.607591178660832,0.274281607187449,-0.70060561564393,-4812.63137374493,-4996.36607460097,161.436415089287,7938.29068848222,8789.63890941745,7331.48968130766,7844.7751607118
76017.4414105535,0.247445653375783,0.610485699449478,0.28234256928715,-0.697395535518722,-4829.93179971188,-4983.82598355975,2.81186921007989,7936.24999025847,8788.83651028817,7332.81806057323,7846.41226999098
76038.6414778791,0.240391960140815,0.613298036052355,0.290363506664955,-0.694093839816499,-4844.64038707028,-4968.61146989574,-155.81419651399,7934.46329780773,8787.96731728813,7334.15091246181,7847.86497975769
76059.8415452047,0.233308543504742,0.616027910341197,0.298343456483627,-0.690701034588595,-4856.75047864577,-4950.73196542003,-314.356466767354,7932.9161780248,8787.0116411919,7335.50708538216,7849.15127557098
76081.0416125303,0.226196303248935,0.618675054630658,0.306281461625811,-0.687217633241919,-4866.25679698728,-4930.19830164655,-472.7297512095,7931.59202584967,8785.95096254898,7336.90489752656,7850.29053337116
76102.2416798559,0.219056138814711,0.621239211711873,0.314176570760362,-0.683644156169319,-4873.15544442901,-4907.02270154959,-630.84902806263,7930.47254636314,8784.76838520334,7338.36166928692,7851.30298800376
76123.4417471815,0.211888949582027,0.623720134809539,0.322027838462762,-0.679981130424365,-4877.44390246197,-4881.21877065808,-788.629487441432,7929.53827772469,8783.449012655,7339.89331113182,7852.20919261634
76144.6418145071,0.204695635147701,0.626117587464122,0.329834325375979,-0.676229089453685,-4879.12103042118,-4852.80148749685,-945.986574404599,7928.76912499324,8781.9802316487,7341.51398568727,7853.02949802844
76165.8418818327,0.197477095581169,0.628431343347722,0.337595098395318,-0.672388572894021,-4878.18706349533,-4821.78719338556,-1102.8360317083,7928.14487638406,8780.3518952039,7343.2358560156,7853.78357753003
76187.0419491583,0.190234231640419,0.630661186027377,0.345309230860158,-0.668460126434993,-4874.64361006564,-4788.19358160589,-1259.09394224235,7927.64567751038,8778.55640508258,7345.06892488956,7854.49001692085
76208.2420164839,0.182967944936661,0.632806908692652,0.352975802736918,-0.664444301742993,-4868.4936483813,-4752.0396859483,-1414.67677113039,7927.25244487592,8776.58870053588,7347.02096309717,7855.16598285492
76229.4420838095,0.175679138042629,0.634868313865111,0.360593900780471,-0.660341656437479,-4859.74152257907,-4713.34586864965,-1569.50140747607,7926.94720643054,8774.44616544702,7349.09751918231,7855.82697561891
76250.6421511351,0.168368714545152,0.63684521310602,0.368162618665095,-0.656152754108386,-4848.39293805518,-4672.13380773304,-1723.4852057376,7926.71336352509,8772.12846938611,7351.30199894816,7856.48666613432
76271.8422184607,0.161037579047207,0.638737426735999,0.375681057079971,-0.651878164362456,-4834.45495619744,-4628.42648376179,-1876.54602671401,7926.53587442333,8769.6373596108,7353.63580066049,7857.15681178528
76293.0422857863,0.153686637127758,0.640544783576843,0.383148323787964,-0.647518462886835,-4817.93598848638,-4582.24816601938,-2028.60227812667,7926.40136420081,8766.97642091746,7356.09849108079,7857.84724192494
76314.2423531119,0.146316795269283,0.642267120722141,0.390563533649382,-0.643074231519756,-4798.84578997414,-4533.62439812733,-2179.57295478064,7926.29816918444,8764.15081885495,7358.68800795852,7858.56590164815
76335.4424204375,0.138928960763143,0.643904283339908,0.397925808614497,-0.638546058320221,-4777.19545214996,-4482.58198311316,-2329.3776782907,7926.21632607018,8761.1670395867,7361.40087605907,7859.31894149707
76356.6424877631,0.131524041602283,0.6454561245077,0.405234277689905,-0.633934537630852,-4752.99739520163,-4429.1489679408,-2477.93673635789,7926.14751665699,8758.03263704039,7364.23242583007,7860.11084093354
76377.8425550887,0.124102946369411,0.646922505078573,0.412488076884291,-0.629240270130253,-4726.26535968229,-4373.35462751558,-2625.17112158262,7926.08497899606,8754.7559952585,7367.17700608291,7860.94455436722
76399.0426224143,0.11666658412716,0.648303293574903,0.419686349139057,-0.624463862873076,-4697.01439759211,-4315.22944817627,-2771.00256980162,7926.02339494352,8751.34611130709,7370.22818433154,7861.82166997492
76420.2426897399,0.109215864315058,0.649598366106321,0.42682824424886,-0.619605929317456,-4665.26086288449,-4254.80511068648,-2915.35359793594,7925.95876287771,8747.81240187216,7373.37893050671,7862.74257323126
76441.4427570656,0.101751696656556,0.650807606307814,0.43391291877635,-0.614667089340559,-4631.02240140679,-4192.11447273789,-3058.14754133851,7925.88826291368,8744.16453484849,7376.6217815457,7863.7066087922
76462.6428243912,0.0942749910780185,0.651930905294129,0.440939535964623,-0.609647969243661,-4594.31794028533,-4127.19155097755,-3199.30859062991,7925.81012048359,8740.41228582118,7379.94898580072,7864.71223599632
76483.8428917167,0.0867866576404989,0.652968161627002,0.447907265650139,-0.604549201748592,-4555.16767676465,-4060.07150257161,-3338.76182801188,7925.72347276609,8736.56541832751,7383.35262731312,7865.75717468577
76505.0429590424,0.0792876064843128,0.653919281292212,0.454815284178102,-0.599371425987474,-4513.59306651132,-3990.79060631781,-3476.43326304868,7925.62824121073,8732.63358611536,7386.82473079456,7866.83853926057
76526.243026368,0.0717787477858572,0.654784177683976,0.461662774321706,-0.594115287487706,-4469.61681139198,-3919.38624331866,-3612.24986790685,7925.52501235019,8728.62625522252,7390.35734868366,7867.95295985674
76547.4430936936,0.0642609917257492,0.655562771594732,0.468448925206164,-0.588781438153961,-4423.26284673599,-3845.89687722771,-3746.13961204486,7925.41492823139,8724.55264352642,7393.94263195782,7869.09669029241
76568.6431610192,0.0567352484671612,0.656254991208826,0.47517293223801,-0.583370536248793,-4374.55632809266,-3770.36203408045,-3878.0314963442,7925.29958711816,8720.42167539819,7397.57288652441,7870.26570298254
76589.8432283448,0.049202428143138,0.656860772099023,0.481833997039933,-0.577883246373189,-4323.52361749298,-3692.8222817219,-4007.85558667459,7925.18095460468,8716.24194918978,7401.24061703659,7871.45577141055
76611.0432956704,0.041663440851686,0.657380057225107,0.488431327391149,-0.57232023944819,-4270.19226922593,-3613.31920884237,-4135.54304688607,7925.06128490559,8712.02171544761,7404.9385599153,7872.66254099776
76632.243362996,0.0341191966574778,0.657812796934113,0.494964137173215,-0.566682192698467,-4214.59101513928,-3531.89540363287,-4261.02617122159,7924.9430518328,8707.76886395111,7408.65970723953,7873.88158935702
76653.4434303216,0.0265706056907992,0.658158949064791,0.501431646316116,-0.560969789517995,-4156.74974947441,-3448.59443207134,-4384.23841614394,7924.82893876615,8703.49092935934,7412.39730376257,7875.10843296743
76674.6434976472,0.0190185779390491,0.658418478697721,0.50783308076991,-0.555183719752567,-4096.69951324516,-3363.46081585082,-4505.11443157156,7924.72175723562,8699.19508561442,7416.14486715295,7876.33859520408
76695.8435649728,0.0114640233773292,0.658591358298581,0.514167672453143,-0.549324679535293,-4034.47247817002,-3276.54000996021,-4623.59009151815,7924.62431140038,8694.88812909541,7419.89622832215,7877.56772147589
76717.0436322984,0.003907852050265,0.658677567791429,0.520434659216985,-0.543393371202135,-3970.10193016703,-3187.87837992832,-4739.60252413147,7924.53943303778,8690.57650180732,7423.64550528329,7878.79154387747
76738.243699624,-0.00364902595573011,0.658677094510204,0.52663328481853,-0.537390503357117,-3903.62225242067,-3097.52317874138,-4853.09014112699,7924.46994874649,8686.26630124963,7427.38710128399,7880.00590487581
76759.4437669496,-0.0112057004909002,0.658589933206432,0.532762798894979,-0.531316790878326,-3835.0689080298,-3005.52252344405,-4963.99266661267,7924.41865358205,8681.96329240935,7431.11569995961,7881.20677509612
76780.6438342752,-0.0187612613182697,0.658416086060032,0.538822456941869,-0.525172954926531,-3764.47842224531,-2911.92537143384,-5072.25116530126,7924.38828931164,8677.6729209775,7434.82625859554,7882.39026696405
76801.8439016008,-0.0263147980888857,0.658155562692253,0.544811520295242,-0.518959722957738,-3691.88836430621,-2816.78149645814,-5177.80807010708,7924.38152663477,8673.40032730876,7438.51400001975,7883.55264488505
76823.0439689264,-0.0338654003165662,0.657808380180933,0.550729256117716,-0.512677828739612,-3617.33732888252,-2720.14146432328,-5280.60720912431,7924.40095082352,8669.1503607524,7442.17440353626,7884.69033252069
76844.244036252,-0.0414121573524679,0.657374563078245,0.556574937388369,-0.506328012371659,-3540.86491713304,-2622.05660832442,-5380.5938319842,7924.44905029673,8664.92759406507,7445.80319523163,7885.79991764716
76865.4441035776,-0.0489541583597537,0.656854143431088,0.562347842896429,-0.499911020309048,-3462.51171738599,-2522.57900440475,-5477.71463558889,7924.52820769797,8660.73633768285,7449.39633791969,7886.87815501543
76886.6441709032,-0.0564904922886076,0.656247160804291,0.56804725723875,-0.49342760538992,-3382.31928545008,-2421.7614460525,-5571.9177892196,7924.64069309987,8656.58065368581,7452.95002093436,7887.92196757213
76907.8442382288,-0.0640202478518214,0.655553662306738,0.573672470821095,-0.486878526866029,-3300.33012456335,-2319.65741894353,-5663.1529590172,7924.78865900555,8652.46436933299,7456.46064993357,7888.92844634771
76929.0443055544,-0.0715425135011536,0.65477370262053,0.579222779863249,-0.480264550436558,-3216.58766498707,-2216.32107533729,-5751.37133183339,7924.97413686096,8648.39109008225,7459.92483683987,7889.89484927147
76950.24437288,-0.0790563774046538,0.653907344033297,0.584697486407995,-0.473586448284941,-3131.13624325126,-2111.80720823353,-5836.52563845055,7925.19903483116,8644.36421203836,7463.3393900108,7890.81859913263
76971.4444402056,-0.0865609274251243,0.652954656473714,0.590095898334025,-0.466844999118504,-3044.02108105859,-2006.17122529671,-5918.57017616872,7925.46513662786,8640.3869337955,7466.70130470768,7891.69728087152
76992.6445075312,-0.0940552510998919,0.6519157175503,0.595417329372831,-0.460040988210767,-2955.28826385289,-1899.46912255499,-5997.46083075791,7925.77410120608,8636.46226765839,7470.0077539103,7892.52863835454
77013.8445748568,-0.101538435622048,0.650790612593548,0.600661099129637,-0.453175207446213,-2864.98471905817,-1791.75745788036,-6073.15509777428,7926.12746317441,8632.5930502402,7473.25607950837,7893.31057076028
77035.0446421824,-0.109009567823309,0.649579434701414,0.605826533108468,-0.446248455367345,-2773.15819399397,-1683.0933242559,-6145.61210323811,7926.52663378645,8628.78195244551,7476.44378388805,7894.04112868277
77056.244709508,-0.116467734158665,0.648282284788193,0.610912962741403,-0.43926153722386,-2679.85723347241,-1573.53432283627,-6214.7926236723,7926.97290240149,8625.03148885505,7479.56852192083,7894.71851003803
77077.4447768336,-0.123912020692942,0.646899271636787,0.615919725422111,-0.432215265023735,-2585.13115708218,-1463.13853580714,-6280.65910549899,7927.4674383193,8621.34402653397,7482.62809335479,7895.34105584501
77098.6448441592,-0.131341513089454,0.645430511954377,0.620846164543731,-0.425110457586051,-2489.03003616429,-1351.96449904883,-6343.1756837927,7928.01129290992,8617.72179329009,7485.62043560116,7895.90724593774
77119.8449114848,-0.138755296600862,0.643876130431466,0.625691629541185,-0.417947940595363,-2391.60467048428,-1240.07117460948,-6402.30820038754,7928.60540197094,8614.16688541036,7488.54361690552,7896.41569465496
77141.0449788104,-0.146152456062421,0.642236259804288,0.630455475937991,-0.410728546657428,-2292.90656460522,-1127.51792299272,-6458.02422133617,7929.25058825721,8610.68127490657,7491.39582988867,7896.86514654314
77162.245046136,-0.153532075887723,0.640511040920543,0.635137065397664,-0.403453115356087,-2192.98790396583,-1014.36447526458,-6510.293053718,7929.94756413618,8607.26681630073,7494.17538543995,7897.25447210153
77183.4451134616,-0.160893240067111,0.638700622808429,0.639735765779755,-0.396122493311126,-2091.90153066737,-900.670904984252,-6559.08576179356,7930.69693433106,8603.92525298217,7496.88070694456,7897.58266359092
77204.6451807872,-0.168235032168889,0.636805162748904,0.644250951200615,-0.388737534236891,-1989.70091897336,-786.497599963151,-6604.37518250191,7931.49919872046,8600.65822316692,7499.51032482452,7897.84883092204
77225.8452481128,-0.17555653534349,0.634824826351133,0.648682002098946,-0.381299099001487,-1886.44015052534,-671.905233856597,-6646.13594029769,7932.35475516889,8597.46726549026,7502.06287137284,7898.05219763552
77247.0453154384,-0.182856832330727,0.632759787631057,0.653028305306188,-0.373808055686337,-1782.17388927826,-556.954737592244,-6684.34446132379,7933.26390236817,8594.35382426196,7504.53707586013,7898.19209698078
77268.245382764,-0.190135005470283,0.630610229092997,0.657289254121807,-0.366265279645902,-1676.95735615859,-441.707270639396,-6718.9789869155,7934.22684267326,8591.31925441308,7506.93175989249,7898.26796809852
77289.4454500896,-0.197390136715572,0.62837634181423,0.661464248393538,-0.358671653567361,-1570.8463034482,-326.224192123217,-6750.01958643159,7935.24368492023,8588.36482616197,7509.24583299999,7898.27935230884
77310.6455174152,-0.204621307651131,0.626058325532434,0.665552694602614,-0.351028067530028,-1463.89698889703,-210.567031787826,-6777.44816940702,7936.314447217,8585.49172942616,7511.47828843534,7898.22588950454
77331.8455847408,-0.211827599513655,0.623656388735914,0.669554005954038,-0.343335419064305,-1356.16614956726,-94.7974608122482,-6801.2484970221,7937.4390597,8582.70107800572,7513.62819916256,7898.10731464756
77353.0456520664,-0.219008093216831,0.621170748756505,0.673467602471918,-0.335594613209952,-1247.71097541195,21.0227375167746,-6821.40619288196,7938.61736725254,8579.99391356229,7515.69471401601,7897.92345436508
77374.245719392,-0.226161869380119,0.618601631865045,0.677292911099896,-0.32780656257345,-1138.58908259067,136.831697271083,-6837.90875309996,7939.84913218223,8577.37120941801,7517.67705401029,7897.6742236401
77395.4457867176,-0.233288008361575,0.615949273369296,0.681029365806695,-0.319972187384242,-1028.85848652513,252.567499482378,-6850.74555567821,7941.13403685682,8574.8338741959,7519.57450878257,7897.35962259084
77416.6458540432,-0.240385590294891,0.613213917714195,0.684676407696792,-0.312092415549629,-918.577574697199,368.168201874245,-6859.90786917771,7942.47168629931,8572.38275532446,7521.38643314834,7896.97973333176
77437.8459213688,-0.247453695130758,0.610395818584301,0.688233485126227,-0.304168182708092,-807.805079192477,483.571868720554,-6865.38886067029,7943.86161074439,8570.01864242672,7523.11224375289,7896.53471690839
77459.0459886944,-0.254491402682679,0.607495239008308,0.691700053823547,-0.296200432280819,-696.600048991984,598.716600825674,-6867.18360296386,7945.30326815987,8567.74227061449,7524.75141580026,7896.02481029742
77480.24605602,-0.261497792677365,0.604512451465475,0.695075577015873,-0.288190115521193,-585.021822015134,713.540565621735,-6865.28908109225,7946.79604673739,8565.55432370746,7526.30347984228,7895.45032346272
77501.4461233456,-0.26847194480982,0.601447737993825,0.698359525560079,-0.280138191562033,-473.129996917008,827.982027377945,-6859.70419805985,7948.33926735856,8563.45543739649,7527.76801860978,7894.81163645693
77522.6461906712,-0.275412938803247,0.598301390299952,0.701551378079054,-0.272045627460327,-360.984404643284,941.979377516642,-6850.42977983158,7949.93218604305,8561.44620237022,7529.14466386873,7894.10919655788
77543.8462579968,-0.28231985447387,0.595073709870293,0.704650621103018,-0.263913398239252,-248.645079746282,1055.47116503052,-6837.46857955739,7951.57399638702,8559.52716742374,7530.4330932833,7893.34351542807
77565.0463253224,-0.289191771800784,0.591765008083668,0.707656749215849,-0.255742486927216,-136.172231465903,1168.39612699502,-6820.82528102046,7953.26383200071,8557.6988425681,7531.63302726824,7892.51516628445
77586.246392648,-0.296027771000942,0.588375606324933,0.710569265206377,-0.247533884593707,-23.6262145794814,1280.69321916967,-6800.50650129787,7955.00076895607,8555.96170215931,7532.74422581244,7891.62478106497
77607.4464599736,-0.302826932609362,0.584905836099567,0.713387680224579,-0.239288590381708,88.9324999750988,1392.30164668142,-6776.52079262164,7956.78382825589,8554.31618806585,7533.7664852548,7890.67304757721
77628.6465272993,-0.309588337564655,0.581356039148986,0.71611151394262,-0.231007611536428,201.44335469833,1503.16089478307,-6748.87864342789,7958.61197833798,8552.76271289356,7534.69963499382,7889.66070661303
77649.8465946248,-0.31631106729995,0.577726567566416,0.718740294720651,-0.222691963430129,313.84573534495,1613.21075967877,-6717.59247858164,7960.48413762925,8551.30166328759,7535.54353411069,7888.58854901191
77671.0466619504,-0.322994203839302,0.57401778391311,0.721273559777299,-0.2143426695828,426.079000951259,1722.39137940875,-6682.67665876367,7962.39917716657,8549.9334033311,7536.29806788572,7887.45741265412
77692.2467292761,-0.329636829899642,0.570230061334708,0.723710855364741,-0.205960761678445,538.082514067888,1830.64326478425,-6644.14747900644,7964.35592330318,8548.65827806121,7536.96314418663,7886.26817936285
77713.4467966017,-0.336238028998349,0.56636378367754,0.726051736948263,-0.197547279576754,649.795671191581,1937.90733036352,-6602.02316636496,7966.35316052188,8547.4766171232,7537.53868970625,7885.02177169265
77734.6468639272,-0.342796885566488,0.562419345604637,0.728295769390207,-0.189103271319915,761.157933388973,2044.12492545894,-6556.3238767086,7968.3896343788,8546.38873858471,7538.02464602622,7883.719149579
77755.8469312529,-0.349312485067758,0.558397152711254,0.73044252713817,-0.180629793134341,872.108857104812,2149.23786516464,-6507.0716906195,7970.46405460459,8545.39495293237,7538.42096548199,7882.36130682135
77777.0469985785,-0.355783914123208,0.554297621639654,0.732491594417339,-0.172127909427082,982.588125146481,2253.18846139356,-6454.29060838306,7972.57509839295,8544.49556727405,7538.72760680298,7880.9492673691
77798.2470659041,-0.362210260641731,0.550121180192943,0.734442565426821,-0.163598692776694,1092.53557783602,2355.91955391192,-6398.00654405566,7974.72141391051,8543.69088977088,7538.94453050068,7879.48408137647
77819.4471332297,-0.368590613956379,0.545868267447705,0.736295044539828,-0.15504322391834,1201.89124432021,2457.37454135867,-6338.24731859495,7976.90162406608,8542.98123432357,7539.07169397586,7877.96682098891
77840.6472005553,-0.374924064966493,0.541539333865198,0.738048646507564,-0.14646259172291,1310.59537402865,2557.49741223648,-6275.04265203774,7979.11433058219,8542.36692553851,7539.10904631457,7876.39857581915
77861.8472678809,-0.381209706285657,0.537134841400871,0.739702996666642,-0.137857893169937,1418.58846826886,2656.2327758604,-6208.42415471049,7981.35811841683,8541.84830399948,7539.05652274159,7874.78044806688
77883.0473352065,-0.387446632395484,0.532655263611941,0.741257731149885,-0.129230233314104,1525.81131194701,2753.5258932492,-6138.4253174579,7983.63156058984,8541.4257318708,7538.91403869847,7873.11354723087
77904.2474025321,-0.393633939805185,0.528101085762774,0.742712497100314,-0.120580725245135,1632.20500540172,2849.32270794402,-6065.08150087445,7985.93322347423,8541.09959885801,7538.68148351259,7871.39898435688
77925.4474698577,-0.399770727216933,0.52347280492781,0.744066952888155,-0.111910490040884,1737.71099633809,2943.56987673793,-5988.42992352481,7988.26167262043,8540.87032855107,7538.35871362268,7869.63786575887
77946.6475371833,-0.405856095696948,0.518770930091757,0.745320768330667,-0.103220656713413,1842.27111184768,3036.21480029924,-5908.50964913845,7990.61547918941,8540.73838517402,7537.94554532662,7867.83128614474
77967.8476045089,-0.411889148852277,0.51399598224678,0.746473624914598,-0.0945123621478905,1945.82759050006,3127.20565367075,-5825.36157276485,7992.99322707894,8540.70428076246,7537.44174701757,7865.9803210708
77989.0476718345,-0.417868993013203,0.509148494486406,0.747525216021081,-0.0857867510341443,2048.32311449004,3216.49141662622,-5739.02840587547,7995.39352083676,8540.76858278712,7536.8470308763,7864.08601864283
78010.2477391601,-0.423794737421213,0.504229012095845,0.748475247152733,-0.0770449757906914,2149.70084182444,3304.02190386464,-5649.55466039961,7997.81499446429,8540.93192223638,7536.16104399041,7862.14939037347
78031.4478064857,-0.429665494422444,0.499238092638443,0.749323436162785,-0.0682881964811124,2249.90443853085,3389.74779502196,-5556.98663168144,8000.25632122459,8541.19500216388,7535.38335887593,7860.17140109962
78052.6478738113,-0.435480379666439,0.494176306037949,0.750069513486046,-0.0595175807225704,2348.87811087049,3473.62066447943,-5461.37238034636,8002.71622460526,8541.55860670355,7534.51346337361,7858.15295783307
78073.8479411369,-0.441238512310412,0.489044234656263,0.750713222371333,-0.0507343035865614,2446.56663753608,3555.59301094664,-5362.76171306543,8005.19349055756,8542.02361053409,7533.55074991647,7856.09489744617
78095.0480084625,-0.446939015228713,0.483842473366371,0.751254319115236,-0.0419395474916468,2542.91540181484,3635.61828679686,-5261.20616220738,8007.68698095497,8542.59098871533,7532.49450425065,7853.99797325562
78116.2480757881,-0.452581015226958,0.47857162962012,0.75169257329727,-0.0331345020878233,2637.87042369604,3713.65092713142,-5156.75896436857,8010.19564883895,8543.26182693233,7531.34389347811,7851.86284002402
78137.4481431137,-0.458163643261541,0.473232323510445,0.752027768015686,-0.0243203641330128,2731.37839190145,3789.6463785493,-5049.47503777221,8012.7185553112,8544.03733200375,7530.09795357936,7849.69003752518
78158.6482104393,-0.463686034164183,0.46782518783295,0.752259700435115,-0.015498337053659,2823.38669581645,3863.5611275972,-4939.41095852917,8015.25502231396,8544.91887172398,7528.75552602996,7847.47985502764
78179.8482777649,-0.469147327011376,0.46235086810264,0.75238818195552,-0.00666963091061791,2913.84345729851,3935.35272887507,-4826.62493575373,8017.80519088423,8545.90810794594,7527.31503806581,7845.23183843478
78201.0483450905,-0.474546667770802,0.456810022613505,0.752413036921963,0.00216453628882717,3002.69756233911,4004.97983277114,-4711.1767855288,8020.36872348233,8547.00672580871,7525.77498029665,7842.94592537658
78222.2484124161,-0.479883206358108,0.451203322516572,0.752334104837193,0.011002940710826,3089.89869255449,4072.40221280021,-4593.12790371632,8022.9453790032,8548.21655436666,7524.13369389614,7840.62194267372
78243.4484797417,-0.48515609794301,0.445531451819141,0.75215123994757,0.019844352193312,3175.39735647952,4137.58079251824,-4472.54123761008,8025.5351425612,8549.53959614035,7522.38932105001,7838.2594918007
78264.6485470673,-0.490364503260922,0.439795107405098,0.751864311438902,0.0286875343784271,3259.14492063869,4200.47767198588,-4349.48125642921,8028.13825351752,8550.97803453632,7520.53979346902,7835.8579237615
78285.8486143929,-0.495507588866258,0.433994999047274,0.751473203670517,0.0375312448910888,3341.09364036722,4261.05615375318,-4224.01392065237,8030.75523794017,8552.5342399165,7518.58282137009,7833.41631056905
78307.0486817185,-0.500584527389267,0.428131849410912,0.750977816408635,0.046374235525501,3421.1966903549,4319.28076833737,-4096.20665019399,8033.38694342535,8554.21077318292,7516.51588434391,7830.9334152806
78328.2487490441,-0.505594497797725,0.422206394047804,0.75037806505785,0.0552152524385581,3499.40819488446,4375.11729916507,-3966.12829142551,8036.0345759941,8556.01038605141,7514.33622491823,7828.40766100467
78349.4488163697,-0.510536685663793,0.416219381380707,0.749673880890132,0.0640530363497233,3575.6832577359,4428.53280695052,-3833.84908304623,8038.69973864207,8557.93601703784,7512.04084578646,7825.83709944212
78370.6488836953,-0.515410283436421,0.41017157267771,0.748865211270703,0.0728863227469227,3649.97799172759,4479.49565348059,-3699.44062081007,8041.38447089907,8559.99078201154,7509.62651186475,7823.21937974452
78391.8489510209,-0.52021449071978,0.404063742016303,0.747952019879974,0.081713842097956,3722.24954786454,4527.97552477769,-3562.97582111625,8044.09128847937,8562.17795799531,7507.08975854832,7820.55171874126
78413.0490183465,-0.524948514558356,0.39789667623708,0.746934286930571,0.0905343200669144,3792.45614406395,4573.94345361152,-3424.5288834737,8046.82322176674,8564.50095872392,7504.42690774992,7817.8308739039
78434.2490856721,-0.529611569729423,0.391671174887187,0.745812009378271,0.0993464777351149,3860.5570934275,4617.37184133044,-3284.17525185084,8049.58385147929,8566.9633003268,7501.63409350557,7815.053120781
78455.4491529977,-0.534202879043715,0.385388050153937,0.744585201125446,0.108149031826136,3926.5128320302,4658.23447898343,-3141.99157492424,8052.37733940142,8569.56855540102,7498.70729910323,7812.21423704008
78476.6492203233,-0.538721673655184,0.379048126789378,0.743253893215376,0.116940694934686,3990.28494619451,4696.50656770397,-2998.05566524148,8055.20845156411,8572.32029371679,7495.6424077982,7809.30949568068
78497.8492876489,-0.543167193380666,0.372652242027028,0.741818134015513,0.125720175759269,4051.83619921931,4732.16473832697,-2852.44645731565,8058.08257072539,8575.22200788939,7492.43526918617,7806.33367040482
78519.0493549745,-0.547538687030156,0.366201245492582,0.740277989387622,0.134486179338975,4111.13055753236,4765.18707021051,-2705.24396467066,8061.00569448712,8578.27702260344,7489.08178316159,7803.28105650676
78540.2494223001,-0.551835412747717,0.359695999110858,0.738633542842795,0.14323740729537,4168.13321623555,4795.5531092345,-2556.52923585856,8063.98441504967,8581.48838646459,7485.57800299695,7800.14551081856
78561.4494896257,-0.556056638363992,0.353137377012217,0.736884895678275,0.151972558080349,4222.81062401187,4823.24388494867,-2406.38430947208,8067.02587622549,8584.85874626481,7481.92025849102,7796.92051441081
78582.6495569513,-0.560201641759132,0.346526265442003,0.735032167094182,0.160690327232298,4275.13050736347,4848.24192684296,-2254.89216817753,8070.13770224463,8588.39020424494,7478.1052995922,7793.59926248161
78603.8496242769,-0.564269711231631,0.339863562676407,0.73307549429049,0.169389407644709,4325.06189415036,4870.53127971407,-2102.13669179511,8073.32789608279,8592.08416092458,7474.13045851673,7790.17478278136
78625.0496916025,-0.568260145873717,0.333150178949689,0.731015032540511,0.178068489849181,4372.57513639945,4890.09751810233,-1948.20260945571,8076.60470279365,8595.94114709178,7469.99382784259,7786.64008556451
78646.2497589281,-0.572172255946371,0.326387036396115,0.728850955242861,0.186726262318321,4417.6419323542,4906.92775977432,-1793.17545086511,8079.97643620764,8599.96065077628,7465.69444950653,7782.98834518395
78667.4498262537,-0.576005363248053,0.319575069009621,0.726583453953585,0.195361411793251,4460.23534773576,4921.0106782269,-1637.14149670852,8083.45126922987,8604.14094702328,7461.23250747909,7779.21311145288
78688.6498935793,-0.579758801469448,0.312715222622474,0.724212738402255,0.203972623640508,4500.32983618646,4932.33651418985,-1480.1877282301,8087.03699069353,8608.4789402193,7456.60951464537,7775.30854621317
78709.8499609049,-0.583431916525508,0.30580845490186,0.72173903649795,0.21255858224245,4537.90125886793,4940.89708610481,-1322.40177602403,8090.74073502755,8612.97003027778,7451.82848241909,7771.26967746106
78731.0500282305,-0.587024066855847,0.298855735360301,0.719162594332978,0.221117971423709,4572.92690318625,4946.68579955972,-1163.87186807553,8094.56869460247,8617.60801482952,7446.89406022502,7767.09266019732
78752.2500955561,-0.590534623685422,0.291858045372356,0.71648367619361,0.229649474913909,4605.3855006174,4949.69765565871,-1004.6867770918,8098.52582813576,8622.3850393446,7441.81263157652,7762.77503028588
78773.4501628817,-0.593962971239539,0.28481637818676,0.71370256458769,0.238151776843737,4635.25724360757,4949.92925830887,-844.935767164598,8102.61558146343,8627.29160556937,7436.59235438603,7758.31593550061
78794.6502302073,-0.597308506910666,0.277731738920423,0.710819560298285,0.246623562267966,4662.5238015232,4947.37882040653,-684.708539807881,8106.83963876469,8632.31664567185,7431.24313558395,7753.71632710327
78815.8502975329,-0.600570641379013,0.2706051445193,0.707834982470425,0.255063517705653,4687.16833562715,4942.04616890702,-524.095179415172,8111.19772245663,8637.44766514887,7425.77653408452,7748.97909612266
78837.0503648585,-0.603748798693758,0.263437623671605,0.704749168734462,0.263470331684968,4709.17551305812,4933.93274876311,-363.186098183088,8115.68745813197,8642.67095221418,7420.20559135593,7744.10914119222
78858.2504321842,-0.606842416326527,0.256230216661266,0.701562475365027,0.271842695278719,4728.53151979198,4923.04162571913,-202.071980548586,8120.30431704604,8647.9718456548,7414.54459478669,7739.11335925866
78879.4504995098,-0.609850945154947,0.248983975130606,0.69827527751995,0.280179302637109,4745.22407256437,4909.37748794893,-40.8437271888679,8125.04165509107,8653.33505041402,7408.80878040425,7734.00054573463
78900.6505668354,-0.612773847842663,0.241699961090257,0.694887970925964,0.288478852035053,4759.24242973569,4892.94664652757,120.407601365967,8129.89165643904,8658.74516523829,7403.01368230035,7728.78049724141
78921.8506341609,-0.615610603897168,0.234379248631337,0.691400967697402,0.29674004456337,4770.57740108067,4873.75703472812,281.590841456369,8134.84430957823,8664.18677738098,7397.17522587584,7723.46484118611
78943.0507014866,-0.618360705366713,0.227022921767591,0.687814700378019,0.304961586096322,4779.22135648618,4851.81820613657,442.6147833009,8139.88754658317,8669.64476148987,7391.30942789914,7718.06685659666
78964.2507688122,-0.621023657772071,0.219632074279382,0.684129621449201,0.313142187338127,4785.16823354235,4827.14133157963,603.388228234778,8145.00803979473,8675.10468490347,7385.43188406372,7712.60072535391
78985.4508361378,-0.623598980635017,0.212207809388631,0.680346203173134,0.3212805640143,4788.41354401346,4799.73919486169,763.820046125728,8150.1915209829,8680.55306135292,7379.55747988293,7707.08121245282
79006.6509034634,-0.626086207719772,0.204751239292179,0.67646493768127,0.329375437152297,4788.95437917692,4769.62618730894,923.819232912804,8155.42311904163,8685.9775507053,7373.70014793099,7701.52334246806
79027.850970789,-0.628484887306548,0.19726348470159,0.672486337017684,0.337425533348025,4786.78941401977,4736.8183011206,1083.29496821334,8160.68768652664,8691.36709725407,7367.87268351422,7695.94209851035
79049.0510381146,-0.630794582493487,0.18974567440325,0.668410933131685,0.34542958502733,4781.91891028395,4701.33312152847,1242.1566729428,8165.97009934006,8696.71200669948,7362.08662138607,7690.35215668951
79070.2511054402,-0.633014871515614,0.182198944845797,0.664239277823045,0.353386330712251,4774.34471835334,4663.18981776817,1400.31406689198,8171.25551822589,8702.00396624329,7356.35217142742,7684.76766455071
79091.4511727658,-0.635145348069294,0.174624439757738,0.659971942645764,0.361294515299648,4764.07027797694,4622.40913286689,1557.67722620598,8176.52960517721,8707.23601532342,7350.67820759032,7679.20206759154
79112.6512400914,-0.637185621631778,0.167023309794451,0.655609518777718,0.369152890357207,4751.10061782431,4579.0133722543,1714.15664070924,8181.77869202826,8712.40247637198,7345.07230196819,7673.66798409883
79133.851307417,-0.639135317767421,0.159396712211179,0.651152616863783,0.376960214439206,4735.44235387113,4533.0263912049,1869.66327102109,8186.98990203003,8717.49885567483,7339.54079459923,7668.17712546494
79155.0513747426,-0.640994078414388,0.151745810556893,0.64660186683955,0.384715253422228,4717.1036866143,4484.47358112181,2024.10860540656,8192.15122788363,8722.52172415034,7334.08888938014,7662.74025697651
79176.2514420682,-0.642761562147997,0.14407177438325,0.641957917741655,0.392416780859238,4696.09439711782,4433.38185467363,2177.40471630732,8197.2515714853,8727.468586915,7328.72076702552,7657.36719279713
79197.4515093938,-0.644437444418787,0.136375778962851,0.637221437509436,0.400063578349325,4672.42584189197,4379.77962979767,2329.46431649845,8202.28075159083,8732.33774913994,7323.43970709308,7652.0668183681
79218.6515767194,-0.646021417765045,0.128659005011617,0.632393112781291,0.407654435919753,4646.11094661058,4323.69681258421,2480.20081481698,8207.2294858807,8737.1281841592,7318.24821246103,7646.84713355899
79239.851644045,-0.647513192000627,0.120922638410921,0.62747364868785,0.415188152416777,4617.16419867213,4265.16477905851,2629.52837140909,8212.08935366989,8741.83940825608,7313.14813109486,7641.71531042907
79261.0517113706,-0.648912494379659,0.113167869926138,0.622463768643062,0.422663535901818,4585.60163861251,4204.21635587806,2777.3619524436,8216.8527449311,8746.47136514973,7308.1407713292,7636.67776024272
79282.2517786962,-0.650219069740057,0.105395894919217,0.617364214133507,0.430079404049845,4551.44085037866,4140.88579996475,2923.61738424027,8221.51280053234,8751.02432200357,7303.22700812793,7631.74020527919
79303.4518460218,-0.651432680627938,0.0976079130537631,0.612175744505699,0.437434584547313,4514.70095047381,4075.20877709245,3068.21140676249,8226.06334774913,8755.49877780709,7298.40737882305,7626.90775188472
79324.6519133474,-0.652553107404881,0.0898051279918696,0.606899136750781,0.444727915487385,4475.40257598668,4007.22233945221,3211.06172642517,8230.49883427928,8759.89538424263,7293.68216765923,7622.18496206641
79345.851980673,-0.653580148339833,0.0819887470824748,0.601535185285847,0.451958245760655,4433.5678715183,3936.96490221838,3352.08706816978,8234.81426322196,8764.21487861543,7289.05147909485,7617.57592167799
79367.0520479986,-0.654513619687208,0.0741599810414872,0.59608470173107,0.459124435439954,4389.22047502171,3864.47621914018,3491.20722675972,8239.00513080913,8768.45802807,7284.51530025603,7613.08430388358
79388.2521153242,-0.655353355752422,0.0663200436241991,0.590548514681826,0.46622535615817,4342.38550257103,3789.79735718444,3628.34311725085,8243.06736811284,8772.62558410216,7280.07355323517,7608.71342709984
79409.4521826498,-0.656099208945918,0.0584701512907104,0.584927469475109,0.473259891478273,4293.08953207769,3712.97067025635,3763.41682459337,8246.99728749159,8776.71824627229,7275.72613810333,7604.46630702137
79430.6522499754,-0.656751049826442,0.0506115228651901,0.579222427949621,0.48022693725496,4241.36058597302,3634.03977202579,3896.35165232259,8250.79153417971,8780.73663400159,7271.4729675902,7600.34570263639
79451.852317301,-0.657308767134164,0.0427453791898603,0.573434268199081,0.48712540198748,4187.2281128774,3553.04950788818,4027.07217029824,8254.44704314974,8784.68126536469,7267.3139944058,7596.35415636091
79473.0523846266,-0.657772267814093,0.0348729427745853,0.567563884318385,0.493954207163348,4130.72296827742,3470.04592608923,4155.50426145316,8257.96100117811,8788.55254185938,7263.24923215154,7592.49402856958
79494.2524519522,-0.658141477030053,0.0269954374429297,0.561612186142397,0.500712287592708,4071.87739423353,3385.07624804381,4281.5751675142,8261.33081390423,8792.35073822225,7259.27877071205,7588.76752689892
79515.4525192778,-0.658416338169469,0.0191140879755134,0.555580098977246,0.507398591733171,4010.72499814165,3298.1888378802,4405.21353365995,8264.55407758056,8796.07599645701,7255.40278694642,7585.1767307538
79536.6525866034,-0.658596812737623,0.0112301196567231,0.549468563445594,0.514012082007199,3947.30073057314,3209.43317124103,4526.34945208161,8267.62858399024,8799.72832988351,7251.62154038317,7581.72358607536
79557.852653929,-0.658682879214049,0.00334475682555017,0.543278536577594,0.52055173511014,3881.64086221832,3118.85980337318,4644.91450441519,8270.5531540099,8803.30782221355,7247.93504509672,7578.4091690396
79579.0527212546,-0.658674536855729,-0.00454077388167167,0.537010986919583,0.527016542243317,3813.78295995969,3026.5203365392,4760.84180301527,8273.32621901259,8806.81432586889,7244.34359506058,7575.23493011088
79600.2527885802,-0.658571802022056,-0.0124252472541132,0.530666898574874,0.533405509503812,3743.76586210143,2932.46738678308,4874.06603104225,8275.94593351051,8810.24748199815,7240.84772672366,7572.20259543992
79621.4528559058,-0.658374708983897,-0.0203074391109901,0.52424726990528,0.539717658117633,3671.62965278263,2836.75455008375,4984.52348133688,8278.41056304679,8813.60681057898,7237.44806803578,7569.31382538693
79642.6529232314,-0.658083310072073,-0.0281861264747722,0.517753112982578,0.545952024701606,3597.41563560214,2739.43636792958,5092.15209405796,8280.71846762013,8816.89171520757,7234.14533709686,7566.5702271185
79663.852990557,-0.65769767562333,-0.0360600879243704,0.511185453266025,0.552107661518806,3521.1663064835,2640.56829234768,5196.89149306084,8282.86809557023,8820.10149082276,7230.9403363362,7563.97335782212
79685.0530578826,-0.657217893913976,-0.0439281039497052,0.504545329278273,0.55818363672374,3442.92532580873,2540.2066504215,5298.6830209962,8284.85797945689,8823.23533209571,7227.83394572859,7561.52472612325
79706.2531252082,-0.656644071084757,-0.0517889573037926,0.497833792275688,0.564179034597202,3362.73748985012,2438.40860833036,5397.46977311072,8286.68673350429,8826.29234226318,7224.82711532594,7559.22579210887
79727.4531925338,-0.655976331057106,-0.0596414333518872,0.491051905913364,0.570092955770761,3280.64870152952,2335.23213494465,5493.19662973277,8288.35305236032,8829.27154225384,7221.92085728713,7557.07796619751
79748.6532598594,-0.655214815440886,-0.067484320417307,0.484200745905205,0.575924517440805,3196.7059405347,2230.73596500998,5585.81028742819,8289.85571094838,8832.17187998593,7219.11623755752,7555.08260706588
79769.853327185,-0.654359683433697,-0.0753164101235868,0.47728139967944,0.581672853572077,3110.95723282269,2124.97956195363,5675.25928881321,8291.19356521277,8834.99223973823,7216.41436732364,7553.24101881844
79791.0533945106,-0.653411111711899,-0.0831364977326354,0.470294966029964,0.587337115090683,3023.45161953977,2018.0230803463,5761.49405101285,8292.36555358029,8837.73145151593,7213.81639434665,7551.5544475631
79812.2534618362,-0.652369294313469,-0.0909433824785807,0.463242554763895,0.592916470066502,2934.23912538818,1909.92732805179,5844.46689275546,8293.37069898103,8840.38830034866,7211.32349426011,7550.02407753721
79833.4535291618,-0.651234442512851,-0.0987358678970087,0.456125286345731,0.598410103884974,2843.37072646927,1800.75372809706,5924.13206009498,8294.20811128933,8842.96153547151,7208.9368619019,7548.65102690911
79854.6535964874,-0.650006784687968,-0.106512762149322,0.448944291538499,0.603817219408263,2750.89831763287,1690.56428029447,6000.44575075488,8294.87699006278,8845.44987935045,7206.65770273765,7547.43634336501
79875.853663813,-0.648686566179563,-0.114272878341949,0.441700711042291,0.60913703712576,2656.87467936245,1579.42152264783,6073.36613708865,8295.37662747259,8847.85203652216,7204.48722442175,7546.38099957601
79897.0537311386,-0.647274049143068,-0.122015034840165,0.434395695130562,0.61436879529394,2561.35344422555,1467.38849257312,6142.85338765345,8295.70641133177,8850.16670222592,7202.42662853371,7545.48588862753
79918.2537984642,-0.645769512393203,-0.129738055576281,0.427030403284592,0.619511750065589,2464.38906291845,1354.52868796446,6208.8696873952,8295.86582814095,8852.39257081042,7200.47710251904,7544.75181948133
79939.4538657898,-0.644173251241515,-0.137440770351987,0.419606003826482,0.624565175608406,2366.0367699342,1240.90602813529,6271.37925644423,8295.8544660826,8854.52834390369,7198.63981185848,7544.17951253022
79960.6539331154,-0.642485577327066,-0.145122015134645,0.412123673551059,0.629528364213041,2266.35254888234,1126.5848146639,6330.34836752246,8295.67201790479,8856.57273833788,7196.91589248299,7543.76959529578
79981.854000441,-0.64070681844053,-0.152780632347328,0.404584597357072,0.634400626390596,2165.39309748866,1011.62969217239,6385.74536196387,8295.31828364541,8858.5244938241,7195.30644344794,7543.52259831113
80003.0540677666,-0.638837318341899,-0.160415471152445,0.396989967878043,0.639181290959662,2063.21579230275,896.105609066815,6437.54066435156,8294.79317315639,8860.38238037523,7193.81251987545,7543.43895122254
80024.2541350922,-0.63687743657208,-0.168025387728754,0.389340985113117,0.643869705122958,1959.87865314068,780.077778266366,6485.70679577561,8294.09670839487,8862.14520547662,7192.43512617078,7543.51897913743
80045.4542024179,-0.634827548258598,-0.175609245541644,0.381638856058297,0.648465234533654,1855.44030728998,663.611637948136,6530.21838571695,8293.22902545657,8863.81182100703,7191.17520951489,7543.76289923874
80066.6542697434,-0.632688043915695,-0.18316591560651,0.373884794338369,0.652967263351476,1749.95995350318,546.772812333846,6571.0521825637,8292.19037633242,8865.3811299135,7190.03365363342,7544.17081768059
80087.8543370691,-0.630459329239056,-0.190694276745124,0.366080019839894,0.657375194288708,1643.49732580612,429.627072543966,6608.18706276705,8290.98113037627,8866.85209264569,7189.0112728389,7544.74272677408
80109.0544043947,-0.628141824895456,-0.198193215834849,0.35822575834557,0.66168844864618,1536.1126571466,312.240297544152,6641.60403864479,8289.60177547691,8868.22373335624,7188.10880634159,7545.47850246734
80130.2544717203,-0.625735966307567,-0.205661628050618,0.350323241170298,0.665906466339411,1427.86664290824,194.678435208166,6671.28626484131,8288.0529189334,8869.49514587567,7187.32691282131,7546.37790211889
80151.4545390459,-0.623242203434223,-0.213098417099584,0.342373704799258,0.670028705915005,1318.82040431447,77.0074635208608,6697.21904345385,8286.33528803701,8870.66549947076,7186.66616525163,7547.44056255923
80172.6546063715,-0.620661000546395,-0.220502495448326,0.334378390528311,0.674054644557476,1209.03545174629,-40.7066480558747,6719.38982783502,8284.44973036845,8871.73404439728,7186.12704596506,7548.66599843142
80193.8546736971,-0.617992835836023,-0.227872784874305,0.326338544411561,0.677983777977263,1098.57364799779,-158.397977031942,6737.78822508262,8282.39730089719,8872.70013762396,7185.70990814139,7550.05352390058
80215.0547410227,-0.615238200813944,-0.235208217507132,0.318255417645411,0.681815620102446,987.497171492162,-276.000686130949,6752.40599722839,8280.1801430213,8873.56346005343,7185.41462299721,7551.60147269643
80236.2548083483,-0.612397602157832,-0.242507731706476,0.310130262272827,0.685549704512011,875.868479480985,-393.449061304246,6763.23706113748,8277.79971760764,8874.32361935064,7185.24125333349,7553.30875677292
80257.4548756739,-0.609471559150644,-0.249770276933434,0.301964335142356,0.689185582879615,763.750271248681,-510.677549496681,6770.27748713129,8275.25732896262,8874.98026419223,7185.1898580925,7555.17440301017
80278.6549429995,-0.606460604136848,-0.256994812586246,0.293758896301983,0.692722825361753,651.205451343884,-627.620796144125,6773.52549634656,8272.55440046574,8875.53314870255,7185.26038447312,7557.19731069892
80299.8550103251,-0.603365282352611,-0.264180308030116,0.285515208520245,0.696161020601058,538.297092858798,-744.213682383502,6772.98145684413,8269.69246846271,8875.98213566529,7185.45266621686,7559.37625575799
80321.0550776507,-0.600186151680861,-0.271325742768287,0.277234536947925,0.699499775671891,425.088400777218,-860.391361956598,6768.64787848099,8266.67318126468,8876.32720099568,7185.76641991098,7561.7098903683
80342.2551449763,-0.596923782402957,-0.278430106608272,0.268918148786673,0.702738716016844,311.642675411439,-976.089297789397,6760.52940655977,8263.49829817334,8876.56843816684,7186.20124133515,7564.19674258946
80363.4552123019,-0.593578756948509,-0.285492399820489,0.260567312962284,0.705877485375342,198.023275947818,-1091.24329822925,6748.63281426995,8260.16968847308,8876.70606258624,7186.75660186484,7566.83521600928
80384.6552796275,-0.590151669643655,-0.292511633289244,0.252183299802754,0.708915745704566,84.293584120388,-1205.78955292263,6732.9669939355,8256.68933042883,8876.74041594253,7187.43184490664,7569.62358938943
80405.8553469531,-0.586643126458042,-0.299486828656125,0.243767380721329,0.711853177092926,-29.483031968519,-1319.66466831666,6713.54294708381,8253.05931033332,8876.67197054456,7188.22618233808,7572.56001626567
80427.0554142787,-0.583053744750791,-0.306417018455825,0.235320827904711,0.714689477666324,-143.243253862055,-1432.80570276815,6690.37377335108,8249.28182165067,8876.5013336753,7189.1386909234,7575.64252445853
80448.2554816043,-0.57938415301567,-0.313301246244461,0.226844914006595,0.717424363487416,-256.923848578821,-1545.15020124418,6663.47465823946,8245.35916430607,8876.2292519837,7190.16830867571,7578.86901544742
80469.4555489299,-0.57563499062556,-0.320138566721097,0.218340911847218,0.720057568447828,-370.461704241162,-1656.63622959875,6632.8628597417,8241.29374438426,8875.85661598793,7191.313831053,7582.23726337369
80490.6556162555,-0.571806907577215,-0.326928045840156,0.209810094117131,0.722588844154599,-483.793865484253,-1767.20240841031,6598.55769384882,8237.08807411499,8875.38446467797,7192.57390701959,7585.74491377651
80511.8556835811,-0.567900564235802,-0.333668760916895,0.201253733087075,0.725017959810209,-596.857568628782,-1876.78794636558,6560.58051895708,8232.74477081495,8874.81398990342,7193.94703549514,7589.38948323507
80533.0557509067,-0.56391663107885,-0.340359800728417,0.192673100325954,0.727344702085316,-709.59027660033,-1985.33267317506,6518.9547191902,8228.26655797352,8874.14654129936,7195.43156094312,7593.16835710422
80554.2558182323,-0.559855788441564,-0.347000265604664,0.184069466422467,0.729568874986944,-821.929713578833,-2092.77707200628,6473.70568665326,8223.65626618642,8873.38363123539,7197.02566897137,7597.07878736464
80575.4558855579,-0.555718726262561,-0.353589267513216,0.175444100713534,0.731690299720724,-933.813899361809,-2199.06231142108,6424.86080263488,8218.91683457929,8872.52693993759,7198.72738169619,7601.11789002075
80596.6559528835,-0.55150614383051,-0.360125930137193,0.166798271018954,0.733708814547781,-1045.18118342529,-2304.1302768034,6372.44941777435,8214.05131283753,8871.57832081195,7200.53455282237,7605.28264194419
80617.8560202091,-0.547218749531922,-0.366609388946365,0.158133243382355,0.735624274636494,-1155.97027866663,-2407.92360126446,6316.50283121069,8209.06286392653,8870.53980598715,7202.44486240709,7609.5698770901
80639.0560875347,-0.542857260600314,-0.373038791261566,0.149450281818501,0.737436551909385,-1266.12029481366,-2510.38569601265,6257.05426873075,8203.95476759277,8869.41361209235,7204.45581127634,7613.97628200881
80660.2561548603,-0.53842240286697,-0.379413296312547,0.140750648067018,0.73914553488533,-1375.57077148484,-2611.46078017531,6194.13885993381,8198.73042474283,8868.20214628045,7206.56471506539,7618.49839057179
80681.4562221859,-0.533914910513529,-0.385732075289392,0.13203560135259,0.74075112851735,-1484.2617108853,-2711.09391006032,6127.79361443002,8193.39336280381,8866.90801250225,7208.76869785796,7623.13257782702
80702.6562895115,-0.529335525826606,-0.391994311387641,0.123306398151651,0.742253254026189,-1592.13361012395,-2809.23100784546,6058.05739709072,8187.94724217542,8865.53401802919,7211.06468540358,7627.87505289585
80723.8563568371,-0.524684998954686,-0.398199199847226,0.114564291965602,0.743651848729882,-1699.12749313686,-2905.81888968374,5984.97090236856,8182.39586389067,8864.08318021288,7213.44939789947,7632.72185082069
80745.0564241627,-0.519964087667507,-0.404345947985399,0.105810533100559,0.744946865869547,-1805.1849422027,-3000.80529321324,5908.57662770566,8176.74317860908,8862.55873345796,7215.91934233158,7637.66882327096
80766.2564914883,-0.515173557118153,-0.410433775223753,0.0970463684536229,0.746138274431603,-1910.24812903572,-3094.13890446034,5828.91884604835,8170.99329707188,8860.96413636981,7218.47080438076,7642.71162801438
80787.4565588139,-0.510314179608092,-0.416461913109491,0.0882730413056483,0.747226058966598,-2014.25984544244,-3185.76938412524,5746.04357748744,8165.15050215469,8859.30307902029,7221.09983991436,7647.84571706152
80808.6566261395,-0.505386734355387,-0.422429605331077,0.0794917911204764,0.748210219404872,-2117.16353352825,-3275.64739323933,5659.99856004279,8159.21926265645,8857.57949025179,7223.80226610194,7653.06632339551
80829.8566934651,-0.500392007266329,-0.428336107728389,0.0707038533505625,0.749090770869225,-2218.90331544013,-3363.72461818378,5570.83321961185,8153.20424896553,8855.79754491227,7226.5736522164,7658.36844620566
80851.0567607907,-0.495330790710723,-0.434180688297501,0.0619104592489255,0.7498677434848,-2319.42402263231,-3449.95379505939,5478.59863910162,8147.11035074237,8853.96167088003,7229.40931021075,7663.74683455419
80872.2568281163,-0.490203883259647,-0.43996262769103,0.053112836018217,0.750541181896415,-2418.67122464168,-3534.28873339793,5383.34752676403,8140.94283034301,8852.07658739088,7232.30423292693,7669.19585134157
80893.4568954419,-0.485012089513094,-0.445681219062871,0.0443122065165487,0.751111145140592,-2516.59125735982,-3616.6843392052,5285.13418375504,8134.70789827814,8850.14744713284,7235.25286308778,7674.70896418958
80914.6569627675,-0.479756220054996,-0.451335765472119,0.0355097874082295,0.751577707973341,-2613.13125078932,-3697.09663732695,5184.01447093801,8128.41129216505,8848.17950499993,7238.24964495791,7680.27999917025
80935.8570300931,-0.474437090946853,-0.456925583405235,0.0267067913409442,0.75194095862637,-2708.23915627169,-3775.48279312845,5080.04577495216,8122.05894158849,8846.17826314648,7241.28877548465,7685.90255624051
80957.0570974187,-0.469055523648018,-0.462450001529908,0.0179044259645204,0.75220099930215,-2801.86377317469,-3851.80113347936,4973.28697356743,8115.65712144478,8844.14949988776,7244.36414982559,7691.56987664621
80978.2571647443,-0.463612344824708,-0.467908360592046,0.00910389372682221,0.752357946015865,-2893.95477502733,-3926.01116703552,4863.79840034726,8109.21248146036,8842.09926901636,7247.46935597611,7697.27481936296
80999.4572320699,-0.458108386158559,-0.473300013383144,0.000306391724333458,0.752411928392172,-2984.46273509061,-3998.07360380978,4751.64180864119,8102.73208043398,8840.03389685669,7250.59767038388,7703.00983435993
81020.6572993955,-0.452544484160988,-0.478624324703716,-0.0084868884417728,0.752363089460105,-3073.33915135304,-4067.95037402452,4636.88033492935,8096.2234226497,8837.95997567855,7253.74205617523,7708.76693519369
81041.8573667211,-0.446921479993688,-0.483880671321179,-0.0172747608053792,0.752211585447295,-3160.53647093944,-4135.60464623846,4519.57846154153,8089.69449607044,8835.88435255786,7256.89516483229,7714.53767151915
81063.0574340467,-0.441240219295503,-0.489068441921828,-0.0260560451714454,0.751957585573971,-3246.00811392276,-4201.00084474122,4399.80197877348,8083.15381179234,8833.81411263543,7260.04934230099,7720.31310224959
81084.2575013723,-0.435501552015833,-0.494187037056466,-0.0348295672487803,0.751601271847257,-3329.70849652811,-4264.10466620917,4277.61794642372,8076.61044402583,8831.75655556806,7263.19664068366,7726.08377031729
81105.4575686979,-0.429706332254667,-0.499235869079165,-0.0435941587800678,0.751142838856412,-3411.59305371926,-4324.88309561662,4153.09465477428,8070.07406960467,8829.71916380564,7266.32883685632,7731.83968024807
81126.6576360235,-0.423855418109184,-0.504214362078481,-0.0523486576696532,0.750582493569804,-3491.6182611577,-4383.30442139692,4026.30158503896,8063.55500570545,8827.70956117431,7269.43745954267,7737.57028006636
81147.8577033491,-0.417949671526694,-0.509121951800367,-0.0610919081095776,0.749920455134572,-3569.74165652504,-4439.33824984831,3897.30936930338,8057.06424408401,8825.73546011104,7272.51382656359,7743.26444939139
81169.0577706747,-0.411989958163469,-0.513958085561913,-0.0698227607042788,0.749156954680145,-3645.92186019984,-4492.95551877996,3766.18974998089,8050.61347970156,8823.80459579732,7275.54909414835,7748.91049596474
81190.2578380003,-0.405977147248703,-0.518722222154933,-0.0785400725942664,0.748292235126986,-3720.11859528024,-4544.12851039394,3633.01553880899,8044.21513112836,8821.92464540536,7278.53432031848,7754.49616325221
81211.457905326,-0.399912111452428,-0.523413831738462,-0.0872427075788813,0.747326551002189,-3792.29270694432,-4592.83086339961,3497.86057541097,8037.88234958893,8820.10313072806,7281.46054440991,7760.00865216891
81232.6579726515,-0.393795726755815,-0.52803239571922,-0.0959295362379641,0.746260168263756,-3862.40618114057,-4639.03758435706,3360.79968544787,8031.62901297454,8818.34730265512,7284.31888474571,7765.43466035591
81253.8580399771,-0.38762887232169,-0.532577406619301,-0.10459943605187,0.7450933641356,-3930.42216260104,-4682.72505824702,3221.90863838581,8025.4697006346,8816.66400632499,7287.10065626568,7770.76044274306
81275.0581073028,-0.381412430362544,-0.537048367930661,-0.113251291518736,0.743826426955435,-3996.30497217058,-4723.87105826491,3081.26410490419,8019.41964432392,8815.05952637654,7289.79750950777,7775.97189730833
81296.2581746284,-0.375147286002693,-0.541444793956528,-0.121883994267275,0.742459656037715,-4060.02012344569,-4762.45475483753,2938.94361397016,8013.4946504027,8813.53941259419,7292.401591664,7781.05467991235
81317.458241954,-0.368834327130676,-0.54576620964059,-0.130496443162565,0.740993361553614,-4121.53433871718,-4798.456723861,2795.02550960514,8007.71098835764,8812.1082874276,7294.90572944569,7785.99435175755
81338.6583092796,-0.362474444237535,-0.550012150385915,-0.139087544401487,0.739427864429598,-4180.81556421129,-4831.85895415946,2649.58890736911,8002.08524104826,8810.76963839786,7297.30363214604,7790.77656229516
81359.8583766052,-0.356068530236465,-0.554182161866824,-0.147656211593534,0.73776349626537,-4237.8329846243,-4862.64485416434,2502.7136505884,7996.63411290887,8809.52560026973,7299.59011156341,7795.38726918055
81381.0584439308,-0.349617480259483,-0.558275799838536,-0.156201365821929,0.736000599270827,-4292.5570369464,-4890.7992578146,2354.4802663531,7991.37419377299,8808.37673402168,7301.76131336507,7799.81299507536
81402.2585112564,-0.343122191427583,-0.562292629951092,-0.164721935679417,0.73413952622008,-4344.95942357086,-4916.30842967902,2204.9699213098,7986.32167813089,8807.32181196515,7303.81495210934,7804.04111867132
81423.458578582,-0.336583562592255,-0.566232227575714,-0.17321685727289,0.732180640418643,-4395.01312468514,-4939.1600693017,2054.2643772757,7981.49204252327,8806.35762066079,7305.75053965406,7808.06019428689
81444.6586459076,-0.330002494048534,-0.570094177653172,-0.181685074191475,0.730124315677638,-4442.6924099412,-4959.34331477323,1902.44594669991,7976.89968736747,8805.47879527574,7307.56959430308,7811.86029088607
81465.8587132332,-0.323379887222785,-0.573878074574472,-0.190125537433934,0.727970936286562,-4487.97284940266,-4976.84874552965,1749.59744799786,7972.55755363513,8804.67770038032,7309.27581609949,7815.43333762753
81487.0587805588,-0.316716644342214,-0.577583522104448,-0.198537205293235,0.725720896973747,-4530.83132376706,-4991.66838438256,1595.80216078441,7968.47672925675,8803.94437253718,7310.87521250315,7818.77345933782
81508.2588478844,-0.310013668096686,-0.581210133355637,-0.206919043200004,0.723374602843613,-4571.24603386195,-5003.79569878384,1441.14378103142,7964.66606408876,8803.26653894291,7312.37615882551,7821.87728241934
81529.45891521,-0.303271861307622,-0.584757530818678,-0.215270023529636,0.72093246927809,-4609.19650941414,-5013.22560132919,1285.70637617518,7961.13181430037,8802.62972334957,7313.78937993402,7824.74419096784
81550.6589825356,-0.296492126622488,-0.588225346453573,-0.223589125381081,0.718394921788686,-4644.66361709192,-5019.95444950501,1129.5743401989,7957.87734229293,8802.01744680892,7315.12784179799,7827.37650970139
81571.8590498612,-0.289675366252587,-0.591613221832628,-0.231875334342869,0.715762395814861,-4677.62956782067,-5023.98004468392,972.832348715496,7954.90289400883,8801.41152377055,7316.40654813694,7829.77959584273
81593.0591171868,-0.282822481773092,-0.594920808327542,-0.240127642261699,0.713035336462683,-4708.0779233725,-5025.30163037435,815.565314075373,7952.2054746531,8800.79244725858,7317.64224329709,7831.96182478518
81614.2591845124,-0.275934374000046,-0.598147767323762,-0.248345047032129,0.710214198186302,-4735.99360223167,-5023.91988973061,657.858340523785,7949.77883824961,8800.13984915186,7318.85303001933,7833.93446119791
81635.459251838,-0.26901194295351,-0.601293770441241,-0.256526552425161,0.707299444420674,-4761.36288473739,-5019.83694232969,499.796679432063,7947.61359891538,8799.43301451328,7320.05791816037,7835.71141543658
81656.6593191636,-0.262056087908502,-0.604358499738456,-0.264671167970686,0.704291547179864,-4784.17341750662,-5013.05634022213,341.465684626619,7945.6974627899,8798.65142340062,7321.27632679325,7837.30889401261
81677.8593864892,-0.255067707527103,-0.607341647877062,-0.272777908903832,0.7011909866398,-4804.41421713959,-5003.58306326436,182.950767839291,7944.01557021214,8797.77529047799,7322.52756654617,7838.74496137303
81699.0594538148,-0.248047700057353,-0.610242918228004,-0.280845796178853,0.697998250726671,-4822.07567321163,-4991.42351374046,24.3373543022466,7942.55092918875,8796.78607255069,7323.830330875,7840.03903723177
81720.2595211404,-0.24099696357846,-0.613062024905778,-0.28887385654734,0.694713834731868,-4837.14955055515,-4976.58551028164,-134.289161489801,7941.2849145477,8795.66691693728,7325.20222393008,7841.21135825666
81741.459588466,-0.233916396268498,-0.615798692724971,-0.296861122691173,0.69133824097146,-4849.62899083595,-4959.07828109231,-292.843459827679,7940.19780322917,8794.4030289695,7326.6593489494,7842.28243451804
81762.6596557916,-0.226806896670371,-0.618452657080962,-0.304806633395864,0.687871978503364,-4859.50851342892,-4938.91245649179,-451.240339624281,7939.26931529029,8792.9819440926,7328.21597527254,7843.27252968404
81783.8597231172,-0.219669363934423,-0.621023663763588,-0.312709433747194,0.684315562909252,-4866.78401559814,-4916.10006078122,-609.394762018087,7938.47913227,8791.39369802037,7329.88429498716,7844.20118990208
81805.0597904428,-0.212504698020778,-0.623511468717783,-0.320568575333636,0.680669516142051,-4871.45277198724,-4890.65450344547,-767.221893722778,7937.80736902682,8789.63089615898,7331.67427285529,7845.08684038068
81826.2598577684,-0.205313799850549,-0.625915837768128,-0.328383116438668,0.676934366434427,-4873.51343342589,-4862.59056970022,-924.637150102555,7937.23498121042,8787.68869018966,7333.59358640061,7845.94646180053
81847.459925094,-0.198097571401304,-0.628236546324884,-0.33615212221016,0.673110648259477,-4872.96602505911,-4831.92441039477,-1081.55623795327,7936.74409724086,8785.56467471189,7335.64764753538,7846.7953517504
81868.6599924196,-0.19085691574781,-0.630473379087804,-0.343874664797998,0.669198902332411,-4869.81194380601,-4798.67353128119,-1237.89519797013,7936.3182702098,8783.25871994283,7337.83969324154,7847.64697016018
81889.8600597452,-0.183592737053493,-0.63262612976129,-0.35154982345511,0.665199675641186,-4864.05395515543,-4762.85678166102,-1393.57044688315,7935.94265083445,8780.77275769336,7340.17093068185,7848.51286270053
81911.0601270708,-0.176305940520958,-0.634694600791008,-0.359176684600832,0.661113521494544,-4855.69618930568,-4724.4943424205,-1548.49881924233,7935.60408708639,8778.11053746628,7342.64072155592,7849.402652586
81932.2601943964,-0.168997432311386,-0.636678603128503,-0.366754341848419,0.656940999577458,-4844.74413665661,-4683.60771346614,-1702.59760883487,7935.29115922534,8775.27736794907,7345.24679122723,7850.32408916147
81953.460261722,-0.161668119442803,-0.638577956026993,-0.37428189600067,0.652682676006005,-4831.20464266179,-4640.21970057196,-1855.78460971765,7934.99416073714,8772.27985683867,7347.98544975721,7851.28314090846
81974.6603290476,-0.154318909676465,-0.640392486868835,-0.381758455018788,0.648339123375942,-4815.08590204956,-4594.35440165046,-2007.97815684847,7934.70503628751,8769.12565924354,7350.85181411603,7852.28412080887
81995.8603963732,-0.146950711399277,-0.642122031023092,-0.389183133970097,0.643910920801348,-4796.39745242139,-4546.03719245919,-2159.09716630051,7934.41728751391,8765.82324218598,7353.84002317452,7853.32983304523
82017.0604636988,-0.139564433508555,-0.643766431730318,-0.396555054960107,0.639398653941527,-4775.1501672366,-4495.29471175501,-2309.06117504482,7934.12585656035,8762.38167021064,7356.94343936636,7854.42173150794
82038.2605310244,-0.132160985303787,-0.645325540010929,-0.403873347053962,0.634802915015806,-4751.35624819253,-4442.1548459083,-2457.79038028659,7933.82699596511,8758.81041493378,7360.15483297857,7855.5600822749
82059.46059835,-0.124741276388507,-0.646799214593328,-0.411137146191555,0.630124302806902,-4725.02921700946,-4386.64671298927,-2605.20567834112,7933.51813204992,8755.11918960857,7363.46654678407,7856.74412393718
82080.6606656756,-0.117306216584135,-0.648187321858039,-0.418345595099824,0.625363422654214,-4696.18390662985,-4328.80064633882,-2751.22870303666,7933.19772748584,8751.3178084402,7366.87064013948,7857.97222123894
82101.8607330012,-0.109856715856574,-0.649489735794466,-0.425497843204963,0.620520886438778,-4664.83645184135,-4268.6481776362,-2895.78186363133,7932.86514733498,8747.41606942792,7370.35901273807,7859.24200890077
82123.0608003268,-0.102393684255565,-0.650706337967341,-0.432593046546546,0.615597312561776,-4631.00427933357,-4206.22201947586,-3038.78838223244,7932.52053164903,8743.42365888711,7373.92350896712,7860.55052367064
82144.2608676524,-0.0949180318662872,-0.651837017490459,-0.439630367694978,0.610593325918447,-4594.70609719832,-4141.55604746577,-3180.17233070673,7932.16467667726,8739.35007544851,7377.55600431489,7861.89432358733
82165.460934978,-0.0874306687723153,-0.652881671005761,-0.446608975673182,0.605509557869157,-4555.96188388317,-4074.6852818596,-3319.85866707115,7931.79892590052,8735.20457118413,7381.24847555965,7863.26959416485
82186.6610023036,-0.079932505028854,-0.653840202666324,-0.453528045883042,0.600346646209156,-4514.7928766085,-4005.64586873486,-3457.77327135392,7931.42507145404,8730.99610751165,7384.99305659575,7864.67224173627
82207.8610696292,-0.072424450645095,-0.654712524122179,-0.460386760036854,0.595105235138365,-4471.22155925792,-3934.47506072925,-3593.84298091655,7931.04526601062,8726.73332363513,7388.78208175979,7866.09797456434
82229.0611369548,-0.0649074155745347,-0.655498554508237,-0.467184306093822,0.58978597523227,-4425.27164975215,-3861.21119734722,-3727.99562522805,7930.66194484125,8722.42451545131,7392.6081184438,7867.54237256261
82250.2612042804,-0.0573823097121404,-0.656198220433844,-0.473919878201517,0.584389523414833,-4376.96808691623,-3785.89368484861,-3860.16006008289,7930.27775752927,8718.07762305653,7396.46399065717,7869.00094660652
82271.461271606,-0.0498500428973421,-0.656811455973717,-0.480592676642125,0.578916542934107,-4326.33701685026,-3708.56297573129,-3990.26620125518,7929.8955086619,8713.70022521055,7400.34279504309,7870.46918847172
82292.6613389316,-0.0423115249219223,-0.657338202660159,-0.487201907783286,0.573367703341075,-4273.40577881338,-3629.26054781917,-4118.24505758187,7929.5181067401,8709.29953933282,7404.23791068791,7871.94261243984
82313.8614062572,-0.0347676655419756,-0.65777840947656,-0.493746784033302,0.567743680472113,-4218.20289063092,-3548.02888296731,-4244.02876346823,7929.14852051483,8704.88242581559,7408.14300389288,7873.41678957617
82335.0614735828,-0.027219374589656,-0.658132032960898,-0.500226523795103,0.562045156308255,-4160.75803363446,-3464.91144539515,-4367.55061080971,7928.78979587929,8700.45540800975,7412.05200812924,7874.88732812525
82356.2615409084,-0.01966756175196,-0.65839903692682,-0.506640351446574,0.556272819284441,-4101.10203714447,-3379.95265965891,-4488.74508032433,7928.44498346287,8696.02467419329,7415.95913627331,7876.34993190509
82377.461608234,-0.0121131367342703,-0.658579392633737,-0.512987497293156,0.550427364088614,-4039.26686250491,-3293.19788827413,-4607.54787229053,7928.11703238843,8691.59607063284,7419.85890699774,7877.80048869068
82398.6616755596,-0.00455700932689376,-0.658673078833383,-0.519267197538429,0.544509491603895,-3975.28558667929,-3204.69340899868,-4723.8959366857,7927.8088380622,8687.17512936466,7423.74611226942,7879.23502314071
82419.8617428852,0.00299991061592711,-0.658680081721042,-0.52547869426161,0.538519908970292,-3909.19238541727,-3114.48639178678,-4837.72750272121,7927.52322312956,8682.76708149426,7427.6158098766,7880.64970836149
82441.0618102108,0.0105567131527857,-0.658600394938848,-0.531621235395441,0.532459329592813,-3841.02251600086,-3022.62487542386,-4948.98210776966,7927.26292324485,8678.37687123202,7431.46331442254,7882.04087332587
82462.2618775365,0.0181124882303413,-0.658434019582562,-0.537694074707484,0.526328473152383,-3770.81229957896,-2929.15774385226,-5057.6006256812,7927.03057577692,8674.00917001618,7435.28418768415,7883.40500787421
82483.4619448621,0.0256663256581704,-0.658180964210966,-0.543696471784826,0.520128065620635,-3698.59910309894,-2834.13470219709,-5163.52529448531,7926.82871098464,8669.66839049717,7439.07422861379,7884.73876574383
82504.6620121876,0.0332173150834986,-0.657841244858037,-0.549627692022205,0.51385883927847,-3624.42132084355,-2737.60625250158,-5266.6997434753,7926.65974528909,8665.35870022012,7442.82946319216,7886.03896597947
82525.8620795133,0.0407645459660346,-0.657414885048032,-0.555487006613561,0.50752153273824,-3548.31835558125,-2639.62366918076,-5367.06901967274,7926.52597631838,8661.08403488764,7446.54613429324,7887.30259302386
82547.0621468389,0.0483071075531053,-0.656901915813592,-0.561273692547063,0.501116890969433,-3470.33059933802,-2540.23897420217,-5464.57961366943,7926.42957944287,8656.84811111888,7450.22069168522,7888.52679574327
82568.2622141645,0.0558440888552811,-0.656302375716987,-0.566987032603649,0.494645665327688,-3390.49941379818,-2439.50491200178,-5559.1794848446,7926.3726055577,8652.65443865004,7453.84978225996,7889.70888560246
82589.4622814901,0.0633745786226614,-0.655616310874582,-0.572626315359137,0.488108613586998,-3308.86711034152,-2337.47492414336,-5650.81808595538,7926.35697990318,8648.50633194321,7457.43024055854,7890.84633416974
82610.6623488157,0.0708976653219925,-0.654843774984607,-0.578190835189978,0.481506499974938,-3225.47692972407,-2234.20312372874,-5739.44638709845,7926.38450174359,8644.40692118836,7460.95907964001,7891.93677010281
82631.8624161413,0.0784124371147733,-0.65398482935828,-0.583679892282734,0.474840095210755,-3140.37302140913,-2129.74426956659,-5825.01689904124,7926.45684475129,8640.35916269601,7464.43348232424,7892.97797574124
82653.0624834669,0.0859179818365058,-0.653039542954349,-0.589092792647341,0.468110176546155,-3053.60042255528,-2024.15374010677,-5907.4836959207,7926.57555796561,8636.36584868928,7467.85079282683,7893.96788340927
82674.2625507925,0.093413386977242,-0.652007992417078,-0.594428848134264,0.461317527808628,-2965.20503666755,-1917.48750714695,-5986.80243730811,7926.74206721627,8632.42961651092,7471.20850879365,7894.90457151451
82695.4626181181,0.100897739663577,-0.650890262117697,-0.599687376455612,0.454462939447126,-2875.23361191786,-1809.80210931822,-6062.93038963813,7926.95767691768,8628.55295726692,7474.50427373492,7895.78626051243
82716.6626854437,0.108370126642238,-0.649686444199349,-0.604867701210317,0.447547208579942,-2783.73371914036,-1701.15462535585,-6135.8264470003,7927.22357215587,8624.73822393192,7477.73586985239,7896.61130879324
82737.8627527693,0.115829634265409,-0.64839663862552,-0.609969151913446,0.440571139044603,-2690.75372950717,-1591.60264716108,-6205.45115129125,7927.54082100185,8620.98763894459,7480.90121124868,7897.37820853675
82759.0628200949,0.123275348477954,-0.647020953231952,-0.614991064029761,0.4335355414496,-2596.3427918898,-1481.20425265989,-6271.76671172571,7927.91037699671,8617.3033013224,7483.99833750437,7898.0855815713
82780.2628874205,0.130706354806662,-0.645559503782027,-0.619932779011576,0.426441233227796,-2500.55080991094,-1370.01797846393,-6334.73702370413,7928.33308176265,8613.68719332624,7487.02540760612,7898.73217526521
82801.4629547461,0.138121738351687,-0.644012414025594,-0.624793644341041,0.419289038691301,-2403.42841869161,-1258.1027923392,-6394.32768703491,7928.80966770238,8610.1411867054,7489.98069420708,7899.31685847249
82822.6630220717,0.145520583780304,-0.642379815761218,-0.629573013576892,0.412079789087665,-2305.02696129773,-1145.51806548708,-6450.50602350865,7929.34076075596,8606.66704855342,7492.86257820001,7899.83861754897
82843.8630893973,0.152901975323143,-0.640661848901788,-0.634270246405774,0.404814322657169,-2205.39846489063,-1032.32354464292,-6503.2410938218,7929.92688319009,8603.26644680434,7495.66954358295,7900.29655245091
82865.0631567229,0.160264996773046,-0.638858661543465,-0.638884708698205,0.397493484691054,-2104.59561658521,-918.579323996577,-6552.50371384696,7930.56845639966,8599.94095539883,7498.40017259654,7900.68987292364
82886.2632240485,0.16760873148669,-0.636970410037894,-0.643415772569246,0.390118127590478,-2002.6717390196,-804.345816939425,-6598.26647024634,7931.26580370573,8596.6920591478,7501.0531411126,7901.01789478532
82907.4632913741,0.174932262389114,-0.634997259067621,-0.647862816443953,0.382689110926013,-1899.68076563988,-689.683727642255,-6640.5037354252,7932.01915313764,8593.52115832106,7503.62721425321,7901.28003630782
82928.6633586997,0.182234671981317,-0.632939381724662,-0.65222522512767,0.375207301497484,-1795.6772157032,-574.654022468159,-6679.19168182118,7932.82864018996,8590.42957298681,7506.1212422203,7901.47581469481
82949.8634260253,0.189515042351049,-0.630796959592116,-0.656502389881215,0.367673573393949,-1690.71616900249,-459.317901224588,-6714.30829552529,7933.69431054761,8587.41854712705,7508.53415631581,7901.60484265508
82971.0634933509,0.196772455186951,-0.628570182828771,-0.660693708501024,0.360088808053609,-1584.85324031595,-343.736768258622,-6745.8333892302,7934.61612277508,8584.48925255294,7510.86496513287,7901.66682506774
82992.2635606765,0.204005991796186,-0.62625925025659,-0.664798585404285,0.352453894323456,-1478.14455358406,-227.972203399441,-6773.74861450033,7935.59395096705,8581.64279264327,7513.11275089905,7901.66155573476
83013.4636280021,0.211214733125695,-0.623864369450989,-0.668816431719113,0.344769728518435,-1370.64671581726,-112.085932752021,-6798.03747335883,7936.62758735991,8578.88020592787,7515.27666595312,7901.58891421481
83034.6636953277,0.218397759787232,-0.621385756833799,-0.672746665379793,0.337037214479906,-1262.4167907368,3.8602006539596,-6818.68532918495,7937.71674490503,8576.20246953755,7517.35592933698,7901.44886273173
83055.8637626533,0.225554152086296,-0.61882363776881,-0.676588711227125,0.329257263633207,-1153.51227215174,119.804266355928,-6835.6794169159,7938.86105980603,8573.61050254116,7519.34982348487,7901.24144314999
83077.0638299789,0.232682990055115,-0.616178246659763,-0.680342001113886,0.321430795044073,-1043.99105707473,235.684276086818,-6849.00885254597,7940.06009402333,8571.10516918951,7521.25769099233,7900.96677400863
83098.2638973045,0.239783353489798,-0.613449827050681,-0.68400597401543,0.31355873547372,-933.911418579283,351.43821353582,-6858.66464191573,7941.31333775093,8568.68728208578,7523.0789314474,7900.6250476042
83119.4639646301,0.246854321991805,-0.610638631728409,-0.687580076145424,0.305642019432334,-823.331978401417,467.004064237094,-6864.63968878334,7942.62021187093,8566.35760530137,7524.81299830675,7900.21652711312
83140.6640319557,0.253894975013836,-0.607744922827203,-0.691063761076733,0.297681589230778,-712.311679288521,582.319845581898,-6866.92880216963,7943.98007039275,8564.11685745576,7526.45939579962,7899.74154374213
83161.8640992813,0.260904391910286,-0.60476897193526,-0.694456489867429,0.289678395030249,-600.909757098335,697.323636949362,-6865.52870296812,7945.39220288522,8561.96571477901,7528.01767584204,7899.20049389548
83183.0641666069,0.267881651992378,-0.601711060203011,-0.697757731191932,0.281633394889689,-489.185712651236,811.953609950905,-6860.43802981039,7946.85583691035,8559.90481417504,7529.48743494413,7898.59383634616
83204.2642339325,0.274825834588078,-0.59857147845303,-0.700966961477224,0.273547554810691,-377.199283339072,926.148058783015,-6851.65734417711,7948.37014046961,8557.93475630428,7530.86831109248,7897.92208939775
83225.4643012581,0.281736019106925,-0.595350527291396,-0.704083665044158,0.265421848779683,-265.010414494049,1039.84543068281,-6839.18913474422,7949.93422447409,8556.05610870387,7532.15998058979,7897.18582802208
83246.6643685837,0.288611285109863,-0.592048517220346,-0.707107334253759,0.257257258807145,-152.679230521384,1152.9843564804,-6823.03782095327,7951.54714525197,8554.26940896433,7533.3621548329,7896.38568095703
83267.8644359093,0.295450712384183,-0.588665768752028,-0.710037469658524,0.249054774963626,-40.266005799742,1265.50368124185,-6803.20975579481,7953.20790710795,8552.57516798144,7534.47457701035,7895.52232774712
83289.0645032349,0.30225338102368,-0.585202612523191,-0.712873580158637,0.240815395412324,72.1688646462288,1377.34249499586,-6779.71322779258,7954.91546495125,8550.97387330294,7535.49701869952,7894.59649570815
83310.2645705605,0.309018371514092,-0.581659389410602,-0.715615183163037,0.232540126437991,184.564894696594,1488.4401635371,-6752.5584621767,7956.66872701085,8549.4659925895,7536.42927634249,7893.60895679547
83331.4646378861,0.315744764823932,-0.578036450647028,-0.718261804755274,0.224229982471931,296.861536905016,1598.73635929854,-6721.75762123269,7958.46655765859,8548.05197721098,7537.27116757935,7892.56052435315
83352.6647052117,0.322431642500764,-0.574334157937545,-0.720812979864069,0.215885986112836,408.998212480339,1708.17109228457,-6687.32480381361,7960.30778036371,8546.73226599833,7538.02252741618,7891.45204971949
83373.8647725373,0.329078086773012,-0.570552883576007,-0.72326825243848,0.20750916814325,520.914341474972,1816.68474105622,-6649.27604400151,7962.19118080484,8545.50728917332,7538.68320420392,7890.28441866163
83395.0648398629,0.335683180657354,-0.56669301056143,-0.725627175627592,0.199100567541402,632.549373173618,1924.21808375925,-6607.62930890471,7964.11551016909,8544.37747247831,7539.25305540337,7889.05854760906
83416.2649071885,0.342246008071756,-0.562754932714098,-0.727889311964605,0.190661231488188,743.842816675444,2030.71232918516,-6562.40449557654,7966.07948867101,8543.34324152905,7539.73194311005,7887.77537965304
83437.4649745141,0.348765653954197,-0.558739054791152,-0.730054233555223,0.182192215369063,854.734271662153,2136.10914785464,-6513.62342704147,7968.08180932875,8542.40502641426,7540.11972931145,7886.43588027491
83458.6650418397,0.355241204387118,-0.554645792601445,-0.732121522270207,0.173694582770622,965.163459343896,2240.35070311237,-6461.30984741375,7970.12114203899,8541.56326656612,7540.4162708481,7885.04103276305
83479.8651091653,0.361671746727626,-0.550475573119413,-0.734090769941966,0.165169405471632,1075.07025357428,2343.37968222122,-6405.48941609417,7972.19613799746,8540.81841592612,7540.62141404841,7883.59183327327
83501.0651764909,0.368056369743474,-0.546228834597737,-0.735961578565057,0.156617763428302,1184.39471212512,2445.13932744337,-6346.18970102981,7974.30543451735,8540.17094843088,7540.73498900636,7882.08928548319
83522.2652438166,0.374394163754819,-0.541906026678532,-0.737733560500417,0.148040744753576,1293.07710811085,2545.57346709516,-6283.44017102205,7976.44766030448,8539.62136384209,7540.75680347027,7880.53439478591
83543.4653111421,0.380684220781777,-0.537507610502825,-0.739406338683217,0.139439445690216,1401.05796155192,2644.62654656149,-6217.27218706798,7978.62144125485,8539.17019394394,7540.68663631042,7878.92816196243
83564.6653784677,0.386925634697739,-0.533034058818044,-0.740979546834136,0.130814970577506,1508.27807106547,2742.24365925528,-6147.71899272005,7980.82540684754,8538.81800912993,7540.52423053317,7877.27157626716
83585.8654457933,0.393117501388455,-0.528485856083263,-0.742452829673912,0.122168431811329,1614.67854567132,2838.37057750623,-6074.81570344967,7983.05819721482,8538.5654253983,7540.26928581024,7875.56560785352
83607.0655131189,0.399258918916837,-0.523863498571923,-0.743825843140997,0.113500949797475,1720.20083669995,2932.95378336279,-5998.59929499974,7985.3184709793,8538.41311177195,7539.92145049325,7873.81119946127
83628.2655804445,0.405348987693456,-0.519167494471738,-0.745098254612111,0.104813652897958,1824.7867697888,3025.94049929015,-5919.10859071221,7987.60491395788,8538.36179815318,7539.48031308678,7872.00925728008
83649.4656477702,0.411386810652601,-0.514398363981516,-0.746269743125591,0.096107677370152,1928.37857695221,3117.27871874642,-5836.38424781623,7989.91624886211,8538.41228362124,7538.94539315015,7870.16064087993
83670.6657150957,0.417371493434073,-0.509556639404542,-0.747339999607187,0.0873841672987193,2030.91892870938,3206.91723661843,-5750.46874266378,7992.25124611707,8538.56544516781,7538.31613161077,7868.26615210789
83691.8657824213,0.423302144570586,-0.504642865238251,-0.748308727098161,0.0786442745201519,2132.35096625425,3294.80567949768,-5661.40635489912,7994.60873572318,8538.82224680604,7537.59188056108,7866.32652302862
83713.065849747,0.429177875680146,-0.499657598259902,-0.749175640985793,0.0698891585394279,2232.6183336499,3380.8945357761,-5569.24315054977,7996.98762068559,8539.18374910107,7536.77189240169,7864.3424024632
83734.2659170726,0.434997801664205,-0.494601407607812,-0.749940469235622,0.0611199864392609,2331.66521002956,3465.13518554098,-5474.02696402691,7999.38689189077,8539.65111901003,7535.85530845382,7862.31434125208
83755.4659843981,0.440761040910994,-0.489474874857879,-0.750602952625473,0.0523379327815104,2429.43634178528,3547.47993024697,-5375.80737902383,8001.80564463599,8540.22563995976,7534.84114706846,7860.24277608872
83776.6660517238,0.446466715504064,-0.484278594094997,-0.751162844981028,0.0435441795007664,2525.87707472455,3627.88202214289,-5274.63570830183,8004.24309697245,8540.90872204698,7533.72829130681,7858.12801181809
83797.8661190494,0.452113951435965,-0.479013171978972,-0.751619913412691,0.0347399157900787,2620.93338617423,3706.29569343018,-5170.56497235402,8006.69861001342,8541.7019122029,7532.51547630667,7855.97020211276
83819.066186375,0.457701878826997,-0.473679227804559,-0.751973938553538,0.0259263379788397,2714.55191701038,3782.67618512894,-5063.649876938,8009.17171034936,8542.60690411283,7531.20127649678,7853.76932845894
83840.2662537006,0.463229631572896,-0.468277393562391,-0.752224715156449,0.0171046490478973,2806.68000359169,3856.97977562712,-4953.94678946969,8011.66227522302,8543.62558258342,7529.78403244422,7851.5250366849
83861.4663210262,0.468696348003518,-0.462808313947369,-0.752372052086249,0.00827605877734897,2897.26570957342,3929.16380888769,-4841.51371427166,8014.1710411115,8544.76014274471,7528.26165270068,7849.23618823961
83882.6663883518,0.474101173131067,-0.457272646418563,-0.752415771278697,-0.000558215185515612,2986.25785757798,3999.18672228779,-4726.4102666702,8016.69832256638,8546.0128174411,7526.63209007069,7846.90198209878
83903.8664556774,0.47944325592984,-0.451671061273299,-0.752355709817771,-0.00939694930517548,3073.60606069751,4067.00807406387,-4608.69764593684,8019.244634561,8547.38600231244,7524.89311643946,7844.5214119173
83925.066523003,0.48472175061741,-0.446004241640945,-0.752191719540233,-0.0182389136679493,3159.26075380307,4132.58857033545,-4488.43860707128,8021.81080616179,8548.88227446925,7523.04228590672,7842.09316735162
83946.2665903286,0.48993581695737,-0.440272883497938,-0.751923667240684,-0.0270828721159064,3243.17322463424,4195.8900916805,-4365.69743142394,8024.39801456703,8550.50439168255,7521.07692955851,7839.61560595987
83967.4666576542,0.495084620515523,-0.434477695674354,-0.751551434907822,-0.0359275824193247,3325.29564464237,4256.8757192345,-4240.53989615807,8027.00782235837,8552.25528770897,7518.9941531052,7837.08672338544
83988.6667249798,0.500167332921149,-0.428619399851148,-0.751074919959325,-0.0447717964558034,3405.58109956011,4315.50976028491,-4113.03324255236,8029.64221572076,8554.13806225823,7516.79083913424,7834.50412402631
84009.8667923054,0.5051831321348,-0.422698730547824,-0.750494035473987,-0.053614260394994,3483.98361966906,4371.75777333279,-3983.24614314708,8032.30364271342,8556.15596431715,7514.46365528815,7831.86499326047
84031.066859631,0.510131202723261,-0.416716435100406,-0.749808710420169,-0.0624537148884722,3560.45820973711,4425.58659259253,-3851.24866773818,8034.99505038266,8558.31236739243,7512.00906986581,7829.16607257682
84052.2669269566,0.515010736142406,-0.410673273629798,-0.749018889879446,-0.0712888952643011,3634.96087859619,4476.96435190096,-3717.11224822528,8037.71991912608,8560.61073509763,7509.42337653407,7826.4036393093
84073.4669942822,0.519820931028773,-0.404570019000841,-0.748124535264098,-0.0801185317259128,3707.44866833103,4525.86050800654,-3580.90964232164,8040.48229228045,8563.05457541899,7506.70272999576,7823.57349305719
84094.6670616078,0.524560993500758,-0.398407456772781,-0.74712562452687,-0.0889413495550717,3777.87968304892,4572.24586320971,-3442.71489613558,8043.28679842212,8565.64738197763,7503.84319456082,7820.67095127875
84115.8671289334,0.529230137470278,-0.392186385142224,-0.746022152361161,-0.0977560693189213,3846.21311720019,4616.09258732491,-3302.60330563486,8046.1386633627,8568.39256070114,7500.84080757187,7817.69085694245
84137.067196259,0.533827584965669,-0.3859076148802,-0.744814130389601,-0.106561407081453,3912.40928341893,4657.37423893549,-3160.65137700738,8049.04370832881,8571.29334056784,7497.69165949928,7814.62760146862
84158.2672635846,0.538352566465996,-0.379571969265473,-0.743501587338983,-0.115356074620362,3976.42963985303,4696.06578591234,-3016.93678593334,8052.00833047097,8574.35266756118,7494.39199215866,7811.47516636561
84179.4673309102,0.542804321247517,-0.373180284016935,-0.742084569198813,-0.124138779650336,4038.23681695288,4732.14362516759,-2871.53833578603,8055.03946158884,8577.57308168827,7490.9383159091,7808.22718700542
84200.6673982358,0.547182097742076,-0.366733407228567,-0.740563139360919,-0.132908226054698,4097.79464368751,4765.58560161503,-2724.53591478037,8058.14449970891,8580.95657765119,7487.32754626149,7804.87704283883
84221.8674655614,0.551485153902343,-0.360232199310042,-0.738937378740939,-0.141663114130068,4155.06817315736,4796.37102630896,-2576.01045209013,8061.33121135114,8584.50445170462,7483.55715801,7801.41797524115
84243.067532887,0.555712757575319,-0.353677532937586,-0.737207385877463,-0.150402140845587,4210.02370757274,4824.48069373419,-2426.04387295696,8064.60760017277,8588.21713823394,7479.62535450048,7797.84323570559
84264.2676002126,0.559864186877412,-0.347070293018354,-0.735373277010591,-0.159124000122396,4262.62882256723,4849.89689821975,-2274.71905281608,8067.98174031375,8592.09404171661,7475.53124727466,7794.14626441026
84285.4676675382,0.563938730565583,-0.340411376671189,-0.733435186141177,-0.167827383138038,4312.8523908155,4872.60344945024,-2122.11977046555,8071.46157460239,8596.13337166744,7471.27503927473,7790.32089719675
84306.6677348638,0.56793568839719,-0.333701693225121,-0.731393265074095,-0.176510978660682,4360.66460492538,4892.58568704872,-1968.33066030809,8075.0546803575,8600.3319900338,7466.85820266927,7786.36159641256
84327.8678021894,0.571854371470122,-0.32694216423475,-0.729247683450931,-0.185173473417386,4406.03699957431,4909.8304942063,-1813.43716369619,8078.76800867678,8604.68528201316,7462.28364045714,7782.26369809413
84349.067869515,0.575694102534414,-0.320133723508859,-0.726998628779383,-0.193813552499161,4448.94247286088,4924.32631033426,-1657.52547941314,8082.60760655871,8609.18706208053,7457.55581966324,7778.02366490578
84370.2679368406,0.579454216267184,-0.313277317145357,-0.724646306468214,-0.20242989980328,4489.35530684256,4936.06314271551,-1500.6825133247,8086.57833460223,8613.8295268141,7452.68086351491,7773.63933148409
84391.4680041662,0.583134059504606,-0.306373903562488,-0.722190939877297,-0.211021198510265,4527.25118723155,4945.03257713292,-1342.99582723771,8090.68359588508,8618.6032646288,7447.66659079987,7769.1101268269
84412.6680714918,0.586732991427762,-0.299424453513545,-0.719632770391896,-0.219586131589472,4562.60722222112,4951.2277874537,-1184.5535870038,8094.92509340817,8623.49732964769,7442.52249285981,7764.43725758104
84433.8681388174,0.590250383703459,-0.292429950070942,-0.716972057528452,-0.228123382323786,4595.40196041594,4954.64354414951,-1025.4445099083,8099.30263372046,8628.49938274703,7437.25964237838,7759.62383690527
84455.068206143,0.593685620585837,-0.285391388565597,-0.714209079076034,-0.236631634841101,4625.61540784035,4955.27622173365,-865.757811385709,8103.81399268042,8633.59589763519,7431.89053303727,7754.67494620705
84476.2682734686,0.597038098989336,-0.278309776469864,-0.711344131273259,-0.245109574638744,4653.22904399973,4953.12380509764,-705.583151105074,8108.45485569907,8638.77242424317,7426.42885474052,7749.5976213881
84497.4683407942,0.600307228547201,-0.271186133216204,-0.708377529015772,-0.253555889087063,4678.22583697121,4948.18589473109,-545.010578469999,8113.21883951683,8644.01389644199,7420.88921474725,7744.40076088656
84518.6684081198,0.603492431671803,-0.264021489949286,-0.70530960608483,-0.261969267900408,4700.59025750057,4940.46371080996,-384.130477579394,8118.09759617578,8649.30496692117,7415.28681992254,7739.0949591037
84539.8684754454,0.606593143632868,-0.256816889215199,-0.702140715384051,-0.270348403567316,4720.30829208403,4929.96009613983,-223.03351169658,8123.08099318608,8654.63034959467,7409.63713870558,7733.69227491645
84561.068542771,0.609608812574165,-0.249573384559218,-0.69887122925132,-0.278691991769269,4737.36745501404,4916.67951794234,-61.8105672755583,8128.15737808999,8659.97515397051,7403.95555516559,7728.20593229811
84582.2686100966,0.612538898089297,-0.242292039454606,-0.695501541065451,-0.286998732262112,4751.75679937029,4900.62806847437,99.4473024055071,8133.31472352898,8665.32537693843,7398.25672322383,7722.64925634871
84603.4686774222,0.615382876407292,-0.234973928922856,-0.692032061033845,-0.295267327438192,4763.46692693761,4881.81346447121,260.648933952534,8138.53961939366,8670.66787799724,7392.55477255553,7717.03650956102
84624.6687447478,0.6181402360626,-0.227620137278024,-0.688463220309916,-0.303496484240767,4772.48999703467,4860.24504540671,421.703110853523,8143.81761945314,8675.99056929596,7386.8630764924,7711.38255967158
84645.8688120734,0.620810479133494,-0.220231758050806,-0.684795470258514,-0.311684914067576,4778.81973423816,4835.93377056459,582.518620713225,8149.13400282902,8681.2826440216,7381.19391091422,7705.70219564289
84667.068879399,0.623393121843539,-0.21280989369383,-0.681029282235851,-0.319831332926449,4782.45143498886,4808.89221491748,743.004312670824,8154.47405733107,8686.53465019827,7375.55833778411,7700.00987537328
84688.2689467246,0.625887694898216,-0.205355655195524,-0.677165147572154,-0.327934461695928,4783.38197306772,4779.13456381119,903.069154946328,8159.82333586522,8691.73851038182,7369.966141776,7694.31950875507
84709.4690140502,0.628293743824393,-0.197870161719259,-0.673203577517573,-0.335993026400643,4781.60980393123,4746.67660645404,1062.62229246079,8165.16786944942,8696.88749232368,7364.42581843578,7688.64428845264
84730.6690813758,0.630610829307562,-0.190354540269628,-0.669145103153398,-0.344005758504993,4777.13496789724,4711.53572821244,1221.57310447513,8170.49433372416,8701.97613980036,7358.94460622246,7682.99656875844
84751.8691487014,0.632838527518344,-0.1828099253829,-0.664990275275746,-0.351971395227796,4769.95909217397,4673.73090171573,1379.83126219204,8175.79016950177,8707.00017357995,7353.52855343126,7677.38778967173
84773.0692160271,0.634976430421828,-0.17523745883692,-0.660739664258609,-0.35988867987831,4760.0853917264,4633.28267677505,1537.30678626524,8181.0436605702,8711.95637227383,7348.18261072174,7671.8284411882
84794.2692833527,0.637024146065532,-0.167638289375012,-0.656393859902208,-0.367756362212239,4747.51866897615,4590.21316912268,1693.91010416049,8186.24397376424,8716.84244190615,7342.9107404704,7666.32806152201
84815.4693506782,0.638981298843709,-0.160013572438316,-0.651953471271414,-0.37557319880509,4732.2653123324,4544.54604798001,1849.55210731259,8191.38116730638,8721.65688169389,7337.71603518615,7660.89526248721
84836.6694180039,0.640847529737387,-0.152364469901537,-0.647419126527677,-0.383337953439589,4714.33329355311,4496.30652246397,2004.14420802309,8196.44617373299,8726.39885200464,7332.60083853228,7655.53777537436
84857.8694853294,0.64262249653066,-0.144692149807848,-0.642791472756737,-0.391049397503578,4693.7321639376,4445.52132684342,2157.59839604366,8201.43076352622,8731.06804893279,7327.56686389559,7650.2625111884
84879.069552655,0.644305874004564,-0.136997786099628,-0.638071175793319,-0.398706310394942,4670.4730493531,4392.21870465857,2309.8272947905,8206.32749503292,8735.66458853423,7322.61530678999,7645.07562989785
84900.2696199807,0.645897354110291,-0.129282558342636,-0.633258920043261,-0.40630747993035,4644.56864409943,4336.42839171822,2460.7442171357,8211.12965551589,8740.18890255815,7317.74694858556,7639.98261424455
84921.4696873062,0.647396646123622,-0.121547651442083,-0.62835540830292,-0.413851702755068,4616.03320361777,4278.18159799107,2610.26322072251,8215.83119736602,8744.64164654183,7312.96225006833,7634.9883445735
84942.6697546318,0.648803476782468,-0.113794255349769,-0.623361361575351,-0.421337784751496,4584.88253605108,4217.51098840874,2758.29916275169,8220.42667269069,8749.02362039022,7308.26143414558,7630.09717199477
84963.8698219575,0.650117590409206,-0.106023564762022,-0.618277518882517,-0.428764541444557,4551.1339926651,4154.45066259998,2904.76775418766,8224.91116873904,8753.33570102568,7303.64455762569,7625.31298794277
84985.0698892831,0.651338749019302,-0.0982367788086083,-0.613104637072755,-0.436130798402458,4514.80645714076,4089.03613357646,3049.58561333377,8229.28024596169,8757.57878633442,7299.11157244024,7620.63928883362
85006.2699566087,0.652466732417452,-0.0904351007330888,-0.607843490622673,-0.44343539163167,4475.92033374991,4021.30430539226,3192.67031872724,8233.52987994096,8761.75374942014,7294.66237696992,7616.07923503753
85027.4700239343,0.653501338282226,-0.0826197375652756,-0.602494871432773,-0.450677167965264,4434.49753442811,3951.29344980027,3333.94046130579,8237.65640797234,8765.8614020702,7290.29685831079,7611.63570378485
85048.6700912599,0.654442382239972,-0.0747918997865894,-0.597059588616155,-0.457854985443963,4390.56146475948,3879.04318193004,3473.31569579884,8241.65648071838,8769.90246631483,7286.01492640482,7607.31133592794
85069.8701585855,0.655289697928563,-0.0669528009891516,-0.591538468279817,-0.464967713689422,4344.13700889003,3804.59443501262,3610.71679129799,8245.52701908314,8773.87755299111,7281.81654097925,7603.10857669899
85091.0702259111,0.656043137051388,-0.0591036575294715,-0.585932353298141,-0.472014234269386,4295.25051338707,3727.98943417921,3746.06568096274,8249.26517625482,8777.78714629098,7277.70173221514,7599.02971075356
85112.2702932367,0.656702569421866,-0.051245688177566,-0.580242103078314,-0.47899344105445,4243.92977006377,3649.27166936131,3879.28551081904,8252.86830472264,8781.63159336111,7273.67061601229,7595.07689188461
85133.4703605623,0.657267882998661,-0.0433801137623218,-0.57446859331751,-0.485904240566212,4190.20399778907,3568.48586732094,4010.3006876098,8256.33392798089,8785.41109812074,7269.72340464619,7591.25216784601
85154.6704278879,0.657738983911727,-0.0355081568138633,-0.568612715751774,-0.492745552316653,4134.10382330405,3485.67796284059,4139.03692565837,8259.65971657515,8789.12571856414,7265.86041353387,7587.55750074704
